"anio","H_LEC","SEXO","NIVEL","COND_ACT","EDAD","P26","P3_1","P3_2","P3_3","P3_4","P3_5","P5","P6_1","P6_2","P6_3","P6_4","P6_5","P11","P12_1","P12_2","P12_3","P12_4","P12_5","P12_6","P12_7","P12_8","P17","P18_1","P18_2","P18_3","P18_4","P18_5","P25"
"2022",3,1,6,1,51,20,2,2,2,2,1,0,0,0,0,0,0,0,0,0,0,0,0,0,0,0,0,0,0,0,0,0,4
"2022",4,2,2,7,73,0,2,2,2,2,2,0,0,0,0,0,0,0,0,0,0,0,0,0,0,0,0,0,0,0,0,0,0
"2022",3,1,3,1,52,15,2,2,2,2,1,0,0,0,0,0,0,0,0,0,0,0,0,0,0,0,0,0,0,0,0,0,4
"2022",3,2,3,1,35,20,2,2,2,2,1,0,0,0,0,0,0,0,0,0,0,0,0,0,0,0,0,0,0,0,0,0,2
"2022",3,2,4,7,28,20,2,2,2,2,1,0,0,0,0,0,0,0,0,0,0,0,0,0,0,0,0,0,0,0,0,0,2
"2022",2,2,2,7,41,0,2,2,2,2,2,0,0,0,0,0,0,0,0,0,0,0,0,0,0,0,0,0,0,0,0,0,0
"2022",4,1,3,1,44,0,2,2,2,2,2,0,0,0,0,0,0,0,0,0,0,0,0,0,0,0,0,0,0,0,0,0,0
"2022",4,1,2,1,69,0,2,2,2,2,2,0,0,0,0,0,0,0,0,0,0,0,0,0,0,0,0,0,0,0,0,0,0
"2022",1,1,4,1,45,20,1,1,1,2,1,4,2,2,2,1,2,4,1,2,2,2,2,2,2,1,4,1,1,1,1,1,4
"2022",1,2,4,7,23,60,2,2,2,2,1,0,0,0,0,0,0,0,0,0,0,0,0,0,0,0,0,0,0,0,0,0,4
"2022",1,2,4,7,47,20,1,2,2,2,1,4,2,2,1,2,2,0,0,0,0,0,0,0,0,0,0,0,0,0,0,0,3
"2022",1,2,4,6,20,30,1,2,2,2,1,2,2,1,2,2,2,0,0,0,0,0,0,0,0,0,0,0,0,0,0,0,2
"2022",1,1,7,1,45,40,2,2,1,2,1,0,0,0,0,0,0,0,0,0,0,0,0,0,0,0,3,1,1,2,2,1,3
"2022",4,2,3,1,42,0,2,2,2,2,2,0,0,0,0,0,0,0,0,0,0,0,0,0,0,0,0,0,0,0,0,0,0
"2022",1,1,4,1,39,40,2,2,1,2,1,0,0,0,0,0,0,0,0,0,0,0,0,0,0,0,3,2,1,2,2,1,1
"2022",1,1,7,1,70,90,1,1,2,2,1,1,2,1,2,2,2,4,2,2,1,2,2,2,1,2,0,0,0,0,0,0,3
"2022",3,2,3,7,29,20,2,2,2,2,1,0,0,0,0,0,0,0,0,0,0,0,0,0,0,0,0,0,0,0,0,0,4
"2022",4,2,3,1,54,0,2,2,2,2,2,0,0,0,0,0,0,0,0,0,0,0,0,0,0,0,0,0,0,0,0,0,0
"2022",3,2,4,1,37,15,2,2,2,2,1,0,0,0,0,0,0,0,0,0,0,0,0,0,0,0,0,0,0,0,0,0,4
"2022",1,2,7,8,53,30,1,2,2,2,1,4,2,2,2,1,2,0,0,0,0,0,0,0,0,0,0,0,0,0,0,0,4
"2022",3,1,3,4,55,20,2,2,2,2,1,0,0,0,0,0,0,0,0,0,0,0,0,0,0,0,0,0,0,0,0,0,4
"2022",4,1,5,1,46,0,2,2,2,2,2,0,0,0,0,0,0,0,0,0,0,0,0,0,0,0,0,0,0,0,0,0,0
"2022",4,1,4,1,32,0,2,2,2,2,2,0,0,0,0,0,0,0,0,0,0,0,0,0,0,0,0,0,0,0,0,0,0
"2022",3,1,7,1,38,15,2,2,2,2,1,0,0,0,0,0,0,0,0,0,0,0,0,0,0,0,0,0,0,0,0,0,4
"2022",1,1,7,1,40,50,1,2,2,2,1,3,2,1,2,2,1,0,0,0,0,0,0,0,0,0,0,0,0,0,0,0,3
"2022",1,1,7,6,21,30,1,2,2,2,1,4,2,2,2,2,1,0,0,0,0,0,0,0,0,0,0,0,0,0,0,0,4
"2022",1,1,7,1,51,30,1,2,2,2,1,4,2,2,2,2,1,0,0,0,0,0,0,0,0,0,0,0,0,0,0,0,4
"2022",1,2,7,1,26,20,1,2,2,2,1,4,2,2,2,1,2,0,0,0,0,0,0,0,0,0,0,0,0,0,0,0,4
"2022",4,2,2,1,55,0,2,2,2,2,2,0,0,0,0,0,0,0,0,0,0,0,0,0,0,0,0,0,0,0,0,0,0
"2022",4,2,6,8,76,0,2,2,2,2,2,0,0,0,0,0,0,0,0,0,0,0,0,0,0,0,0,0,0,0,0,0,0
"2022",3,1,4,1,29,15,2,2,2,2,1,0,0,0,0,0,0,0,0,0,0,0,0,0,0,0,0,0,0,0,0,0,4
"2022",1,2,2,1,44,45,2,2,1,2,2,0,0,0,0,0,0,0,0,0,0,0,0,0,0,0,4,1,2,1,1,1,0
"2022",1,2,3,7,42,120,1,2,2,2,1,4,2,2,2,1,2,0,0,0,0,0,0,0,0,0,0,0,0,0,0,0,4
"2022",1,1,3,1,59,25,1,2,2,2,2,4,2,2,1,2,2,0,0,0,0,0,0,0,0,0,0,0,0,0,0,0,0
"2022",3,2,3,1,36,15,2,2,2,2,1,0,0,0,0,0,0,0,0,0,0,0,0,0,0,0,0,0,0,0,0,0,4
"2022",3,2,3,1,42,15,2,2,2,2,1,0,0,0,0,0,0,0,0,0,0,0,0,0,0,0,0,0,0,0,0,0,4
"2022",1,2,7,1,32,30,2,1,1,2,1,0,0,0,0,0,0,3,2,1,2,1,2,2,1,2,3,1,2,1,2,2,2
"2022",3,1,3,1,32,20,2,2,2,2,1,0,0,0,0,0,0,0,0,0,0,0,0,0,0,0,0,0,0,0,0,0,4
"2022",3,1,3,1,49,15,2,2,1,2,2,0,0,0,0,0,0,0,0,0,0,0,0,0,0,0,4,1,2,1,1,1,0
"2022",4,2,2,7,49,0,2,2,2,2,2,0,0,0,0,0,0,0,0,0,0,0,0,0,0,0,0,0,0,0,0,0,0
"2022",4,2,2,1,50,0,2,2,2,2,2,0,0,0,0,0,0,0,0,0,0,0,0,0,0,0,0,0,0,0,0,0,0
"2022",3,1,7,1,34,20,2,2,1,2,1,0,0,0,0,0,0,0,0,0,0,0,0,0,0,0,4,1,2,1,1,1,4
"2022",3,2,4,7,37,20,2,2,2,2,1,0,0,0,0,0,0,0,0,0,0,0,0,0,0,0,0,0,0,0,0,0,2
"2022",3,1,2,1,52,20,2,2,1,2,1,0,0,0,0,0,0,0,0,0,0,0,0,0,0,0,4,1,2,2,1,1,4
"2022",4,1,3,1,51,0,2,2,2,2,2,0,0,0,0,0,0,0,0,0,0,0,0,0,0,0,0,0,0,0,0,0,0
"2022",3,2,7,7,35,15,2,2,2,2,1,0,0,0,0,0,0,0,0,0,0,0,0,0,0,0,0,0,0,0,0,0,4
"2022",4,1,2,1,55,0,2,2,2,2,2,0,0,0,0,0,0,0,0,0,0,0,0,0,0,0,0,0,0,0,0,0,0
"2022",0,2,0,7,48,0,0,0,0,0,0,0,0,0,0,0,0,0,0,0,0,0,0,0,0,0,0,0,0,0,0,0,0
"2022",1,1,4,1,34,25,2,1,1,2,1,0,0,0,0,0,0,3,1,2,2,2,2,2,1,2,3,1,1,2,2,1,4
"2022",3,2,2,1,35,15,1,2,1,2,1,4,2,2,1,2,2,0,0,0,0,0,0,0,0,0,3,1,1,1,1,1,4
"2022",1,2,4,1,22,60,1,2,1,1,1,4,2,2,2,1,2,0,0,0,0,0,0,0,0,0,3,2,1,2,1,1,3
"2022",3,2,3,7,51,20,2,2,2,2,1,0,0,0,0,0,0,0,0,0,0,0,0,0,0,0,0,0,0,0,0,0,4
"2022",1,1,4,1,25,60,2,1,1,2,1,0,0,0,0,0,0,1,2,2,2,2,2,1,2,2,3,2,2,2,2,1,3
"2022",1,1,4,1,21,20,2,2,2,1,2,0,0,0,0,0,0,0,0,0,0,0,0,0,0,0,0,0,0,0,0,0,0
"2022",1,1,3,10,27,25,1,1,2,2,1,4,2,2,2,1,2,4,2,2,2,2,2,2,2,1,0,0,0,0,0,0,4
"2022",1,1,2,1,28,30,1,2,2,2,1,4,2,2,1,2,2,0,0,0,0,0,0,0,0,0,0,0,0,0,0,0,4
"2022",1,1,7,1,23,30,1,1,2,2,2,4,2,2,2,2,1,1,2,2,1,2,2,2,2,2,0,0,0,0,0,0,0
"2022",1,1,3,1,49,30,1,2,2,2,1,4,2,1,2,2,2,0,0,0,0,0,0,0,0,0,0,0,0,0,0,0,4
"2022",2,1,2,4,57,0,2,2,2,2,2,0,0,0,0,0,0,0,0,0,0,0,0,0,0,0,0,0,0,0,0,0,0
"2022",4,1,2,1,36,0,2,2,2,2,2,0,0,0,0,0,0,0,0,0,0,0,0,0,0,0,0,0,0,0,0,0,0
"2022",3,1,4,1,24,10,2,2,2,2,1,0,0,0,0,0,0,0,0,0,0,0,0,0,0,0,0,0,0,0,0,0,3
"2022",2,1,4,1,45,0,2,2,2,2,2,0,0,0,0,0,0,0,0,0,0,0,0,0,0,0,0,0,0,0,0,0,0
"2022",1,2,7,1,38,60,1,2,2,2,1,2,2,1,2,2,2,0,0,0,0,0,0,0,0,0,0,0,0,0,0,0,2
"2022",1,1,7,1,37,15,1,1,2,1,1,4,2,2,1,2,2,4,2,2,2,2,2,2,2,1,0,0,0,0,0,0,4
"2022",1,1,3,10,69,90,1,1,2,2,1,3,2,2,2,2,1,3,2,2,2,2,2,2,1,2,0,0,0,0,0,0,3
"2022",1,2,4,1,27,40,1,1,1,2,1,3,2,1,2,2,2,4,2,2,2,1,2,2,2,2,3,1,1,1,1,1,3
"2022",1,1,2,1,45,30,1,1,1,2,2,4,2,2,2,1,2,4,2,2,2,2,2,2,2,1,3,1,1,2,2,1,0
"2022",4,1,2,7,72,0,2,2,2,2,2,0,0,0,0,0,0,0,0,0,0,0,0,0,0,0,0,0,0,0,0,0,0
"2022",3,1,2,1,37,7,2,1,2,2,1,0,0,0,0,0,0,4,2,2,2,2,1,2,2,2,0,0,0,0,0,0,3
"2022",1,2,4,7,34,20,1,1,2,2,1,2,1,2,2,2,2,4,2,2,2,2,2,2,2,1,0,0,0,0,0,0,4
"2022",1,2,2,7,22,30,1,2,2,2,1,6,2,1,2,2,2,0,0,0,0,0,0,0,0,0,0,0,0,0,0,0,4
"2022",1,2,2,1,29,30,1,1,2,2,2,1,1,2,2,2,2,4,2,2,2,2,2,2,2,1,0,0,0,0,0,0,0
"2022",1,1,3,1,22,10,2,1,2,2,1,0,0,0,0,0,0,3,2,2,1,2,2,2,2,2,0,0,0,0,0,0,1
"2022",4,1,2,3,46,0,2,2,2,2,2,0,0,0,0,0,0,0,0,0,0,0,0,0,0,0,0,0,0,0,0,0,0
"2022",1,1,4,1,42,30,2,1,2,2,2,0,0,0,0,0,0,3,2,1,2,2,2,2,2,2,0,0,0,0,0,0,0
"2022",1,2,3,1,68,45,1,2,2,2,1,1,1,1,2,2,2,0,0,0,0,0,0,0,0,0,0,0,0,0,0,0,3
"2022",1,2,7,3,28,30,1,2,2,1,1,4,2,2,2,1,2,0,0,0,0,0,0,0,0,0,0,0,0,0,0,0,4
"2022",3,2,2,1,26,15,2,1,2,2,2,0,0,0,0,0,0,4,2,2,2,2,2,2,2,1,0,0,0,0,0,0,0
"2022",4,1,2,9,88,0,2,2,2,2,2,0,0,0,0,0,0,0,0,0,0,0,0,0,0,0,0,0,0,0,0,0,0
"2022",1,1,4,1,24,60,1,2,2,1,1,1,1,2,2,2,2,0,0,0,0,0,0,0,0,0,0,0,0,0,0,0,3
"2022",3,2,3,1,42,15,2,1,2,2,2,0,0,0,0,0,0,4,2,2,1,2,2,2,2,2,0,0,0,0,0,0,0
"2022",4,2,4,7,25,0,2,2,2,2,2,0,0,0,0,0,0,0,0,0,0,0,0,0,0,0,0,0,0,0,0,0,0
"2022",3,2,4,7,34,15,2,2,2,2,1,0,0,0,0,0,0,0,0,0,0,0,0,0,0,0,0,0,0,0,0,0,4
"2022",1,1,7,1,60,60,2,2,2,2,1,0,0,0,0,0,0,0,0,0,0,0,0,0,0,0,0,0,0,0,0,0,3
"2022",1,2,3,7,36,30,1,1,2,2,1,4,2,2,2,2,1,3,2,2,2,2,2,1,2,2,0,0,0,0,0,0,4
"2022",3,2,3,1,36,30,2,2,2,2,1,0,0,0,0,0,0,0,0,0,0,0,0,0,0,0,0,0,0,0,0,0,4
"2022",1,1,7,1,28,40,1,2,2,2,1,1,2,1,2,2,2,0,0,0,0,0,0,0,0,0,0,0,0,0,0,0,3
"2022",4,2,7,8,81,0,2,2,2,2,2,0,0,0,0,0,0,0,0,0,0,0,0,0,0,0,0,0,0,0,0,0,0
"2022",1,2,3,1,43,20,1,2,2,2,1,3,2,2,2,1,2,0,0,0,0,0,0,0,0,0,0,0,0,0,0,0,3
"2022",1,1,2,1,57,20,1,2,2,2,2,5,2,2,1,2,2,0,0,0,0,0,0,0,0,0,0,0,0,0,0,0,0
"2022",1,2,4,1,53,40,1,1,2,2,2,3,2,1,2,1,2,3,2,2,2,1,2,1,2,2,0,0,0,0,0,0,0
"2022",3,2,6,8,71,20,2,1,2,2,2,0,0,0,0,0,0,5,2,2,2,2,1,2,2,2,0,0,0,0,0,0,0
"2022",1,2,7,1,40,30,1,2,2,2,1,3,2,2,2,2,1,0,0,0,0,0,0,0,0,0,0,0,0,0,0,0,3
"2022",1,2,6,7,69,50,1,1,2,2,2,3,2,1,2,2,2,3,2,2,2,2,2,1,2,2,0,0,0,0,0,0,0
"2022",3,2,7,1,36,60,2,2,2,2,1,0,0,0,0,0,0,0,0,0,0,0,0,0,0,0,0,0,0,0,0,0,4
"2022",3,1,7,1,50,30,1,2,2,2,2,3,2,2,1,2,2,0,0,0,0,0,0,0,0,0,0,0,0,0,0,0,0
"2022",4,1,2,8,76,0,2,2,2,2,2,0,0,0,0,0,0,0,0,0,0,0,0,0,0,0,0,0,0,0,0,0,0
"2022",1,1,7,6,21,60,1,2,2,2,1,2,2,2,2,1,1,0,0,0,0,0,0,0,0,0,0,0,0,0,0,0,4
"2022",4,2,3,7,73,0,2,2,2,2,2,0,0,0,0,0,0,0,0,0,0,0,0,0,0,0,0,0,0,0,0,0,0
"2022",1,2,7,1,21,20,1,2,2,2,1,3,2,2,2,1,2,0,0,0,0,0,0,0,0,0,0,0,0,0,0,0,3
"2022",4,1,2,1,56,0,2,2,2,2,2,0,0,0,0,0,0,0,0,0,0,0,0,0,0,0,0,0,0,0,0,0,0
"2022",1,2,2,1,53,15,2,1,2,2,2,0,0,0,0,0,0,3,2,2,1,2,1,2,2,2,0,0,0,0,0,0,0
"2022",4,1,4,1,30,0,2,2,2,2,2,0,0,0,0,0,0,0,0,0,0,0,0,0,0,0,0,0,0,0,0,0,0
"2022",1,1,7,1,22,45,1,2,2,2,1,3,2,2,1,1,2,0,0,0,0,0,0,0,0,0,0,0,0,0,0,0,4
"2022",4,2,4,7,33,0,2,2,2,2,2,0,0,0,0,0,0,0,0,0,0,0,0,0,0,0,0,0,0,0,0,0,0
"2022",1,1,7,6,25,35,1,2,2,2,1,2,2,1,2,2,2,0,0,0,0,0,0,0,0,0,0,0,0,0,0,0,2
"2022",1,1,8,8,74,35,1,2,2,2,2,3,2,2,2,2,1,0,0,0,0,0,0,0,0,0,0,0,0,0,0,0,0
"2022",1,2,7,1,25,40,1,2,2,2,2,4,2,2,2,1,2,0,0,0,0,0,0,0,0,0,0,0,0,0,0,0,0
"2022",3,2,4,7,31,30,2,2,2,2,1,0,0,0,0,0,0,0,0,0,0,0,0,0,0,0,0,0,0,0,0,0,4
"2022",1,2,7,7,26,40,2,1,2,2,1,0,0,0,0,0,0,3,2,2,2,2,2,1,2,2,0,0,0,0,0,0,2
"2022",1,2,3,1,30,10,2,1,1,2,1,0,0,0,0,0,0,4,2,2,1,2,2,2,2,2,6,2,2,2,2,1,3
"2022",1,2,8,1,38,40,1,1,1,2,1,3,2,2,2,1,2,1,2,1,2,2,2,2,2,2,1,1,2,2,2,2,3
"2022",1,1,4,1,41,20,2,2,2,2,1,0,0,0,0,0,0,0,0,0,0,0,0,0,0,0,0,0,0,0,0,0,2
"2022",1,1,7,1,36,20,2,1,2,2,2,0,0,0,0,0,0,1,2,2,1,2,2,2,2,2,0,0,0,0,0,0,0
"2022",1,2,7,1,53,45,1,1,1,2,2,3,2,2,2,1,2,4,2,2,1,1,2,2,2,2,3,1,2,1,2,1,0
"2022",1,2,3,1,52,20,2,1,2,2,2,0,0,0,0,0,0,4,2,2,2,1,2,1,2,2,0,0,0,0,0,0,0
"2022",1,1,7,1,46,35,1,1,2,2,1,4,2,2,2,1,2,3,2,2,1,1,2,2,2,2,0,0,0,0,0,0,4
"2022",1,2,7,7,36,40,1,1,2,2,2,3,2,2,1,2,2,3,2,2,1,2,2,1,2,2,0,0,0,0,0,0,0
"2022",1,2,7,1,29,40,1,1,2,2,2,2,2,1,2,2,2,2,2,2,2,2,2,1,2,2,0,0,0,0,0,0,0
"2022",1,1,7,8,71,20,2,2,1,2,2,0,0,0,0,0,0,0,0,0,0,0,0,0,0,0,4,1,1,2,2,1,0
"2022",1,1,7,1,45,40,1,2,2,2,2,3,2,2,2,1,2,0,0,0,0,0,0,0,0,0,0,0,0,0,0,0,0
"2022",1,2,7,1,27,45,1,2,2,2,1,1,2,1,2,2,2,0,0,0,0,0,0,0,0,0,0,0,0,0,0,0,1
"2022",4,2,3,7,44,0,2,2,2,2,2,0,0,0,0,0,0,0,0,0,0,0,0,0,0,0,0,0,0,0,0,0,0
"2022",1,2,3,7,18,60,2,1,1,2,2,0,0,0,0,0,0,4,2,2,1,2,2,2,2,1,4,2,2,1,1,2,0
"2022",1,1,3,1,35,60,1,2,2,2,2,2,2,1,2,2,2,0,0,0,0,0,0,0,0,0,0,0,0,0,0,0,0
"2022",1,2,3,1,31,30,2,1,2,2,2,0,0,0,0,0,0,3,2,2,2,2,2,2,1,2,0,0,0,0,0,0,0
"2022",4,1,4,1,43,0,2,2,2,2,2,0,0,0,0,0,0,0,0,0,0,0,0,0,0,0,0,0,0,0,0,0,0
"2022",3,1,6,1,24,5,2,2,2,2,1,0,0,0,0,0,0,0,0,0,0,0,0,0,0,0,0,0,0,0,0,0,4
"2022",1,2,6,1,51,30,1,1,1,2,1,4,2,2,1,2,2,1,2,1,2,2,2,1,2,2,1,1,2,2,1,1,1
"2022",1,1,2,1,62,30,1,2,2,2,2,1,2,1,2,2,2,0,0,0,0,0,0,0,0,0,0,0,0,0,0,0,0
"2022",1,2,8,1,54,15,2,2,1,2,1,0,0,0,0,0,0,0,0,0,0,0,0,0,0,0,3,1,1,1,1,1,3
"2022",1,2,7,8,79,60,1,1,1,2,2,4,1,2,2,1,2,4,2,1,2,2,2,2,2,2,3,1,1,1,1,1,0
"2022",1,2,7,1,40,60,1,2,1,2,1,4,2,2,2,1,2,0,0,0,0,0,0,0,0,0,3,1,1,2,2,2,4
"2022",3,1,4,4,38,20,2,2,2,2,1,0,0,0,0,0,0,0,0,0,0,0,0,0,0,0,0,0,0,0,0,0,3
"2022",1,1,8,1,35,240,1,1,1,1,1,1,2,1,2,2,2,1,2,2,2,2,2,1,2,2,3,1,1,2,2,1,4
"2022",1,1,7,1,66,90,1,2,2,2,1,4,2,2,1,1,2,0,0,0,0,0,0,0,0,0,0,0,0,0,0,0,3
"2022",1,2,3,1,55,30,1,2,1,2,2,4,2,2,2,1,2,0,0,0,0,0,0,0,0,0,4,2,2,1,1,2,0
"2022",1,2,5,7,69,60,2,1,1,2,1,0,0,0,0,0,0,3,2,2,2,2,2,2,1,2,3,1,2,1,1,1,4
"2022",4,2,99,7,46,0,2,2,2,2,2,0,0,0,0,0,0,0,0,0,0,0,0,0,0,0,0,0,0,0,0,0,0
"2022",1,2,2,8,70,60,1,1,2,2,2,5,2,2,1,2,2,5,2,2,2,2,1,2,1,2,0,0,0,0,0,0,0
"2022",1,2,7,1,40,30,2,1,2,2,1,0,0,0,0,0,0,4,2,2,1,2,2,2,2,2,0,0,0,0,0,0,1
"2022",1,2,2,7,64,30,2,1,2,2,1,0,0,0,0,0,0,4,2,2,2,2,2,2,2,1,0,0,0,0,0,0,4
"2022",1,1,3,1,53,60,1,1,1,2,2,3,2,2,1,2,2,4,1,2,2,2,1,2,2,2,4,1,1,1,1,1,0
"2022",1,2,8,1,40,80,1,2,2,2,1,1,2,1,2,1,2,0,0,0,0,0,0,0,0,0,0,0,0,0,0,0,1
"2022",1,1,8,1,36,20,1,2,2,2,1,1,2,1,2,2,2,0,0,0,0,0,0,0,0,0,0,0,0,0,0,0,4
"2022",0,2,0,7,88,0,0,0,0,0,0,0,0,0,0,0,0,0,0,0,0,0,0,0,0,0,0,0,0,0,0,0,0
"2022",1,1,7,1,23,50,1,1,2,1,1,4,2,2,2,2,1,3,2,2,2,2,2,2,1,2,0,0,0,0,0,0,4
"2022",2,2,2,7,78,0,2,2,2,2,2,0,0,0,0,0,0,0,0,0,0,0,0,0,0,0,0,0,0,0,0,0,0
"2022",1,1,7,1,54,30,2,1,1,2,1,0,0,0,0,0,0,3,2,2,2,2,2,1,2,2,3,1,2,2,1,2,3
"2022",3,2,7,7,40,15,2,2,1,2,2,0,0,0,0,0,0,0,0,0,0,0,0,0,0,0,3,1,1,1,1,1,0
"2022",1,1,3,1,30,40,1,1,2,2,2,4,2,2,2,1,2,4,2,2,2,2,1,1,2,2,0,0,0,0,0,0,0
"2022",3,1,3,1,32,15,2,2,1,2,2,0,0,0,0,0,0,0,0,0,0,0,0,0,0,0,3,2,2,2,2,1,0
"2022",3,2,2,3,56,20,2,2,2,2,1,0,0,0,0,0,0,0,0,0,0,0,0,0,0,0,0,0,0,0,0,0,4
"2022",1,2,7,4,22,60,2,2,1,2,1,0,0,0,0,0,0,0,0,0,0,0,0,0,0,0,3,2,2,1,1,1,4
"2022",1,1,7,8,82,15,1,2,1,2,2,3,2,2,2,2,1,0,0,0,0,0,0,0,0,0,3,1,2,2,1,1,0
"2022",1,1,7,1,54,30,1,1,1,2,1,4,2,2,2,1,2,4,2,2,2,2,2,1,2,2,3,1,1,1,2,1,3
"2022",1,1,8,8,81,120,1,1,2,2,2,4,2,2,2,2,1,4,2,1,2,2,2,2,1,2,0,0,0,0,0,0,0
"2022",4,2,3,1,25,0,2,2,2,2,2,0,0,0,0,0,0,0,0,0,0,0,0,0,0,0,0,0,0,0,0,0,0
"2022",4,2,3,7,40,0,2,2,2,2,2,0,0,0,0,0,0,0,0,0,0,0,0,0,0,0,0,0,0,0,0,0,0
"2022",1,2,4,1,20,60,2,2,1,2,1,0,0,0,0,0,0,0,0,0,0,0,0,0,0,0,3,1,2,1,1,1,4
"2022",2,2,6,6,22,0,2,2,2,2,2,0,0,0,0,0,0,0,0,0,0,0,0,0,0,0,0,0,0,0,0,0,0
"2022",1,1,7,1,23,15,2,1,1,2,2,0,0,0,0,0,0,3,2,2,2,2,2,2,2,1,3,2,2,1,2,1,0
"2022",3,1,4,1,55,30,2,2,1,2,1,0,0,0,0,0,0,0,0,0,0,0,0,0,0,0,3,2,1,2,1,1,4
"2022",3,1,3,7,25,60,2,2,2,1,1,0,0,0,0,0,0,0,0,0,0,0,0,0,0,0,0,0,0,0,0,0,4
"2022",2,2,3,7,60,0,2,2,2,2,2,0,0,0,0,0,0,0,0,0,0,0,0,0,0,0,0,0,0,0,0,0,0
"2022",3,1,4,4,30,10,2,2,2,2,1,0,0,0,0,0,0,0,0,0,0,0,0,0,0,0,0,0,0,0,0,0,3
"2022",1,2,9,1,42,90,1,1,1,1,1,1,2,1,1,2,1,2,2,2,2,2,2,1,2,2,3,1,2,1,1,1,1
"2022",1,2,2,7,69,30,1,1,2,2,2,5,2,2,1,2,2,4,2,2,2,2,2,2,2,1,0,0,0,0,0,0,0
"2022",1,1,7,6,21,30,1,2,2,2,1,2,2,1,2,2,2,0,0,0,0,0,0,0,0,0,0,0,0,0,0,0,4
"2022",1,2,3,1,31,20,1,2,1,2,1,4,2,2,2,1,2,0,0,0,0,0,0,0,0,0,3,1,1,1,1,1,4
"2022",4,2,3,1,36,0,2,2,2,2,2,0,0,0,0,0,0,0,0,0,0,0,0,0,0,0,0,0,0,0,0,0,0
"2022",1,1,3,1,48,20,1,2,1,1,2,1,1,2,2,2,2,0,0,0,0,0,0,0,0,0,3,2,1,1,2,1,0
"2022",1,2,3,3,25,10,2,2,2,2,1,0,0,0,0,0,0,0,0,0,0,0,0,0,0,0,0,0,0,0,0,0,5
"2022",1,2,7,1,43,10,1,2,1,2,2,4,2,2,2,2,1,0,0,0,0,0,0,0,0,0,3,2,1,1,1,2,0
"2022",4,2,6,1,45,0,2,2,2,2,2,0,0,0,0,0,0,0,0,0,0,0,0,0,0,0,0,0,0,0,0,0,0
"2022",1,2,4,1,28,10,2,1,2,2,1,0,0,0,0,0,0,4,2,2,2,2,2,2,2,1,0,0,0,0,0,0,3
"2022",1,2,7,1,43,10,2,2,2,2,1,0,0,0,0,0,0,0,0,0,0,0,0,0,0,0,0,0,0,0,0,0,3
"2022",1,1,4,1,37,10,2,1,1,2,1,0,0,0,0,0,0,1,2,2,2,2,2,1,2,2,3,2,1,1,2,1,3
"2022",1,2,7,1,47,60,1,2,2,2,1,3,2,2,2,2,1,0,0,0,0,0,0,0,0,0,0,0,0,0,0,0,3
"2022",1,2,7,1,23,20,1,2,1,2,1,4,2,2,2,1,2,0,0,0,0,0,0,0,0,0,1,2,1,2,2,2,1
"2022",1,2,2,1,47,30,1,1,2,2,2,5,2,2,1,2,2,3,2,2,2,2,2,2,1,1,0,0,0,0,0,0,0
"2022",1,1,7,8,61,30,1,1,1,2,1,3,2,2,1,1,2,3,2,2,2,1,2,2,2,2,3,1,1,2,2,2,3
"2022",1,2,2,1,64,30,2,2,2,2,1,0,0,0,0,0,0,0,0,0,0,0,0,0,0,0,0,0,0,0,0,0,4
"2022",1,2,4,7,24,20,2,2,2,2,1,0,0,0,0,0,0,0,0,0,0,0,0,0,0,0,0,0,0,0,0,0,4
"2022",1,1,2,1,50,30,1,2,2,2,2,5,2,2,1,2,2,0,0,0,0,0,0,0,0,0,0,0,0,0,0,0,0
"2022",1,1,4,1,48,30,1,2,2,2,2,5,2,2,1,2,2,0,0,0,0,0,0,0,0,0,0,0,0,0,0,0,0
"2022",1,2,7,1,37,20,1,2,2,2,1,4,2,2,1,2,2,0,0,0,0,0,0,0,0,0,0,0,0,0,0,0,4
"2022",4,2,6,7,62,0,2,2,2,2,2,0,0,0,0,0,0,0,0,0,0,0,0,0,0,0,0,0,0,0,0,0,0
"2022",1,2,6,7,70,60,1,2,2,2,2,4,2,2,2,1,2,0,0,0,0,0,0,0,0,0,0,0,0,0,0,0,0
"2022",3,2,7,1,40,10,2,2,1,2,1,0,0,0,0,0,0,0,0,0,0,0,0,0,0,0,3,1,2,2,2,2,3
"2022",1,1,3,1,21,60,1,1,1,1,1,4,2,2,2,2,1,4,1,2,2,2,2,2,2,2,3,1,1,1,1,1,4
"2022",1,1,3,4,59,20,2,1,1,2,1,0,0,0,0,0,0,1,2,1,2,2,2,2,2,2,3,1,1,2,1,1,1
"2022",1,2,3,7,38,10,2,2,1,2,2,0,0,0,0,0,0,0,0,0,0,0,0,0,0,0,3,2,2,1,2,1,0
"2022",1,1,2,8,73,15,1,2,2,2,2,4,2,1,2,2,2,0,0,0,0,0,0,0,0,0,0,0,0,0,0,0,0
"2022",1,1,7,1,35,40,1,2,2,2,1,3,2,2,1,2,2,0,0,0,0,0,0,0,0,0,0,0,0,0,0,0,2
"2022",4,2,6,1,38,0,2,2,2,2,2,0,0,0,0,0,0,0,0,0,0,0,0,0,0,0,0,0,0,0,0,0,0
"2022",1,1,7,1,46,60,1,2,2,2,1,3,2,2,1,2,2,0,0,0,0,0,0,0,0,0,0,0,0,0,0,0,1
"2022",1,2,7,1,49,60,1,1,2,1,1,4,2,2,2,2,1,4,2,2,2,2,2,2,2,1,0,0,0,0,0,0,4
"2022",1,2,7,1,66,45,2,2,2,2,1,0,0,0,0,0,0,0,0,0,0,0,0,0,0,0,0,0,0,0,0,0,1
"2022",1,1,3,1,29,30,1,2,1,2,1,3,2,1,1,2,2,0,0,0,0,0,0,0,0,0,3,1,1,2,2,1,3
"2022",1,2,4,1,21,30,1,2,1,2,1,4,2,2,2,1,2,0,0,0,0,0,0,0,0,0,3,2,1,1,1,1,4
"2022",1,2,4,1,55,60,2,2,2,2,1,0,0,0,0,0,0,0,0,0,0,0,0,0,0,0,0,0,0,0,0,0,4
"2022",1,1,4,1,46,10,2,2,1,2,2,0,0,0,0,0,0,0,0,0,0,0,0,0,0,0,3,2,2,2,2,1,0
"2022",0,2,0,7,64,0,0,0,0,0,0,0,0,0,0,0,0,0,0,0,0,0,0,0,0,0,0,0,0,0,0,0,0
"2022",1,1,7,8,67,30,2,1,2,2,2,0,0,0,0,0,0,3,2,2,2,2,1,2,1,1,0,0,0,0,0,0,0
"2022",4,1,4,8,66,0,2,2,2,2,2,0,0,0,0,0,0,0,0,0,0,0,0,0,0,0,0,0,0,0,0,0,0
"2022",4,2,2,4,30,0,2,2,2,2,2,0,0,0,0,0,0,0,0,0,0,0,0,0,0,0,0,0,0,0,0,0,0
"2022",1,1,7,1,35,25,1,2,1,2,2,3,2,2,2,1,2,0,0,0,0,0,0,0,0,0,3,1,1,1,1,2,0
"2022",1,2,7,1,25,45,1,1,2,2,1,1,1,1,1,1,2,1,2,1,2,2,2,1,2,2,0,0,0,0,0,0,1
"2022",1,1,7,1,26,60,1,2,2,2,2,4,2,2,1,2,1,0,0,0,0,0,0,0,0,0,0,0,0,0,0,0,0
"2022",4,2,4,7,52,0,2,2,2,2,2,0,0,0,0,0,0,0,0,0,0,0,0,0,0,0,0,0,0,0,0,0,0
"2022",1,2,7,1,36,30,1,2,2,2,1,3,2,1,2,2,2,0,0,0,0,0,0,0,0,0,0,0,0,0,0,0,1
"2022",1,2,7,5,40,45,1,1,2,2,2,1,1,1,2,2,2,3,2,1,2,2,2,2,1,2,0,0,0,0,0,0,0
"2022",4,2,0,4,53,0,2,2,2,2,2,0,0,0,0,0,0,0,0,0,0,0,0,0,0,0,0,0,0,0,0,0,0
"2022",1,2,4,8,74,60,1,2,2,2,2,4,2,1,1,1,2,0,0,0,0,0,0,0,0,0,0,0,0,0,0,0,0
"2022",4,2,6,7,59,0,2,2,2,2,2,0,0,0,0,0,0,0,0,0,0,0,0,0,0,0,0,0,0,0,0,0,0
"2022",4,2,2,7,57,0,2,2,2,2,2,0,0,0,0,0,0,0,0,0,0,0,0,0,0,0,0,0,0,0,0,0,0
"2022",4,2,3,4,21,0,2,2,2,2,2,0,0,0,0,0,0,0,0,0,0,0,0,0,0,0,0,0,0,0,0,0,0
"2022",4,2,0,1,56,0,2,2,2,2,2,0,0,0,0,0,0,0,0,0,0,0,0,0,0,0,0,0,0,0,0,0,0
"2022",4,1,4,8,63,0,2,2,2,2,2,0,0,0,0,0,0,0,0,0,0,0,0,0,0,0,0,0,0,0,0,0,0
"2022",4,2,7,7,19,0,2,2,2,2,2,0,0,0,0,0,0,0,0,0,0,0,0,0,0,0,0,0,0,0,0,0,0
"2022",4,1,4,1,19,0,2,2,2,2,2,0,0,0,0,0,0,0,0,0,0,0,0,0,0,0,0,0,0,0,0,0,0
"2022",4,2,2,1,75,0,2,2,2,2,2,0,0,0,0,0,0,0,0,0,0,0,0,0,0,0,0,0,0,0,0,0,0
"2022",1,1,2,1,44,30,2,2,1,2,2,0,0,0,0,0,0,0,0,0,0,0,0,0,0,0,4,1,1,1,1,1,0
"2022",1,1,2,8,64,40,2,2,1,2,2,0,0,0,0,0,0,0,0,0,0,0,0,0,0,0,3,1,1,1,1,1,0
"2022",4,2,2,1,48,0,2,2,2,2,2,0,0,0,0,0,0,0,0,0,0,0,0,0,0,0,0,0,0,0,0,0,0
"2022",4,2,7,7,26,0,2,2,2,2,2,0,0,0,0,0,0,0,0,0,0,0,0,0,0,0,0,0,0,0,0,0,0
"2022",1,2,7,8,65,120,1,2,2,2,2,3,2,1,1,1,1,0,0,0,0,0,0,0,0,0,0,0,0,0,0,0,0
"2022",4,1,3,4,35,0,2,2,2,2,2,0,0,0,0,0,0,0,0,0,0,0,0,0,0,0,0,0,0,0,0,0,0
"2022",3,2,4,1,67,60,2,2,1,2,2,0,0,0,0,0,0,0,0,0,0,0,0,0,0,0,4,1,2,1,1,1,0
"2022",4,1,3,8,71,0,2,2,2,2,2,0,0,0,0,0,0,0,0,0,0,0,0,0,0,0,0,0,0,0,0,0,0
"2022",1,1,2,8,61,45,1,2,2,2,2,4,2,2,2,1,2,0,0,0,0,0,0,0,0,0,0,0,0,0,0,0,0
"2022",4,1,3,8,54,0,2,2,2,2,2,0,0,0,0,0,0,0,0,0,0,0,0,0,0,0,0,0,0,0,0,0,0
"2022",4,2,3,8,52,0,2,2,2,2,2,0,0,0,0,0,0,0,0,0,0,0,0,0,0,0,0,0,0,0,0,0,0
"2022",4,1,7,8,59,0,2,2,2,2,2,0,0,0,0,0,0,0,0,0,0,0,0,0,0,0,0,0,0,0,0,0,0
"2022",1,2,7,1,51,120,1,2,2,2,1,3,1,2,1,1,1,0,0,0,0,0,0,0,0,0,0,0,0,0,0,0,3
"2022",1,2,4,7,68,30,1,1,2,2,2,4,2,2,2,1,2,4,2,1,2,2,2,2,1,2,0,0,0,0,0,0,0
"2022",1,1,3,5,36,30,2,1,2,2,2,0,0,0,0,0,0,3,2,1,1,1,2,2,1,2,0,0,0,0,0,0,0
"2022",2,1,4,1,50,0,2,2,2,2,2,0,0,0,0,0,0,0,0,0,0,0,0,0,0,0,0,0,0,0,0,0,0
"2022",4,2,4,1,37,0,2,2,2,2,2,0,0,0,0,0,0,0,0,0,0,0,0,0,0,0,0,0,0,0,0,0,0
"2022",1,1,6,1,34,30,1,1,2,2,1,1,2,1,2,2,2,1,2,2,2,1,2,1,2,2,0,0,0,0,0,0,1
"2022",1,1,2,8,86,30,1,2,2,2,2,5,2,2,1,2,2,0,0,0,0,0,0,0,0,0,0,0,0,0,0,0,0
"2022",4,2,4,7,50,0,2,2,2,2,2,0,0,0,0,0,0,0,0,0,0,0,0,0,0,0,0,0,0,0,0,0,0
"2022",4,2,3,7,62,0,2,2,2,2,2,0,0,0,0,0,0,0,0,0,0,0,0,0,0,0,0,0,0,0,0,0,0
"2022",1,2,2,3,39,20,1,1,2,1,2,4,2,2,1,2,2,4,2,2,2,2,1,2,2,2,0,0,0,0,0,0,0
"2022",3,1,4,1,44,30,2,2,2,2,1,0,0,0,0,0,0,0,0,0,0,0,0,0,0,0,0,0,0,0,0,0,3
"2022",1,1,7,6,23,60,1,2,2,2,1,2,2,1,2,2,2,0,0,0,0,0,0,0,0,0,0,0,0,0,0,0,2
"2022",1,1,7,8,58,30,1,2,2,2,2,3,2,1,2,2,2,0,0,0,0,0,0,0,0,0,0,0,0,0,0,0,0
"2022",4,1,2,7,79,0,2,2,2,2,2,0,0,0,0,0,0,0,0,0,0,0,0,0,0,0,0,0,0,0,0,0,0
"2022",1,1,2,10,80,120,1,2,2,2,2,5,2,2,1,2,2,0,0,0,0,0,0,0,0,0,0,0,0,0,0,0,0
"2022",1,1,7,7,25,10,1,2,2,2,1,4,2,1,2,2,2,0,0,0,0,0,0,0,0,0,0,0,0,0,0,0,4
"2022",4,1,2,1,41,0,2,2,2,2,2,0,0,0,0,0,0,0,0,0,0,0,0,0,0,0,0,0,0,0,0,0,0
"2022",1,1,4,3,56,15,2,2,1,2,2,0,0,0,0,0,0,0,0,0,0,0,0,0,0,0,3,1,1,1,2,2,0
"2022",1,2,4,7,70,20,1,2,1,2,2,3,2,2,1,1,2,0,0,0,0,0,0,0,0,0,3,1,2,1,1,2,0
"2022",3,2,2,1,44,30,2,2,1,2,2,0,0,0,0,0,0,0,0,0,0,0,0,0,0,0,3,2,2,2,2,1,0
"2022",1,1,4,1,62,15,1,2,2,2,1,4,2,2,2,2,1,0,0,0,0,0,0,0,0,0,0,0,0,0,0,0,3
"2022",3,1,3,1,53,5,2,2,1,2,2,0,0,0,0,0,0,0,0,0,0,0,0,0,0,0,4,2,1,2,2,1,0
"2022",3,2,2,1,36,10,2,1,2,2,2,0,0,0,0,0,0,4,2,2,2,2,2,2,2,1,0,0,0,0,0,0,0
"2022",1,2,4,7,57,15,1,1,2,2,1,4,2,2,2,1,2,4,2,2,2,2,2,2,2,1,0,0,0,0,0,0,4
"2022",3,1,6,1,61,45,2,2,2,2,1,0,0,0,0,0,0,0,0,0,0,0,0,0,0,0,0,0,0,0,0,0,3
"2022",1,2,7,1,34,15,2,1,2,2,2,0,0,0,0,0,0,1,2,2,2,2,2,1,2,2,0,0,0,0,0,0,0
"2022",4,1,8,1,42,0,2,2,2,2,2,0,0,0,0,0,0,0,0,0,0,0,0,0,0,0,0,0,0,0,0,0,0
"2022",4,1,4,1,31,0,2,2,2,2,2,0,0,0,0,0,0,0,0,0,0,0,0,0,0,0,0,0,0,0,0,0,0
"2022",4,1,2,1,59,0,2,2,2,2,2,0,0,0,0,0,0,0,0,0,0,0,0,0,0,0,0,0,0,0,0,0,0
"2022",1,1,0,2,76,120,1,2,2,2,2,5,2,2,1,2,2,0,0,0,0,0,0,0,0,0,0,0,0,0,0,0,0
"2022",1,1,7,1,50,60,1,1,2,2,1,1,1,1,2,2,2,1,2,1,2,2,2,2,2,2,0,0,0,0,0,0,1
"2022",1,2,9,1,56,120,1,1,2,1,1,1,2,1,2,2,2,1,2,2,1,2,2,1,1,2,0,0,0,0,0,0,3
"2022",1,1,7,1,25,10,1,1,2,1,1,4,1,1,2,1,2,4,2,2,1,1,2,2,2,2,0,0,0,0,0,0,4
"2022",0,2,0,1,64,0,0,0,0,0,0,0,0,0,0,0,0,0,0,0,0,0,0,0,0,0,0,0,0,0,0,0,0
"2022",1,2,7,3,29,60,1,2,2,2,1,3,2,1,2,2,2,0,0,0,0,0,0,0,0,0,0,0,0,0,0,0,3
"2022",3,1,4,1,21,30,1,2,2,2,1,1,1,2,2,2,2,0,0,0,0,0,0,0,0,0,0,0,0,0,0,0,4
"2022",3,1,3,1,63,30,2,1,2,2,2,0,0,0,0,0,0,5,2,2,2,2,1,2,2,2,0,0,0,0,0,0,0
"2022",4,1,3,1,34,0,2,2,2,2,2,0,0,0,0,0,0,0,0,0,0,0,0,0,0,0,0,0,0,0,0,0,0
"2022",1,1,4,1,28,10,2,1,2,2,2,0,0,0,0,0,0,4,2,2,1,2,2,2,2,2,0,0,0,0,0,0,0
"2022",4,2,4,7,32,0,2,2,2,2,2,0,0,0,0,0,0,0,0,0,0,0,0,0,0,0,0,0,0,0,0,0,0
"2022",1,2,2,7,83,15,1,2,2,2,2,5,2,2,1,2,2,0,0,0,0,0,0,0,0,0,0,0,0,0,0,0,0
"2022",3,2,2,7,32,15,2,1,1,2,2,0,0,0,0,0,0,4,2,2,1,2,2,2,2,2,3,2,2,1,2,1,0
"2022",1,2,2,1,38,15,1,2,2,2,2,3,2,1,2,2,2,0,0,0,0,0,0,0,0,0,0,0,0,0,0,0,0
"2022",1,2,6,7,46,20,2,2,2,2,1,0,0,0,0,0,0,0,0,0,0,0,0,0,0,0,0,0,0,0,0,0,3
"2022",1,1,2,1,50,10,1,1,2,2,1,3,1,2,1,2,2,3,2,1,2,2,2,2,2,2,0,0,0,0,0,0,4
"2022",1,2,4,1,47,60,1,2,2,2,1,2,2,1,1,1,2,0,0,0,0,0,0,0,0,0,0,0,0,0,0,0,2
"2022",4,2,2,7,65,0,2,2,2,2,2,0,0,0,0,0,0,0,0,0,0,0,0,0,0,0,0,0,0,0,0,0,0
"2022",1,1,8,8,60,20,1,2,2,2,1,3,2,2,2,2,1,0,0,0,0,0,0,0,0,0,0,0,0,0,0,0,3
"2022",1,2,5,7,34,120,2,1,2,2,2,0,0,0,0,0,0,5,2,2,2,2,1,2,2,2,0,0,0,0,0,0,0
"2022",1,1,7,6,24,45,1,1,2,1,1,2,2,1,2,1,2,2,2,2,2,2,2,1,2,2,0,0,0,0,0,0,2
"2022",4,2,2,7,42,0,2,2,2,2,2,0,0,0,0,0,0,0,0,0,0,0,0,0,0,0,0,0,0,0,0,0,0
"2022",1,1,7,6,24,60,1,1,1,2,1,2,1,1,2,2,1,2,2,2,2,2,2,1,1,2,3,1,1,2,2,2,2
"2022",3,2,7,1,32,5,2,2,2,2,1,0,0,0,0,0,0,0,0,0,0,0,0,0,0,0,0,0,0,0,0,0,3
"2022",4,1,7,1,36,0,2,2,2,2,2,0,0,0,0,0,0,0,0,0,0,0,0,0,0,0,0,0,0,0,0,0,0
"2022",1,1,8,1,30,45,1,2,1,1,1,1,1,1,2,1,2,0,0,0,0,0,0,0,0,0,3,2,1,1,2,1,3
"2022",1,1,8,1,33,45,1,2,2,2,1,4,1,1,2,1,1,0,0,0,0,0,0,0,0,0,0,0,0,0,0,0,4
"2022",1,1,2,8,74,30,2,2,1,2,2,0,0,0,0,0,0,0,0,0,0,0,0,0,0,0,3,1,1,1,2,1,0
"2022",4,2,5,8,78,0,2,2,2,2,2,0,0,0,0,0,0,0,0,0,0,0,0,0,0,0,0,0,0,0,0,0,0
"2022",4,2,7,1,36,0,2,2,2,2,2,0,0,0,0,0,0,0,0,0,0,0,0,0,0,0,0,0,0,0,0,0,0
"2022",4,1,7,3,51,0,2,2,2,2,2,0,0,0,0,0,0,0,0,0,0,0,0,0,0,0,0,0,0,0,0,0,0
"2022",4,1,6,1,28,0,2,2,2,2,2,0,0,0,0,0,0,0,0,0,0,0,0,0,0,0,0,0,0,0,0,0,0
"2022",4,1,7,8,62,0,2,2,2,2,2,0,0,0,0,0,0,0,0,0,0,0,0,0,0,0,0,0,0,0,0,0,0
"2022",1,2,2,8,60,30,1,2,2,2,2,5,2,2,1,2,2,0,0,0,0,0,0,0,0,0,0,0,0,0,0,0,0
"2022",1,2,4,1,31,30,2,2,2,2,1,0,0,0,0,0,0,0,0,0,0,0,0,0,0,0,0,0,0,0,0,0,4
"2022",1,2,8,1,41,60,1,2,2,2,2,4,2,2,2,1,2,0,0,0,0,0,0,0,0,0,0,0,0,0,0,0,0
"2022",1,1,4,1,34,15,2,1,1,2,2,0,0,0,0,0,0,4,2,2,1,2,2,2,2,2,3,1,1,2,2,1,0
"2022",4,2,3,1,25,0,2,2,2,2,2,0,0,0,0,0,0,0,0,0,0,0,0,0,0,0,0,0,0,0,0,0,0
"2022",1,2,7,1,41,30,1,2,2,2,2,4,2,2,2,1,2,0,0,0,0,0,0,0,0,0,0,0,0,0,0,0,0
"2022",1,1,3,8,76,120,2,2,2,2,1,0,0,0,0,0,0,0,0,0,0,0,0,0,0,0,0,0,0,0,0,0,3
"2022",1,1,3,8,67,30,2,2,1,2,2,0,0,0,0,0,0,0,0,0,0,0,0,0,0,0,3,1,1,1,1,1,0
"2022",4,1,4,8,65,0,2,2,2,2,2,0,0,0,0,0,0,0,0,0,0,0,0,0,0,0,0,0,0,0,0,0,0
"2022",4,2,7,1,45,0,2,2,2,2,2,0,0,0,0,0,0,0,0,0,0,0,0,0,0,0,0,0,0,0,0,0,0
"2022",4,2,2,8,83,0,2,2,2,2,2,0,0,0,0,0,0,0,0,0,0,0,0,0,0,0,0,0,0,0,0,0,0
"2022",4,1,2,8,67,0,2,2,2,2,2,0,0,0,0,0,0,0,0,0,0,0,0,0,0,0,0,0,0,0,0,0,0
"2022",1,1,7,1,30,30,2,1,2,2,2,0,0,0,0,0,0,4,1,2,2,2,2,2,2,2,0,0,0,0,0,0,0
"2022",1,2,4,7,31,120,1,2,2,2,1,4,2,2,2,1,2,0,0,0,0,0,0,0,0,0,0,0,0,0,0,0,4
"2022",1,2,6,1,58,60,1,2,2,2,2,3,2,2,2,1,2,0,0,0,0,0,0,0,0,0,0,0,0,0,0,0,0
"2022",4,2,2,1,52,0,2,2,2,2,2,0,0,0,0,0,0,0,0,0,0,0,0,0,0,0,0,0,0,0,0,0,0
"2022",4,2,2,7,70,0,2,2,2,2,2,0,0,0,0,0,0,0,0,0,0,0,0,0,0,0,0,0,0,0,0,0,0
"2022",4,2,4,7,23,0,2,2,2,2,2,0,0,0,0,0,0,0,0,0,0,0,0,0,0,0,0,0,0,0,0,0,0
"2022",4,2,2,1,52,0,2,2,2,2,2,0,0,0,0,0,0,0,0,0,0,0,0,0,0,0,0,0,0,0,0,0,0
"2022",4,2,2,7,72,0,2,2,2,2,2,0,0,0,0,0,0,0,0,0,0,0,0,0,0,0,0,0,0,0,0,0,0
"2022",4,2,3,1,43,0,2,2,2,2,2,0,0,0,0,0,0,0,0,0,0,0,0,0,0,0,0,0,0,0,0,0,0
"2022",4,2,2,1,49,0,2,2,2,2,2,0,0,0,0,0,0,0,0,0,0,0,0,0,0,0,0,0,0,0,0,0,0
"2022",1,2,6,7,64,20,1,2,2,2,2,5,2,2,1,2,2,0,0,0,0,0,0,0,0,0,0,0,0,0,0,0,0
"2022",4,2,6,8,67,0,2,2,2,2,2,0,0,0,0,0,0,0,0,0,0,0,0,0,0,0,0,0,0,0,0,0,0
"2022",0,1,2,1,60,0,0,0,0,0,0,0,0,0,0,0,0,0,0,0,0,0,0,0,0,0,0,0,0,0,0,0,0
"2022",4,1,7,1,55,0,2,2,2,2,2,0,0,0,0,0,0,0,0,0,0,0,0,0,0,0,0,0,0,0,0,0,0
"2022",1,2,7,1,59,60,1,2,2,2,2,4,2,2,2,1,2,0,0,0,0,0,0,0,0,0,0,0,0,0,0,0,0
"2022",1,1,9,1,44,60,2,1,1,2,2,0,0,0,0,0,0,3,2,1,2,2,2,2,1,2,1,1,2,1,2,2,0
"2022",1,2,7,7,29,30,1,2,2,2,2,4,2,2,2,1,2,0,0,0,0,0,0,0,0,0,0,0,0,0,0,0,0
"2022",4,2,4,1,40,0,2,2,2,2,2,0,0,0,0,0,0,0,0,0,0,0,0,0,0,0,0,0,0,0,0,0,0
"2022",4,2,3,7,19,0,2,2,2,2,2,0,0,0,0,0,0,0,0,0,0,0,0,0,0,0,0,0,0,0,0,0,0
"2022",1,1,3,1,65,30,1,2,1,2,2,4,2,1,2,2,2,0,0,0,0,0,0,0,0,0,4,1,1,2,2,1,0
"2022",1,1,3,1,52,30,2,1,1,2,2,0,0,0,0,0,0,4,1,2,2,2,2,2,1,2,4,1,1,1,1,1,0
"2022",1,2,7,7,42,60,1,1,2,2,1,3,2,2,2,1,1,4,2,2,1,1,2,1,1,2,0,0,0,0,0,0,4
"2022",1,1,4,4,55,15,2,2,1,2,2,0,0,0,0,0,0,0,0,0,0,0,0,0,0,0,3,1,1,1,1,1,0
"2022",1,1,3,8,72,25,2,2,1,2,2,0,0,0,0,0,0,0,0,0,0,0,0,0,0,0,4,1,1,1,1,1,0
"2022",3,1,4,1,50,10,2,2,2,1,1,0,0,0,0,0,0,0,0,0,0,0,0,0,0,0,0,0,0,0,0,0,4
"2022",1,1,2,1,41,35,2,2,1,2,2,0,0,0,0,0,0,0,0,0,0,0,0,0,0,0,3,1,2,1,2,1,0
"2022",1,2,4,1,27,15,1,2,1,2,2,4,2,2,2,1,1,0,0,0,0,0,0,0,0,0,3,1,2,2,1,2,0
"2022",1,1,4,1,31,40,2,1,1,2,1,0,0,0,0,0,0,3,1,2,2,2,2,1,1,2,3,1,1,1,1,1,4
"2022",1,1,3,1,33,20,2,2,1,2,2,0,0,0,0,0,0,0,0,0,0,0,0,0,0,0,4,2,2,1,1,1,0
"2022",1,2,7,1,64,60,1,1,1,2,1,3,2,1,2,1,1,3,2,1,2,2,2,1,1,2,3,1,1,1,1,1,3
"2022",1,1,8,1,56,90,1,2,1,2,1,3,2,1,2,1,1,0,0,0,0,0,0,0,0,0,3,1,1,1,1,1,4
"2022",1,1,7,1,31,90,1,1,2,2,1,2,2,1,2,1,1,2,2,2,2,2,2,1,1,2,0,0,0,0,0,0,4
"2022",1,1,7,1,33,60,2,1,1,2,1,0,0,0,0,0,0,4,1,2,2,2,2,1,1,2,3,1,1,1,1,1,4
"2022",1,2,7,6,20,40,1,1,2,2,2,2,2,1,2,2,1,2,2,1,2,1,2,2,1,1,0,0,0,0,0,0,0
"2022",1,2,3,1,51,10,2,2,1,2,2,0,0,0,0,0,0,0,0,0,0,0,0,0,0,0,3,1,1,1,1,1,0
"2022",1,1,3,1,47,20,2,2,1,2,2,0,0,0,0,0,0,0,0,0,0,0,0,0,0,0,3,1,1,1,1,1,0
"2022",1,1,7,1,41,30,1,2,1,2,2,4,2,2,2,2,1,0,0,0,0,0,0,0,0,0,3,1,1,1,1,1,0
"2022",3,1,3,1,27,30,1,2,1,2,2,2,2,1,2,2,2,0,0,0,0,0,0,0,0,0,3,1,1,2,2,1,0
"2022",1,2,4,7,33,30,1,2,2,2,2,2,2,1,2,2,2,0,0,0,0,0,0,0,0,0,0,0,0,0,0,0,0
"2022",4,2,4,7,39,0,2,2,2,2,2,0,0,0,0,0,0,0,0,0,0,0,0,0,0,0,0,0,0,0,0,0,0
"2022",4,1,4,4,30,0,2,2,2,2,2,0,0,0,0,0,0,0,0,0,0,0,0,0,0,0,0,0,0,0,0,0,0
"2022",4,2,7,7,60,0,2,2,2,2,2,0,0,0,0,0,0,0,0,0,0,0,0,0,0,0,0,0,0,0,0,0,0
"2022",1,1,7,1,48,50,1,2,1,2,2,4,2,2,2,1,1,0,0,0,0,0,0,0,0,0,3,1,1,1,1,1,0
"2022",4,2,7,1,30,0,2,2,2,2,2,0,0,0,0,0,0,0,0,0,0,0,0,0,0,0,0,0,0,0,0,0,0
"2022",1,2,4,7,36,15,2,2,2,2,1,0,0,0,0,0,0,0,0,0,0,0,0,0,0,0,0,0,0,0,0,0,3
"2022",1,2,7,7,36,90,1,2,1,2,2,4,2,1,1,1,2,0,0,0,0,0,0,0,0,0,3,1,1,2,2,2,0
"2022",1,1,8,1,40,20,2,2,1,2,1,0,0,0,0,0,0,0,0,0,0,0,0,0,0,0,3,1,2,2,2,1,3
"2022",3,2,4,7,31,30,2,2,2,2,1,0,0,0,0,0,0,0,0,0,0,0,0,0,0,0,0,0,0,0,0,0,4
"2022",4,1,4,1,51,0,2,2,2,2,2,0,0,0,0,0,0,0,0,0,0,0,0,0,0,0,0,0,0,0,0,0,0
"2022",3,2,7,4,41,25,2,1,2,2,2,0,0,0,0,0,0,3,2,2,2,2,1,2,2,1,0,0,0,0,0,0,0
"2022",4,2,2,7,69,0,2,2,2,2,2,0,0,0,0,0,0,0,0,0,0,0,0,0,0,0,0,0,0,0,0,0,0
"2022",4,2,7,7,51,0,2,2,2,2,2,0,0,0,0,0,0,0,0,0,0,0,0,0,0,0,0,0,0,0,0,0,0
"2022",1,2,2,7,73,40,1,1,2,2,1,4,2,2,2,1,2,4,1,2,2,2,2,2,2,2,0,0,0,0,0,0,4
"2022",1,2,4,7,44,10,2,2,2,2,1,0,0,0,0,0,0,0,0,0,0,0,0,0,0,0,0,0,0,0,0,0,3
"2022",1,2,3,1,46,15,2,2,2,2,1,0,0,0,0,0,0,0,0,0,0,0,0,0,0,0,0,0,0,0,0,0,1
"2022",3,1,4,7,19,30,2,1,2,2,1,0,0,0,0,0,0,2,2,2,2,2,2,1,2,2,0,0,0,0,0,0,4
"2022",4,2,4,7,56,0,2,2,2,2,2,0,0,0,0,0,0,0,0,0,0,0,0,0,0,0,0,0,0,0,0,0,0
"2022",1,2,3,7,56,35,1,2,2,2,2,5,2,2,1,2,2,0,0,0,0,0,0,0,0,0,0,0,0,0,0,0,0
"2022",1,1,3,1,42,35,1,2,1,2,1,3,2,2,2,1,2,0,0,0,0,0,0,0,0,0,3,1,1,1,1,2,1
"2022",4,2,2,7,68,0,2,2,2,2,2,0,0,0,0,0,0,0,0,0,0,0,0,0,0,0,0,0,0,0,0,0,0
"2022",4,1,3,8,71,0,2,2,2,2,2,0,0,0,0,0,0,0,0,0,0,0,0,0,0,0,0,0,0,0,0,0,0
"2022",1,2,3,1,24,20,2,1,2,2,1,0,0,0,0,0,0,1,2,2,1,2,2,2,2,1,0,0,0,0,0,0,4
"2022",4,2,2,2,36,0,2,2,2,2,2,0,0,0,0,0,0,0,0,0,0,0,0,0,0,0,0,0,0,0,0,0,0
"2022",1,2,0,7,72,25,2,1,2,2,2,0,0,0,0,0,0,4,2,2,2,2,1,2,2,2,0,0,0,0,0,0,0
"2022",1,2,3,3,55,90,2,2,2,2,1,0,0,0,0,0,0,0,0,0,0,0,0,0,0,0,0,0,0,0,0,0,4
"2022",4,2,2,7,73,0,2,2,2,2,2,0,0,0,0,0,0,0,0,0,0,0,0,0,0,0,0,0,0,0,0,0,0
"2022",1,1,7,1,31,60,1,2,2,2,2,4,2,2,1,1,2,0,0,0,0,0,0,0,0,0,0,0,0,0,0,0,0
"2022",4,1,3,1,29,0,2,2,2,2,2,0,0,0,0,0,0,0,0,0,0,0,0,0,0,0,0,0,0,0,0,0,0
"2022",1,1,7,1,27,30,1,1,2,2,1,3,2,1,2,2,2,4,2,2,2,2,2,1,2,2,0,0,0,0,0,0,4
"2022",1,1,7,1,31,40,2,1,1,2,1,0,0,0,0,0,0,1,2,2,2,2,2,1,2,2,4,1,1,1,2,2,1
"2022",3,1,3,1,36,20,2,2,2,2,1,0,0,0,0,0,0,0,0,0,0,0,0,0,0,0,0,0,0,0,0,0,4
"2022",4,2,2,7,75,0,2,2,2,2,2,0,0,0,0,0,0,0,0,0,0,0,0,0,0,0,0,0,0,0,0,0,0
"2022",1,1,4,1,34,20,2,1,1,2,1,0,0,0,0,0,0,4,2,2,2,2,1,2,2,2,3,1,1,1,1,1,3
"2022",1,1,4,1,48,20,1,2,1,2,2,4,2,2,2,2,1,0,0,0,0,0,0,0,0,0,3,1,1,1,1,1,0
"2022",4,2,2,7,76,0,2,2,2,2,2,0,0,0,0,0,0,0,0,0,0,0,0,0,0,0,0,0,0,0,0,0,0
"2022",4,2,2,8,85,0,2,2,2,2,2,0,0,0,0,0,0,0,0,0,0,0,0,0,0,0,0,0,0,0,0,0,0
"2022",4,2,3,7,68,0,2,2,2,2,2,0,0,0,0,0,0,0,0,0,0,0,0,0,0,0,0,0,0,0,0,0,0
"2022",4,2,2,7,45,0,2,2,2,2,2,0,0,0,0,0,0,0,0,0,0,0,0,0,0,0,0,0,0,0,0,0,0
"2022",4,2,2,7,69,0,2,2,2,2,2,0,0,0,0,0,0,0,0,0,0,0,0,0,0,0,0,0,0,0,0,0,0
"2022",1,1,7,1,27,60,1,2,2,2,1,4,2,1,2,2,2,0,0,0,0,0,0,0,0,0,0,0,0,0,0,0,3
"2022",1,1,7,1,32,30,2,1,1,2,1,0,0,0,0,0,0,3,2,1,2,2,2,2,2,2,3,1,1,1,2,2,4
"2022",1,1,8,1,31,30,1,1,2,2,1,3,2,2,2,1,2,4,2,2,2,2,2,1,2,2,0,0,0,0,0,0,4
"2022",1,1,7,4,26,60,1,2,2,2,1,4,2,2,2,1,2,0,0,0,0,0,0,0,0,0,0,0,0,0,0,0,4
"2022",1,1,7,1,62,30,1,2,1,2,1,4,1,2,2,1,1,0,0,0,0,0,0,0,0,0,3,1,1,1,1,1,1
"2022",4,1,7,1,30,0,2,2,2,2,2,0,0,0,0,0,0,0,0,0,0,0,0,0,0,0,0,0,0,0,0,0,0
"2022",4,2,8,7,44,0,2,2,2,2,2,0,0,0,0,0,0,0,0,0,0,0,0,0,0,0,0,0,0,0,0,0,0
"2022",4,2,2,7,76,0,2,2,2,2,2,0,0,0,0,0,0,0,0,0,0,0,0,0,0,0,0,0,0,0,0,0,0
"2022",1,2,3,4,30,30,1,1,2,2,2,3,2,2,2,1,2,3,2,1,2,1,2,2,2,2,0,0,0,0,0,0,0
"2022",4,2,7,1,44,0,2,2,2,2,2,0,0,0,0,0,0,0,0,0,0,0,0,0,0,0,0,0,0,0,0,0,0
"2022",3,1,3,1,54,20,2,2,1,2,2,0,0,0,0,0,0,0,0,0,0,0,0,0,0,0,4,1,1,1,1,2,0
"2022",1,2,7,7,39,30,1,1,2,2,2,3,2,2,2,1,2,3,2,2,2,2,2,2,2,1,0,0,0,0,0,0,0
"2022",1,1,4,6,18,40,1,2,2,2,2,2,2,1,2,2,2,0,0,0,0,0,0,0,0,0,0,0,0,0,0,0,0
"2022",3,1,6,1,35,25,2,2,1,2,2,0,0,0,0,0,0,0,0,0,0,0,0,0,0,0,3,1,1,1,1,1,0
"2022",1,2,4,1,30,20,2,2,2,2,1,0,0,0,0,0,0,0,0,0,0,0,0,0,0,0,0,0,0,0,0,0,3
"2022",1,2,4,1,43,25,2,1,1,2,2,0,0,0,0,0,0,3,2,2,1,2,2,2,2,2,3,1,2,2,2,1,0
"2022",4,2,3,1,58,0,2,2,2,2,2,0,0,0,0,0,0,0,0,0,0,0,0,0,0,0,0,0,0,0,0,0,0
"2022",1,1,7,1,33,40,1,2,1,2,2,4,2,2,2,2,1,0,0,0,0,0,0,0,0,0,4,2,1,2,2,1,0
"2022",1,2,8,1,56,30,2,1,2,2,1,0,0,0,0,0,0,4,2,2,1,2,2,2,2,2,0,0,0,0,0,0,4
"2022",4,1,0,1,64,0,2,2,2,2,2,0,0,0,0,0,0,0,0,0,0,0,0,0,0,0,0,0,0,0,0,0,0
"2022",3,1,7,1,34,30,2,2,2,2,1,0,0,0,0,0,0,0,0,0,0,0,0,0,0,0,0,0,0,0,0,0,4
"2022",1,2,4,4,29,30,1,1,2,2,1,4,2,2,1,2,2,4,2,2,1,2,2,1,2,2,0,0,0,0,0,0,4
"2022",1,2,2,7,72,30,1,2,1,2,1,2,2,1,2,2,1,0,0,0,0,0,0,0,0,0,3,1,1,1,1,1,2
"2022",1,1,3,1,37,30,1,2,2,2,1,2,2,1,2,2,2,0,0,0,0,0,0,0,0,0,0,0,0,0,0,0,2
"2022",1,1,3,1,71,20,2,2,1,2,2,0,0,0,0,0,0,0,0,0,0,0,0,0,0,0,3,1,1,1,1,1,0
"2022",3,2,4,7,53,20,2,2,2,2,1,0,0,0,0,0,0,0,0,0,0,0,0,0,0,0,0,0,0,0,0,0,4
"2022",4,2,4,7,61,0,2,2,2,2,2,0,0,0,0,0,0,0,0,0,0,0,0,0,0,0,0,0,0,0,0,0,0
"2022",1,1,4,6,23,30,1,2,2,2,1,4,2,1,2,2,2,0,0,0,0,0,0,0,0,0,0,0,0,0,0,0,4
"2022",3,2,2,1,47,20,2,2,2,2,1,0,0,0,0,0,0,0,0,0,0,0,0,0,0,0,0,0,0,0,0,0,4
"2022",4,2,3,8,74,0,2,2,2,2,2,0,0,0,0,0,0,0,0,0,0,0,0,0,0,0,0,0,0,0,0,0,0
"2022",1,2,7,1,39,20,2,1,2,2,1,0,0,0,0,0,0,3,2,2,2,2,2,2,1,2,0,0,0,0,0,0,3
"2022",3,2,2,7,82,20,2,1,2,2,2,0,0,0,0,0,0,4,2,2,2,2,2,2,2,1,0,0,0,0,0,0,0
"2022",4,1,2,1,44,0,2,2,2,2,2,0,0,0,0,0,0,0,0,0,0,0,0,0,0,0,0,0,0,0,0,0,0
"2022",1,1,4,1,55,20,2,2,1,2,2,0,0,0,0,0,0,0,0,0,0,0,0,0,0,0,3,1,1,1,1,1,0
"2022",3,2,0,1,59,15,2,2,1,2,1,0,0,0,0,0,0,0,0,0,0,0,0,0,0,0,4,2,1,2,2,1,4
"2022",1,2,3,3,52,10,2,2,1,2,1,0,0,0,0,0,0,0,0,0,0,0,0,0,0,0,4,1,2,2,2,2,4
"2022",1,1,7,1,36,60,1,2,2,2,1,1,2,2,1,2,2,0,0,0,0,0,0,0,0,0,0,0,0,0,0,0,4
"2022",1,1,8,6,32,60,1,1,2,2,1,2,2,1,2,2,2,2,2,2,2,2,2,1,2,2,0,0,0,0,0,0,2
"2022",1,1,7,8,79,60,1,2,2,2,2,4,2,2,2,1,2,0,0,0,0,0,0,0,0,0,0,0,0,0,0,0,0
"2022",1,1,4,1,53,25,2,2,1,2,2,0,0,0,0,0,0,0,0,0,0,0,0,0,0,0,3,1,1,1,1,1,0
"2022",1,1,3,1,35,15,2,1,2,2,2,0,0,0,0,0,0,4,2,2,2,2,2,2,1,2,0,0,0,0,0,0,0
"2022",1,1,2,8,81,60,1,1,2,2,2,3,1,1,2,1,2,3,2,2,1,2,2,1,1,2,0,0,0,0,0,0,0
"2022",1,1,4,6,19,90,1,2,2,2,1,2,2,1,2,1,1,0,0,0,0,0,0,0,0,0,0,0,0,0,0,0,4
"2022",4,2,8,1,41,0,2,2,2,2,2,0,0,0,0,0,0,0,0,0,0,0,0,0,0,0,0,0,0,0,0,0,0
"2022",4,2,6,7,51,0,2,2,2,2,2,0,0,0,0,0,0,0,0,0,0,0,0,0,0,0,0,0,0,0,0,0,0
"2022",4,2,4,7,24,0,2,2,2,2,2,0,0,0,0,0,0,0,0,0,0,0,0,0,0,0,0,0,0,0,0,0,0
"2022",4,1,4,1,58,0,2,2,2,2,2,0,0,0,0,0,0,0,0,0,0,0,0,0,0,0,0,0,0,0,0,0,0
"2022",1,1,7,1,50,40,2,1,1,2,1,0,0,0,0,0,0,3,2,2,2,2,2,1,2,2,3,1,1,1,2,2,4
"2022",1,2,8,1,32,50,1,1,2,2,1,3,2,2,2,1,2,4,2,2,2,1,2,2,2,2,0,0,0,0,0,0,4
"2022",1,1,8,1,56,30,2,1,1,2,1,0,0,0,0,0,0,1,2,2,2,2,2,1,2,2,3,1,1,2,2,2,1
"2022",1,1,7,1,50,60,1,1,2,2,1,3,2,2,2,1,2,3,2,2,2,2,2,1,2,2,0,0,0,0,0,0,4
"2022",3,2,7,1,34,25,2,1,1,2,2,0,0,0,0,0,0,3,2,2,2,2,2,2,2,1,4,2,1,1,1,1,0
"2022",4,1,0,8,85,0,2,2,2,2,2,0,0,0,0,0,0,0,0,0,0,0,0,0,0,0,0,0,0,0,0,0,0
"2022",3,1,4,1,52,15,2,2,1,2,2,0,0,0,0,0,0,0,0,0,0,0,0,0,0,0,4,2,1,1,1,2,0
"2022",1,2,4,1,33,15,2,2,1,2,2,0,0,0,0,0,0,0,0,0,0,0,0,0,0,0,4,2,1,1,1,1,0
"2022",4,1,3,4,35,0,2,2,2,2,2,0,0,0,0,0,0,0,0,0,0,0,0,0,0,0,0,0,0,0,0,0,0
"2022",4,2,4,7,39,0,2,2,2,2,2,0,0,0,0,0,0,0,0,0,0,0,0,0,0,0,0,0,0,0,0,0,0
"2022",3,1,6,1,31,20,2,2,1,2,2,0,0,0,0,0,0,0,0,0,0,0,0,0,0,0,3,2,1,1,1,2,0
"2022",4,2,2,7,57,0,2,2,2,2,2,0,0,0,0,0,0,0,0,0,0,0,0,0,0,0,0,0,0,0,0,0,0
"2022",4,2,2,1,48,0,2,2,2,2,2,0,0,0,0,0,0,0,0,0,0,0,0,0,0,0,0,0,0,0,0,0,0
"2022",3,1,3,4,57,15,2,2,1,2,2,0,0,0,0,0,0,0,0,0,0,0,0,0,0,0,3,1,1,1,1,1,0
"2022",1,2,3,1,31,25,2,2,2,2,1,0,0,0,0,0,0,0,0,0,0,0,0,0,0,0,0,0,0,0,0,0,3
"2022",1,1,7,1,23,30,2,2,2,2,1,0,0,0,0,0,0,0,0,0,0,0,0,0,0,0,0,0,0,0,0,0,3
"2022",4,1,2,1,61,0,2,2,2,2,2,0,0,0,0,0,0,0,0,0,0,0,0,0,0,0,0,0,0,0,0,0,0
"2022",1,1,7,1,55,15,1,2,2,2,2,4,2,2,2,1,2,0,0,0,0,0,0,0,0,0,0,0,0,0,0,0,0
"2022",1,2,4,6,18,120,1,1,2,2,1,2,2,1,2,1,1,2,2,1,2,2,2,1,1,2,0,0,0,0,0,0,4
"2022",1,1,2,4,67,20,2,2,1,2,2,0,0,0,0,0,0,0,0,0,0,0,0,0,0,0,3,1,1,1,1,1,0
"2022",1,2,7,1,31,60,1,1,1,2,1,3,1,1,2,1,1,4,2,1,2,1,2,1,2,2,3,1,1,1,1,1,4
"2022",1,2,6,8,80,25,2,1,2,2,2,0,0,0,0,0,0,4,2,2,1,2,2,2,2,2,0,0,0,0,0,0,0
"2022",1,1,2,8,65,20,2,2,1,2,2,0,0,0,0,0,0,0,0,0,0,0,0,0,0,0,4,2,1,1,2,1,0
"2022",4,1,3,1,45,0,2,2,2,2,2,0,0,0,0,0,0,0,0,0,0,0,0,0,0,0,0,0,0,0,0,0,0
"2022",4,2,3,7,73,0,2,2,2,2,2,0,0,0,0,0,0,0,0,0,0,0,0,0,0,0,0,0,0,0,0,0,0
"2022",4,2,3,1,57,0,2,2,2,2,2,0,0,0,0,0,0,0,0,0,0,0,0,0,0,0,0,0,0,0,0,0,0
"2022",1,2,4,1,36,40,1,1,2,2,1,4,2,2,2,1,2,3,2,2,1,1,2,2,2,2,0,0,0,0,0,0,1
"2022",3,1,3,1,59,20,2,2,1,2,2,0,0,0,0,0,0,0,0,0,0,0,0,0,0,0,4,2,1,1,1,1,0
"2022",3,2,7,1,24,15,2,1,1,2,2,0,0,0,0,0,0,4,2,2,2,2,2,2,2,1,4,2,2,1,1,1,0
"2022",3,2,3,4,46,10,2,2,2,2,1,0,0,0,0,0,0,0,0,0,0,0,0,0,0,0,0,0,0,0,0,0,3
"2022",1,2,3,7,55,30,1,2,1,2,2,4,2,2,2,1,2,0,0,0,0,0,0,0,0,0,3,1,2,1,2,1,0
"2022",1,1,4,2,66,120,1,1,1,2,1,4,2,2,2,1,2,3,2,2,2,2,2,2,1,2,3,1,2,2,1,2,3
"2022",4,2,2,7,59,0,2,2,2,2,2,0,0,0,0,0,0,0,0,0,0,0,0,0,0,0,0,0,0,0,0,0,0
"2022",3,2,4,7,77,120,1,2,2,2,2,4,2,2,2,1,1,0,0,0,0,0,0,0,0,0,0,0,0,0,0,0,0
"2022",1,2,4,7,54,60,1,2,2,2,2,4,2,2,1,1,2,0,0,0,0,0,0,0,0,0,0,0,0,0,0,0,0
"2022",1,1,7,4,25,60,1,2,2,2,1,2,2,1,2,1,1,0,0,0,0,0,0,0,0,0,0,0,0,0,0,0,2
"2022",4,1,3,1,53,0,2,2,2,2,2,0,0,0,0,0,0,0,0,0,0,0,0,0,0,0,0,0,0,0,0,0,0
"2022",1,1,4,1,66,40,1,1,2,2,1,4,2,1,2,2,2,4,2,1,2,2,2,2,2,2,0,0,0,0,0,0,3
"2022",1,1,4,1,53,30,2,1,2,2,1,0,0,0,0,0,0,3,2,2,2,2,2,1,2,2,0,0,0,0,0,0,4
"2022",4,2,4,7,53,0,2,2,2,2,2,0,0,0,0,0,0,0,0,0,0,0,0,0,0,0,0,0,0,0,0,0,0
"2022",1,2,7,6,26,60,1,1,2,2,1,2,2,2,2,1,1,4,2,2,1,2,2,2,2,1,0,0,0,0,0,0,2
"2022",4,1,7,1,39,0,2,2,2,2,2,0,0,0,0,0,0,0,0,0,0,0,0,0,0,0,0,0,0,0,0,0,0
"2022",4,2,3,7,68,0,2,2,2,2,2,0,0,0,0,0,0,0,0,0,0,0,0,0,0,0,0,0,0,0,0,0,0
"2022",1,1,3,1,61,20,2,2,1,2,2,0,0,0,0,0,0,0,0,0,0,0,0,0,0,0,4,1,1,1,1,1,0
"2022",1,2,3,7,21,25,2,1,2,2,1,0,0,0,0,0,0,4,2,2,1,2,2,2,2,1,0,0,0,0,0,0,4
"2022",1,2,7,7,36,20,2,1,2,2,2,0,0,0,0,0,0,4,2,2,1,2,2,2,2,2,0,0,0,0,0,0,0
"2022",1,1,7,1,47,20,2,2,1,2,2,0,0,0,0,0,0,0,0,0,0,0,0,0,0,0,3,1,1,1,1,1,0
"2022",1,1,2,1,61,35,1,2,1,2,2,3,2,2,2,1,2,0,0,0,0,0,0,0,0,0,3,1,1,1,1,1,0
"2022",3,1,7,1,39,20,2,2,1,2,2,0,0,0,0,0,0,0,0,0,0,0,0,0,0,0,4,1,1,1,1,1,0
"2022",4,2,7,4,28,0,2,2,2,2,2,0,0,0,0,0,0,0,0,0,0,0,0,0,0,0,0,0,0,0,0,0,0
"2022",3,2,99,1,46,30,2,1,1,2,2,0,0,0,0,0,0,4,2,2,2,1,2,2,1,2,3,2,1,1,1,1,0
"2022",1,1,2,1,45,25,1,2,1,2,2,3,2,2,2,1,2,0,0,0,0,0,0,0,0,0,3,1,1,1,1,1,0
"2022",4,2,3,7,69,0,2,2,2,2,2,0,0,0,0,0,0,0,0,0,0,0,0,0,0,0,0,0,0,0,0,0,0
"2022",0,2,2,7,74,0,0,0,0,0,0,0,0,0,0,0,0,0,0,0,0,0,0,0,0,0,0,0,0,0,0,0,0
"2022",3,2,7,1,50,20,2,1,2,2,2,0,0,0,0,0,0,4,2,2,2,2,2,2,2,1,0,0,0,0,0,0,0
"2022",1,2,3,1,49,45,1,1,2,2,2,3,1,1,2,1,1,4,2,2,1,1,2,1,1,2,0,0,0,0,0,0,0
"2022",1,1,4,1,51,40,2,1,1,2,1,0,0,0,0,0,0,3,2,2,2,2,2,1,1,2,3,1,1,1,1,1,4
"2022",1,1,7,1,40,30,2,2,1,2,1,0,0,0,0,0,0,0,0,0,0,0,0,0,0,0,3,1,1,1,1,1,4
"2022",1,2,4,7,28,35,2,1,2,2,1,0,0,0,0,0,0,4,2,2,1,2,2,2,2,1,0,0,0,0,0,0,4
"2022",4,1,7,1,43,0,2,2,2,2,2,0,0,0,0,0,0,0,0,0,0,0,0,0,0,0,0,0,0,0,0,0,0
"2022",4,1,3,1,27,0,2,2,2,2,2,0,0,0,0,0,0,0,0,0,0,0,0,0,0,0,0,0,0,0,0,0,0
"2022",4,2,3,7,45,0,2,2,2,2,2,0,0,0,0,0,0,0,0,0,0,0,0,0,0,0,0,0,0,0,0,0,0
"2022",4,2,2,1,35,0,2,2,2,2,2,0,0,0,0,0,0,0,0,0,0,0,0,0,0,0,0,0,0,0,0,0,0
"2022",1,2,3,1,36,20,2,1,2,2,2,0,0,0,0,0,0,4,2,2,2,2,2,2,2,1,0,0,0,0,0,0,0
"2022",1,1,3,1,64,30,2,2,1,2,2,0,0,0,0,0,0,0,0,0,0,0,0,0,0,0,4,2,1,1,2,1,0
"2022",1,1,3,1,29,35,2,1,2,2,1,0,0,0,0,0,0,4,2,2,1,2,2,1,1,2,0,0,0,0,0,0,4
"2022",1,1,2,1,64,20,2,2,1,2,2,0,0,0,0,0,0,0,0,0,0,0,0,0,0,0,4,1,1,1,1,1,0
"2022",1,1,7,1,40,60,1,1,1,2,1,3,2,1,2,2,2,3,2,2,2,2,2,2,1,2,3,1,1,2,2,2,1
"2022",1,1,7,1,32,30,2,1,2,2,1,0,0,0,0,0,0,4,2,2,2,2,2,2,1,2,0,0,0,0,0,0,3
"2022",4,2,3,8,67,0,2,2,2,2,2,0,0,0,0,0,0,0,0,0,0,0,0,0,0,0,0,0,0,0,0,0,0
"2022",4,1,3,1,49,0,2,2,2,2,2,0,0,0,0,0,0,0,0,0,0,0,0,0,0,0,0,0,0,0,0,0,0
"2022",4,2,4,1,53,0,2,2,2,2,2,0,0,0,0,0,0,0,0,0,0,0,0,0,0,0,0,0,0,0,0,0,0
"2022",1,1,7,1,35,40,2,1,2,2,1,0,0,0,0,0,0,1,2,2,2,2,2,1,2,2,0,0,0,0,0,0,1
"2022",1,2,9,1,66,30,1,1,2,2,1,4,2,2,1,2,2,4,2,2,2,1,2,2,2,2,0,0,0,0,0,0,4
"2022",1,1,7,1,60,60,1,1,1,2,1,4,2,2,2,1,2,1,2,2,2,2,2,1,2,2,3,1,1,2,2,1,3
"2022",1,2,4,7,48,30,2,1,2,2,1,0,0,0,0,0,0,4,2,2,2,1,2,2,2,2,0,0,0,0,0,0,3
"2022",1,2,7,1,58,20,1,2,2,2,1,4,2,1,2,2,2,0,0,0,0,0,0,0,0,0,0,0,0,0,0,0,3
"2022",1,2,4,7,55,25,2,1,2,2,1,0,0,0,0,0,0,4,2,2,2,2,2,2,2,1,0,0,0,0,0,0,3
"2022",4,2,3,7,64,0,2,2,2,2,2,0,0,0,0,0,0,0,0,0,0,0,0,0,0,0,0,0,0,0,0,0,0
"2022",1,2,7,4,52,30,1,1,2,2,1,6,2,2,1,2,2,4,2,2,1,1,2,2,2,2,0,0,0,0,0,0,4
"2022",1,2,4,1,35,20,2,1,2,2,1,0,0,0,0,0,0,4,2,2,1,2,2,2,2,1,0,0,0,0,0,0,4
"2022",1,1,4,1,43,25,2,2,1,2,2,0,0,0,0,0,0,0,0,0,0,0,0,0,0,0,3,1,1,1,1,1,0
"2022",1,1,8,1,35,30,2,2,1,2,1,0,0,0,0,0,0,0,0,0,0,0,0,0,0,0,3,1,1,1,1,1,4
"2022",1,1,7,1,36,60,1,1,1,2,2,1,2,1,2,1,1,3,2,1,2,2,2,1,2,2,3,1,1,1,1,1,0
"2022",1,1,4,6,22,35,1,2,1,2,1,2,2,1,2,2,2,0,0,0,0,0,0,0,0,0,3,1,1,1,1,2,2
"2022",4,2,6,7,62,0,2,2,2,2,2,0,0,0,0,0,0,0,0,0,0,0,0,0,0,0,0,0,0,0,0,0,0
"2022",4,1,3,1,55,0,2,2,2,2,2,0,0,0,0,0,0,0,0,0,0,0,0,0,0,0,0,0,0,0,0,0,0
"2022",1,2,2,7,56,20,2,1,1,2,2,0,0,0,0,0,0,4,2,2,1,2,2,2,2,1,3,1,1,1,1,1,0
"2022",4,2,3,7,56,0,2,2,2,2,2,0,0,0,0,0,0,0,0,0,0,0,0,0,0,0,0,0,0,0,0,0,0
"2022",4,2,4,7,21,0,2,2,2,2,2,0,0,0,0,0,0,0,0,0,0,0,0,0,0,0,0,0,0,0,0,0,0
"2022",1,1,3,4,37,25,2,2,1,2,2,0,0,0,0,0,0,0,0,0,0,0,0,0,0,0,1,2,1,1,1,1,0
"2022",1,2,6,1,28,30,2,1,2,2,1,0,0,0,0,0,0,1,2,2,1,1,2,2,2,2,0,0,0,0,0,0,4
"2022",4,1,4,1,35,0,2,2,2,2,2,0,0,0,0,0,0,0,0,0,0,0,0,0,0,0,0,0,0,0,0,0,0
"2022",1,1,4,1,27,25,2,1,2,2,1,0,0,0,0,0,0,4,1,2,2,2,2,1,1,2,0,0,0,0,0,0,4
"2022",3,1,3,1,54,25,2,2,1,2,2,0,0,0,0,0,0,0,0,0,0,0,0,0,0,0,3,1,1,1,1,1,0
"2022",3,1,3,1,58,20,2,2,1,2,2,0,0,0,0,0,0,0,0,0,0,0,0,0,0,0,4,1,1,1,1,1,0
"2022",4,2,2,7,52,0,2,2,2,2,2,0,0,0,0,0,0,0,0,0,0,0,0,0,0,0,0,0,0,0,0,0,0
"2022",4,2,3,7,61,0,2,2,2,2,2,0,0,0,0,0,0,0,0,0,0,0,0,0,0,0,0,0,0,0,0,0,0
"2022",3,1,7,1,60,25,2,2,1,2,2,0,0,0,0,0,0,0,0,0,0,0,0,0,0,0,4,2,1,1,1,1,0
"2022",3,1,7,1,52,30,2,2,1,2,2,0,0,0,0,0,0,0,0,0,0,0,0,0,0,0,4,2,1,1,1,1,0
"2022",3,1,7,1,37,20,2,2,1,2,2,0,0,0,0,0,0,0,0,0,0,0,0,0,0,0,4,2,2,1,1,2,0
"2022",1,2,6,7,60,50,1,2,2,2,1,4,2,2,2,1,2,0,0,0,0,0,0,0,0,0,0,0,0,0,0,0,3
"2022",1,1,8,1,56,30,1,2,1,2,1,4,2,1,2,1,2,0,0,0,0,0,0,0,0,0,3,1,2,1,1,1,3
"2022",1,2,7,7,32,45,1,2,2,2,2,3,2,2,2,2,1,0,0,0,0,0,0,0,0,0,0,0,0,0,0,0,0
"2022",4,2,3,1,49,0,2,2,2,2,2,0,0,0,0,0,0,0,0,0,0,0,0,0,0,0,0,0,0,0,0,0,0
"2022",4,2,2,7,76,0,2,2,2,2,2,0,0,0,0,0,0,0,0,0,0,0,0,0,0,0,0,0,0,0,0,0,0
"2022",1,1,3,1,47,35,2,1,2,2,1,0,0,0,0,0,0,4,2,2,2,2,2,2,1,2,0,0,0,0,0,0,4
"2022",1,2,7,7,48,35,2,1,2,2,1,0,0,0,0,0,0,4,2,2,1,2,2,1,1,1,0,0,0,0,0,0,4
"2022",1,1,3,1,41,45,2,1,2,2,1,0,0,0,0,0,0,4,1,2,2,2,2,2,1,2,0,0,0,0,0,0,4
"2022",3,1,4,1,54,30,2,2,2,2,1,0,0,0,0,0,0,0,0,0,0,0,0,0,0,0,0,0,0,0,0,0,4
"2022",3,2,6,1,41,20,2,2,2,2,1,0,0,0,0,0,0,0,0,0,0,0,0,0,0,0,0,0,0,0,0,0,4
"2022",3,2,6,1,56,20,2,2,2,2,1,0,0,0,0,0,0,0,0,0,0,0,0,0,0,0,0,0,0,0,0,0,4
"2022",3,1,4,1,31,40,2,2,1,2,1,0,0,0,0,0,0,0,0,0,0,0,0,0,0,0,4,1,1,1,2,2,4
"2022",1,2,3,7,63,60,2,1,1,1,1,0,0,0,0,0,0,4,2,2,1,2,2,2,2,1,4,2,2,1,1,1,4
"2022",3,2,4,1,20,30,2,2,2,2,1,0,0,0,0,0,0,0,0,0,0,0,0,0,0,0,0,0,0,0,0,0,4
"2022",4,2,4,1,50,0,2,2,2,2,2,0,0,0,0,0,0,0,0,0,0,0,0,0,0,0,0,0,0,0,0,0,0
"2022",4,2,4,1,28,0,2,2,2,2,2,0,0,0,0,0,0,0,0,0,0,0,0,0,0,0,0,0,0,0,0,0,0
"2022",4,2,3,7,54,0,2,2,2,2,2,0,0,0,0,0,0,0,0,0,0,0,0,0,0,0,0,0,0,0,0,0,0
"2022",4,2,3,7,41,0,2,2,2,2,2,0,0,0,0,0,0,0,0,0,0,0,0,0,0,0,0,0,0,0,0,0,0
"2022",3,1,2,1,50,10,2,2,2,2,1,0,0,0,0,0,0,0,0,0,0,0,0,0,0,0,0,0,0,0,0,0,4
"2022",1,1,4,1,47,30,2,1,1,2,2,0,0,0,0,0,0,4,1,2,2,2,2,2,2,2,3,1,1,2,2,1,0
"2022",4,1,7,8,65,0,2,2,2,2,2,0,0,0,0,0,0,0,0,0,0,0,0,0,0,0,0,0,0,0,0,0,0
"2022",4,2,4,6,18,0,2,2,2,2,2,0,0,0,0,0,0,0,0,0,0,0,0,0,0,0,0,0,0,0,0,0,0
"2022",1,1,4,5,24,30,2,2,1,2,2,0,0,0,0,0,0,0,0,0,0,0,0,0,0,0,3,1,1,2,2,1,0
"2022",1,2,5,7,77,20,1,2,2,2,2,5,2,2,1,2,2,0,0,0,0,0,0,0,0,0,0,0,0,0,0,0,0
"2022",3,2,7,1,57,20,2,2,2,2,1,0,0,0,0,0,0,0,0,0,0,0,0,0,0,0,0,0,0,0,0,0,1
"2022",1,2,3,7,66,20,1,2,1,2,2,4,2,2,2,1,1,0,0,0,0,0,0,0,0,0,4,2,2,1,1,2,0
"2022",1,2,7,1,43,40,1,2,2,2,1,1,2,1,2,2,2,0,0,0,0,0,0,0,0,0,0,0,0,0,0,0,1
"2022",1,1,6,1,27,60,2,2,1,2,1,0,0,0,0,0,0,0,0,0,0,0,0,0,0,0,3,1,1,1,1,1,1
"2022",3,2,3,7,50,15,2,2,1,2,2,0,0,0,0,0,0,0,0,0,0,0,0,0,0,0,4,2,2,1,1,1,0
"2022",4,1,4,1,21,0,2,2,2,2,2,0,0,0,0,0,0,0,0,0,0,0,0,0,0,0,0,0,0,0,0,0,0
"2022",4,2,2,1,66,0,2,2,2,2,2,0,0,0,0,0,0,0,0,0,0,0,0,0,0,0,0,0,0,0,0,0,0
"2022",3,1,7,1,32,30,2,2,2,2,1,0,0,0,0,0,0,0,0,0,0,0,0,0,0,0,0,0,0,0,0,0,4
"2022",4,2,4,1,38,0,2,2,2,2,2,0,0,0,0,0,0,0,0,0,0,0,0,0,0,0,0,0,0,0,0,0,0
"2022",4,2,3,8,56,0,2,2,2,2,2,0,0,0,0,0,0,0,0,0,0,0,0,0,0,0,0,0,0,0,0,0,0
"2022",1,2,7,1,48,60,1,1,1,2,1,1,2,2,2,2,1,1,2,1,2,2,2,2,2,2,1,1,1,1,1,1,1
"2022",1,2,3,7,61,30,2,1,1,2,2,0,0,0,0,0,0,4,2,2,2,1,2,2,2,2,3,1,2,1,1,1,0
"2022",1,1,7,1,32,20,1,2,2,2,2,1,2,1,2,2,2,0,0,0,0,0,0,0,0,0,0,0,0,0,0,0,0
"2022",4,1,3,1,50,0,2,2,2,2,2,0,0,0,0,0,0,0,0,0,0,0,0,0,0,0,0,0,0,0,0,0,0
"2022",4,2,4,1,24,0,2,2,2,2,2,0,0,0,0,0,0,0,0,0,0,0,0,0,0,0,0,0,0,0,0,0,0
"2022",3,2,4,7,33,20,2,2,2,2,1,0,0,0,0,0,0,0,0,0,0,0,0,0,0,0,0,0,0,0,0,0,1
"2022",1,1,4,1,22,30,2,1,1,2,2,0,0,0,0,0,0,4,2,2,2,1,2,2,2,2,4,1,1,2,2,1,0
"2022",1,2,4,7,74,60,1,1,2,2,2,4,2,2,2,1,2,4,2,2,2,1,2,2,1,2,0,0,0,0,0,0,0
"2022",1,1,3,1,33,40,1,1,1,2,2,4,2,2,1,2,2,4,1,2,2,2,2,1,2,2,3,2,1,2,2,1,0
"2022",3,2,3,7,20,25,2,1,2,2,2,0,0,0,0,0,0,4,2,2,2,2,1,2,2,2,0,0,0,0,0,0,0
"2022",1,2,2,7,63,35,1,1,2,2,2,5,2,2,1,2,2,5,2,2,2,2,1,2,2,2,0,0,0,0,0,0,0
"2022",1,2,2,7,60,20,2,2,1,2,2,0,0,0,0,0,0,0,0,0,0,0,0,0,0,0,3,1,1,1,1,1,0
"2022",3,1,2,7,68,20,2,2,1,2,2,0,0,0,0,0,0,0,0,0,0,0,0,0,0,0,3,1,1,2,2,1,0
"2022",4,1,2,8,72,0,2,2,2,2,2,0,0,0,0,0,0,0,0,0,0,0,0,0,0,0,0,0,0,0,0,0,0
"2022",1,1,4,1,51,40,1,2,2,2,2,4,2,2,2,2,1,0,0,0,0,0,0,0,0,0,0,0,0,0,0,0,0
"2022",3,2,4,1,19,20,2,2,1,2,2,0,0,0,0,0,0,0,0,0,0,0,0,0,0,0,3,2,2,1,1,1,0
"2022",4,1,4,1,21,0,2,2,2,2,2,0,0,0,0,0,0,0,0,0,0,0,0,0,0,0,0,0,0,0,0,0,0
"2022",4,2,3,7,45,0,2,2,2,2,2,0,0,0,0,0,0,0,0,0,0,0,0,0,0,0,0,0,0,0,0,0,0
"2022",1,1,4,6,18,40,1,2,2,2,1,2,2,1,2,2,1,0,0,0,0,0,0,0,0,0,0,0,0,0,0,0,2
"2022",4,1,3,1,42,0,2,2,2,2,2,0,0,0,0,0,0,0,0,0,0,0,0,0,0,0,0,0,0,0,0,0,0
"2022",1,1,7,1,40,35,1,1,2,2,1,1,2,1,2,1,2,3,2,2,2,1,2,1,2,2,0,0,0,0,0,0,1
"2022",3,1,4,1,26,30,2,2,1,2,2,0,0,0,0,0,0,0,0,0,0,0,0,0,0,0,3,1,1,1,1,1,0
"2022",4,1,3,1,41,0,2,2,2,2,2,0,0,0,0,0,0,0,0,0,0,0,0,0,0,0,0,0,0,0,0,0,0
"2022",1,1,4,1,54,30,1,2,1,2,1,1,2,2,1,2,2,0,0,0,0,0,0,0,0,0,1,1,2,1,2,2,4
"2022",1,1,7,1,44,120,1,1,1,2,1,1,1,1,2,1,2,4,2,1,2,1,2,2,2,2,3,1,1,1,1,2,1
"2022",1,1,7,4,58,60,2,2,2,2,1,0,0,0,0,0,0,0,0,0,0,0,0,0,0,0,0,0,0,0,0,0,4
"2022",4,1,3,1,49,0,2,2,2,2,2,0,0,0,0,0,0,0,0,0,0,0,0,0,0,0,0,0,0,0,0,0,0
"2022",3,2,3,1,43,10,2,1,2,2,2,0,0,0,0,0,0,5,2,2,2,2,1,2,2,2,0,0,0,0,0,0,0
"2022",4,2,2,1,45,0,2,2,2,2,2,0,0,0,0,0,0,0,0,0,0,0,0,0,0,0,0,0,0,0,0,0,0
"2022",0,1,2,1,63,0,0,0,0,0,0,0,0,0,0,0,0,0,0,0,0,0,0,0,0,0,0,0,0,0,0,0,0
"2022",1,1,4,1,27,20,2,2,2,2,1,0,0,0,0,0,0,0,0,0,0,0,0,0,0,0,0,0,0,0,0,0,4
"2022",4,2,2,7,65,0,2,2,2,2,2,0,0,0,0,0,0,0,0,0,0,0,0,0,0,0,0,0,0,0,0,0,0
"2022",1,1,7,1,22,30,2,1,2,2,1,0,0,0,0,0,0,3,2,2,2,2,2,1,2,2,0,0,0,0,0,0,3
"2022",2,1,3,1,47,0,2,2,2,2,2,0,0,0,0,0,0,0,0,0,0,0,0,0,0,0,0,0,0,0,0,0,0
"2022",1,2,2,1,21,60,1,2,2,1,2,4,2,2,2,2,1,0,0,0,0,0,0,0,0,0,0,0,0,0,0,0,0
"2022",1,1,4,1,43,90,1,1,1,2,2,4,2,2,2,1,2,4,2,2,2,2,2,1,2,2,4,1,1,2,2,2,0
"2022",1,2,7,1,23,90,1,2,2,2,2,4,2,2,2,1,2,0,0,0,0,0,0,0,0,0,0,0,0,0,0,0,0
"2022",1,2,6,1,48,60,1,2,2,2,1,4,2,2,1,2,2,0,0,0,0,0,0,0,0,0,0,0,0,0,0,0,3
"2022",1,2,4,7,58,60,2,2,1,2,1,0,0,0,0,0,0,0,0,0,0,0,0,0,0,0,3,1,1,1,1,1,4
"2022",1,1,4,1,60,45,2,1,1,2,2,0,0,0,0,0,0,3,1,2,2,2,2,2,2,2,3,1,1,2,2,1,0
"2022",1,2,3,7,49,30,2,2,2,2,1,0,0,0,0,0,0,0,0,0,0,0,0,0,0,0,0,0,0,0,0,0,3
"2022",1,2,4,7,53,20,1,2,2,2,2,4,2,2,1,2,2,0,0,0,0,0,0,0,0,0,0,0,0,0,0,0,0
"2022",4,1,7,1,23,0,2,2,2,2,2,0,0,0,0,0,0,0,0,0,0,0,0,0,0,0,0,0,0,0,0,0,0
"2022",4,2,3,1,38,0,2,2,2,2,2,0,0,0,0,0,0,0,0,0,0,0,0,0,0,0,0,0,0,0,0,0,0
"2022",4,1,7,1,39,0,2,2,2,2,2,0,0,0,0,0,0,0,0,0,0,0,0,0,0,0,0,0,0,0,0,0,0
"2022",4,1,2,1,44,0,2,2,2,2,2,0,0,0,0,0,0,0,0,0,0,0,0,0,0,0,0,0,0,0,0,0,0
"2022",1,1,2,1,68,30,2,1,1,2,2,0,0,0,0,0,0,3,2,1,2,1,2,2,2,2,3,1,1,2,2,1,0
"2022",4,2,2,10,91,0,2,2,2,2,2,0,0,0,0,0,0,0,0,0,0,0,0,0,0,0,0,0,0,0,0,0,0
"2022",1,1,2,1,68,45,1,2,1,2,2,4,2,1,2,2,2,0,0,0,0,0,0,0,0,0,3,1,1,1,2,1,0
"2022",1,1,7,1,52,60,1,2,1,2,1,1,1,1,2,1,2,0,0,0,0,0,0,0,0,0,3,1,1,1,1,1,1
"2022",4,2,2,1,48,0,2,2,2,2,2,0,0,0,0,0,0,0,0,0,0,0,0,0,0,0,0,0,0,0,0,0,0
"2022",3,1,2,1,64,20,2,2,1,2,2,0,0,0,0,0,0,0,0,0,0,0,0,0,0,0,3,2,1,2,2,2,0
"2022",1,2,3,1,18,120,1,2,2,2,1,2,2,1,2,2,1,0,0,0,0,0,0,0,0,0,0,0,0,0,0,0,2
"2022",1,1,4,1,39,30,1,2,1,2,2,4,2,2,2,2,1,0,0,0,0,0,0,0,0,0,4,1,1,2,2,2,0
"2022",1,1,3,1,41,60,2,2,1,2,2,0,0,0,0,0,0,0,0,0,0,0,0,0,0,0,3,1,1,1,1,2,0
"2022",4,1,3,1,32,0,2,2,2,2,2,0,0,0,0,0,0,0,0,0,0,0,0,0,0,0,0,0,0,0,0,0,0
"2022",4,1,2,1,50,0,2,2,2,2,2,0,0,0,0,0,0,0,0,0,0,0,0,0,0,0,0,0,0,0,0,0,0
"2022",3,1,3,1,38,10,2,2,1,2,2,0,0,0,0,0,0,0,0,0,0,0,0,0,0,0,4,2,1,2,2,1,0
"2022",1,1,3,1,38,45,2,2,1,2,2,0,0,0,0,0,0,0,0,0,0,0,0,0,0,0,3,1,1,2,2,1,0
"2022",4,2,3,1,34,0,2,2,2,2,2,0,0,0,0,0,0,0,0,0,0,0,0,0,0,0,0,0,0,0,0,0,0
"2022",2,2,7,1,63,0,2,2,2,2,2,0,0,0,0,0,0,0,0,0,0,0,0,0,0,0,0,0,0,0,0,0,0
"2022",1,2,7,1,31,30,1,2,2,2,1,1,2,1,2,2,2,0,0,0,0,0,0,0,0,0,0,0,0,0,0,0,3
"2022",4,2,8,1,60,0,2,2,2,2,2,0,0,0,0,0,0,0,0,0,0,0,0,0,0,0,0,0,0,0,0,0,0
"2022",1,2,4,7,55,30,1,2,2,2,1,4,2,2,1,2,2,0,0,0,0,0,0,0,0,0,0,0,0,0,0,0,4
"2022",1,1,8,1,37,30,2,2,1,2,1,0,0,0,0,0,0,0,0,0,0,0,0,0,0,0,3,1,1,1,1,1,3
"2022",1,2,8,7,40,45,2,2,2,2,1,0,0,0,0,0,0,0,0,0,0,0,0,0,0,0,0,0,0,0,0,0,3
"2022",1,1,7,1,42,30,2,2,2,2,1,0,0,0,0,0,0,0,0,0,0,0,0,0,0,0,0,0,0,0,0,0,1
"2022",1,2,8,7,39,30,1,1,2,2,1,3,2,2,1,2,2,3,2,2,2,2,2,1,2,2,0,0,0,0,0,0,3
"2022",1,1,4,1,37,120,2,2,2,2,1,0,0,0,0,0,0,0,0,0,0,0,0,0,0,0,0,0,0,0,0,0,3
"2022",4,1,6,1,42,0,2,2,2,2,2,0,0,0,0,0,0,0,0,0,0,0,0,0,0,0,0,0,0,0,0,0,0
"2022",4,2,3,1,49,0,2,2,2,2,2,0,0,0,0,0,0,0,0,0,0,0,0,0,0,0,0,0,0,0,0,0,0
"2022",4,2,2,1,54,0,2,2,2,2,2,0,0,0,0,0,0,0,0,0,0,0,0,0,0,0,0,0,0,0,0,0,0
"2022",1,2,6,1,44,10,2,1,1,2,2,0,0,0,0,0,0,4,2,2,2,2,2,2,2,1,3,1,2,1,1,1,0
"2022",1,1,7,1,38,30,1,2,2,1,2,4,2,1,2,1,1,0,0,0,0,0,0,0,0,0,0,0,0,0,0,0,0
"2022",1,2,3,7,56,60,1,2,2,2,1,4,2,1,2,2,2,0,0,0,0,0,0,0,0,0,0,0,0,0,0,0,3
"2022",4,2,2,7,61,0,2,2,2,2,2,0,0,0,0,0,0,0,0,0,0,0,0,0,0,0,0,0,0,0,0,0,0
"2022",4,1,3,1,43,0,2,2,2,2,2,0,0,0,0,0,0,0,0,0,0,0,0,0,0,0,0,0,0,0,0,0,0
"2022",2,2,3,7,55,0,2,2,2,2,2,0,0,0,0,0,0,0,0,0,0,0,0,0,0,0,0,0,0,0,0,0,0
"2022",4,2,7,1,30,0,2,2,2,2,2,0,0,0,0,0,0,0,0,0,0,0,0,0,0,0,0,0,0,0,0,0,0
"2022",1,1,7,1,62,45,2,2,2,2,1,0,0,0,0,0,0,0,0,0,0,0,0,0,0,0,0,0,0,0,0,0,1
"2022",1,2,4,6,18,60,1,2,2,2,2,4,2,2,2,1,2,0,0,0,0,0,0,0,0,0,0,0,0,0,0,0,0
"2022",1,1,8,1,58,45,1,1,1,1,1,1,1,2,2,2,1,3,2,2,2,1,2,2,2,2,3,1,1,2,1,1,1
"2022",1,2,7,7,32,45,1,2,1,2,1,4,2,1,2,1,2,0,0,0,0,0,0,0,0,0,3,1,1,2,2,1,3
"2022",1,2,2,7,71,45,2,2,1,2,2,0,0,0,0,0,0,0,0,0,0,0,0,0,0,0,3,1,1,1,1,1,0
"2022",1,2,7,1,33,60,1,2,2,2,2,1,2,1,2,2,2,0,0,0,0,0,0,0,0,0,0,0,0,0,0,0,0
"2022",4,1,3,1,47,0,2,2,2,2,2,0,0,0,0,0,0,0,0,0,0,0,0,0,0,0,0,0,0,0,0,0,0
"2022",1,1,3,1,41,25,2,2,1,2,1,0,0,0,0,0,0,0,0,0,0,0,0,0,0,0,3,1,1,1,1,1,3
"2022",2,1,7,1,22,0,2,2,2,2,2,0,0,0,0,0,0,0,0,0,0,0,0,0,0,0,0,0,0,0,0,0,0
"2022",1,2,3,4,34,30,2,2,2,2,1,0,0,0,0,0,0,0,0,0,0,0,0,0,0,0,0,0,0,0,0,0,4
"2022",4,2,7,7,55,0,2,2,2,2,2,0,0,0,0,0,0,0,0,0,0,0,0,0,0,0,0,0,0,0,0,0,0
"2022",4,2,3,1,47,0,2,2,2,2,2,0,0,0,0,0,0,0,0,0,0,0,0,0,0,0,0,0,0,0,0,0,0
"2022",1,1,2,8,67,20,2,2,1,2,2,0,0,0,0,0,0,0,0,0,0,0,0,0,0,0,3,1,1,1,1,1,0
"2022",4,1,99,1,58,0,2,2,2,2,2,0,0,0,0,0,0,0,0,0,0,0,0,0,0,0,0,0,0,0,0,0,0
"2022",1,1,3,1,18,120,1,2,2,2,1,2,2,1,2,2,2,0,0,0,0,0,0,0,0,0,0,0,0,0,0,0,2
"2022",1,2,7,6,19,30,1,1,2,2,1,2,2,2,2,1,1,2,2,2,1,2,2,2,2,2,0,0,0,0,0,0,2
"2022",1,1,3,10,81,30,2,1,1,2,2,0,0,0,0,0,0,4,2,1,2,2,2,2,2,2,4,1,1,1,1,1,0
"2022",1,2,3,1,46,60,1,2,1,2,1,4,2,2,2,1,2,0,0,0,0,0,0,0,0,0,4,1,1,2,2,1,4
"2022",4,2,7,7,31,0,2,2,2,2,2,0,0,0,0,0,0,0,0,0,0,0,0,0,0,0,0,0,0,0,0,0,0
"2022",1,1,8,1,56,40,1,2,1,2,2,1,2,1,2,2,2,0,0,0,0,0,0,0,0,0,3,1,2,1,2,1,0
"2022",1,2,7,1,25,60,1,2,2,2,2,1,2,1,2,2,2,0,0,0,0,0,0,0,0,0,0,0,0,0,0,0,0
"2022",4,2,2,7,83,0,2,2,2,2,2,0,0,0,0,0,0,0,0,0,0,0,0,0,0,0,0,0,0,0,0,0,0
"2022",1,2,4,7,39,120,1,2,2,2,2,2,2,1,2,1,2,0,0,0,0,0,0,0,0,0,0,0,0,0,0,0,0
"2022",4,1,2,8,68,0,2,2,2,2,2,0,0,0,0,0,0,0,0,0,0,0,0,0,0,0,0,0,0,0,0,0,0
"2022",3,1,8,1,53,20,2,2,1,2,2,0,0,0,0,0,0,0,0,0,0,0,0,0,0,0,3,1,1,2,2,1,0
"2022",1,2,4,7,21,40,2,1,1,2,2,0,0,0,0,0,0,4,2,2,2,2,2,2,2,1,4,2,1,2,1,1,0
"2022",1,1,4,1,31,90,1,2,2,2,2,4,2,2,2,1,2,0,0,0,0,0,0,0,0,0,0,0,0,0,0,0,0
"2022",4,2,4,7,26,0,2,2,2,2,2,0,0,0,0,0,0,0,0,0,0,0,0,0,0,0,0,0,0,0,0,0,0
"2022",1,2,4,1,18,30,2,1,2,1,2,0,0,0,0,0,0,4,2,2,2,2,2,2,2,1,0,0,0,0,0,0,0
"2022",1,2,7,6,26,60,1,2,1,2,2,2,2,1,2,2,2,0,0,0,0,0,0,0,0,0,2,1,1,1,1,1,0
"2022",4,1,3,1,42,0,2,2,2,2,2,0,0,0,0,0,0,0,0,0,0,0,0,0,0,0,0,0,0,0,0,0,0
"2022",4,2,3,1,24,0,2,2,2,2,2,0,0,0,0,0,0,0,0,0,0,0,0,0,0,0,0,0,0,0,0,0,0
"2022",1,2,8,8,59,45,1,2,2,2,2,4,2,2,2,1,2,0,0,0,0,0,0,0,0,0,0,0,0,0,0,0,0
"2022",1,2,6,7,92,180,1,2,2,2,2,4,2,2,2,1,2,0,0,0,0,0,0,0,0,0,0,0,0,0,0,0,0
"2022",1,2,6,8,77,60,2,1,1,2,2,0,0,0,0,0,0,4,2,2,2,1,2,2,2,1,3,1,2,1,1,1,0
"2022",1,2,7,7,55,40,1,2,2,2,2,4,2,2,2,1,1,0,0,0,0,0,0,0,0,0,0,0,0,0,0,0,0
"2022",4,2,6,7,23,0,2,2,2,2,2,0,0,0,0,0,0,0,0,0,0,0,0,0,0,0,0,0,0,0,0,0,0
"2022",1,1,7,1,57,60,1,2,2,2,2,4,2,2,2,1,2,0,0,0,0,0,0,0,0,0,0,0,0,0,0,0,0
"2022",4,1,3,1,36,0,2,2,2,2,2,0,0,0,0,0,0,0,0,0,0,0,0,0,0,0,0,0,0,0,0,0,0
"2022",1,2,7,1,38,120,1,2,2,2,2,1,2,1,2,2,2,0,0,0,0,0,0,0,0,0,0,0,0,0,0,0,0
"2022",1,2,7,6,23,180,1,2,2,2,2,2,2,1,2,2,2,0,0,0,0,0,0,0,0,0,0,0,0,0,0,0,0
"2022",4,1,2,8,70,0,2,2,2,2,2,0,0,0,0,0,0,0,0,0,0,0,0,0,0,0,0,0,0,0,0,0,0
"2022",1,2,4,7,42,60,1,2,2,2,2,4,2,2,2,1,2,0,0,0,0,0,0,0,0,0,0,0,0,0,0,0,0
"2022",3,1,3,1,46,20,2,2,1,2,2,0,0,0,0,0,0,0,0,0,0,0,0,0,0,0,4,1,1,2,2,1,0
"2022",2,2,4,1,40,0,2,2,2,2,2,0,0,0,0,0,0,0,0,0,0,0,0,0,0,0,0,0,0,0,0,0,0
"2022",2,2,2,8,51,0,2,2,2,2,2,0,0,0,0,0,0,0,0,0,0,0,0,0,0,0,0,0,0,0,0,0,0
"2022",1,1,7,1,23,60,1,2,2,2,2,3,2,2,1,1,1,0,0,0,0,0,0,0,0,0,0,0,0,0,0,0,0
"2022",4,2,7,1,29,0,2,2,2,2,2,0,0,0,0,0,0,0,0,0,0,0,0,0,0,0,0,0,0,0,0,0,0
"2022",4,1,2,1,78,0,2,2,2,2,2,0,0,0,0,0,0,0,0,0,0,0,0,0,0,0,0,0,0,0,0,0,0
"2022",4,2,3,7,39,0,2,2,2,2,2,0,0,0,0,0,0,0,0,0,0,0,0,0,0,0,0,0,0,0,0,0,0
"2022",0,2,0,7,76,0,0,0,0,0,0,0,0,0,0,0,0,0,0,0,0,0,0,0,0,0,0,0,0,0,0,0,0
"2022",1,2,3,7,47,60,1,2,2,2,2,4,1,2,2,2,2,0,0,0,0,0,0,0,0,0,0,0,0,0,0,0,0
"2022",1,2,4,7,30,30,2,1,2,2,2,0,0,0,0,0,0,4,2,2,2,2,1,2,2,2,0,0,0,0,0,0,0
"2022",4,2,4,1,39,0,2,2,2,2,2,0,0,0,0,0,0,0,0,0,0,0,0,0,0,0,0,0,0,0,0,0,0
"2022",4,2,3,8,64,0,2,2,2,2,2,0,0,0,0,0,0,0,0,0,0,0,0,0,0,0,0,0,0,0,0,0,0
"2022",4,2,4,7,54,0,2,2,2,2,2,0,0,0,0,0,0,0,0,0,0,0,0,0,0,0,0,0,0,0,0,0,0
"2022",4,2,3,1,52,0,2,2,2,2,2,0,0,0,0,0,0,0,0,0,0,0,0,0,0,0,0,0,0,0,0,0,0
"2022",4,2,7,8,53,0,2,2,2,2,2,0,0,0,0,0,0,0,0,0,0,0,0,0,0,0,0,0,0,0,0,0,0
"2022",4,1,2,8,81,0,2,2,2,2,2,0,0,0,0,0,0,0,0,0,0,0,0,0,0,0,0,0,0,0,0,0,0
"2022",3,2,4,7,39,30,2,1,2,2,2,0,0,0,0,0,0,4,2,2,2,2,2,2,2,1,0,0,0,0,0,0,0
"2022",4,1,2,1,62,0,2,2,2,2,2,0,0,0,0,0,0,0,0,0,0,0,0,0,0,0,0,0,0,0,0,0,0
"2022",4,2,3,1,57,0,2,2,2,2,2,0,0,0,0,0,0,0,0,0,0,0,0,0,0,0,0,0,0,0,0,0,0
"2022",1,1,3,1,58,60,1,2,2,2,2,1,1,2,2,2,2,0,0,0,0,0,0,0,0,0,0,0,0,0,0,0,0
"2022",1,1,4,8,66,60,1,2,2,2,2,5,2,2,1,2,2,0,0,0,0,0,0,0,0,0,0,0,0,0,0,0,0
"2022",1,2,2,7,69,30,2,2,1,2,2,0,0,0,0,0,0,0,0,0,0,0,0,0,0,0,3,2,2,2,2,1,0
"2022",1,1,7,1,31,60,1,1,1,1,1,2,2,1,2,2,2,2,2,2,2,2,2,1,2,2,4,1,2,2,2,2,3
"2022",1,2,7,1,33,20,1,1,1,2,1,4,2,2,2,1,2,4,2,1,2,2,2,2,2,2,1,1,2,1,1,1,1
"2022",1,1,3,1,23,15,2,2,2,1,1,0,0,0,0,0,0,0,0,0,0,0,0,0,0,0,0,0,0,0,0,0,2
"2022",2,1,4,1,19,0,2,2,2,2,2,0,0,0,0,0,0,0,0,0,0,0,0,0,0,0,0,0,0,0,0,0,0
"2022",1,1,7,1,29,120,1,1,2,2,1,4,2,1,2,2,2,4,2,2,2,2,2,1,2,2,0,0,0,0,0,0,3
"2022",1,2,4,7,66,60,1,1,2,2,1,3,2,1,2,2,1,3,2,1,2,2,2,2,2,2,0,0,0,0,0,0,3
"2022",1,2,3,7,57,60,1,1,2,2,2,5,2,2,1,2,2,5,2,2,2,2,1,2,2,2,0,0,0,0,0,0,0
"2022",0,2,0,1,56,0,0,0,0,0,0,0,0,0,0,0,0,0,0,0,0,0,0,0,0,0,0,0,0,0,0,0,0
"2022",1,1,2,1,54,60,1,1,1,2,1,3,2,2,1,2,2,2,2,1,2,2,2,1,2,2,3,2,2,2,2,2,3
"2022",0,2,2,1,51,0,0,0,0,0,0,0,0,0,0,0,0,0,0,0,0,0,0,0,0,0,0,0,0,0,0,0,0
"2022",1,2,7,1,51,20,1,1,1,1,1,4,2,1,2,1,1,6,2,1,1,2,2,2,2,2,4,1,2,1,2,2,1
"2022",1,2,7,7,41,30,1,2,1,2,1,4,2,2,2,1,2,0,0,0,0,0,0,0,0,0,3,1,2,2,2,2,3
"2022",3,2,7,1,53,5,2,2,2,2,1,0,0,0,0,0,0,0,0,0,0,0,0,0,0,0,0,0,0,0,0,0,3
"2022",1,2,7,8,62,60,1,2,2,2,1,3,2,2,1,2,2,0,0,0,0,0,0,0,0,0,0,0,0,0,0,0,3
"2022",1,2,7,8,57,20,1,2,2,1,2,4,2,2,2,2,1,0,0,0,0,0,0,0,0,0,0,0,0,0,0,0,0
"2022",0,1,0,1,71,0,0,0,0,0,0,0,0,0,0,0,0,0,0,0,0,0,0,0,0,0,0,0,0,0,0,0,0
"2022",3,1,4,6,18,30,2,2,2,2,1,0,0,0,0,0,0,0,0,0,0,0,0,0,0,0,0,0,0,0,0,0,2
"2022",1,1,7,1,34,60,2,1,2,2,2,0,0,0,0,0,0,3,2,2,1,2,2,1,1,1,0,0,0,0,0,0,0
"2022",1,2,7,1,65,20,1,2,2,2,2,4,2,2,2,1,2,0,0,0,0,0,0,0,0,0,0,0,0,0,0,0,0
"2022",1,1,4,7,73,20,1,1,2,2,2,4,2,2,2,1,2,4,2,2,1,2,2,2,2,1,0,0,0,0,0,0,0
"2022",1,1,8,8,70,60,1,2,2,2,1,3,2,2,2,1,1,0,0,0,0,0,0,0,0,0,0,0,0,0,0,0,6
"2022",3,1,4,1,27,60,1,1,2,2,1,1,1,2,2,2,2,1,2,2,2,2,2,1,2,2,0,0,0,0,0,0,1
"2022",1,2,2,7,50,10,1,2,2,1,2,4,2,2,1,1,2,0,0,0,0,0,0,0,0,0,0,0,0,0,0,0,0
"2022",1,1,7,1,51,60,1,2,2,2,2,3,2,2,2,1,2,0,0,0,0,0,0,0,0,0,0,0,0,0,0,0,0
"2022",4,1,7,8,66,0,2,2,2,2,2,0,0,0,0,0,0,0,0,0,0,0,0,0,0,0,0,0,0,0,0,0,0
"2022",1,1,9,1,35,44,1,1,1,1,1,1,2,1,2,1,1,4,2,2,2,2,2,1,2,2,3,1,1,1,1,1,1
"2022",1,2,7,6,22,20,1,2,2,2,1,2,2,1,2,2,2,0,0,0,0,0,0,0,0,0,0,0,0,0,0,0,3
"2022",1,1,7,1,53,30,1,1,2,2,1,3,2,2,1,2,2,3,2,1,2,2,2,2,2,2,0,0,0,0,0,0,3
"2022",4,1,7,1,31,0,2,2,2,2,2,0,0,0,0,0,0,0,0,0,0,0,0,0,0,0,0,0,0,0,0,0,0
"2022",1,1,4,1,36,60,1,2,2,1,2,4,2,2,2,2,1,0,0,0,0,0,0,0,0,0,0,0,0,0,0,0,0
"2022",4,2,3,7,55,0,2,2,2,2,2,0,0,0,0,0,0,0,0,0,0,0,0,0,0,0,0,0,0,0,0,0,0
"2022",1,1,7,3,52,30,1,2,2,2,1,2,2,1,1,2,2,0,0,0,0,0,0,0,0,0,0,0,0,0,0,0,2
"2022",1,1,2,1,39,30,2,2,2,2,1,0,0,0,0,0,0,0,0,0,0,0,0,0,0,0,0,0,0,0,0,0,4
"2022",1,2,2,7,54,30,2,2,1,2,2,0,0,0,0,0,0,0,0,0,0,0,0,0,0,0,3,1,1,2,1,1,0
"2022",1,1,2,1,40,60,1,1,2,2,2,4,2,2,2,1,2,4,2,2,2,2,2,2,2,1,0,0,0,0,0,0,0
"2022",1,2,2,1,36,30,1,1,2,2,1,4,2,2,2,2,1,4,2,2,2,2,2,2,2,1,0,0,0,0,0,0,4
"2022",4,1,7,1,48,0,2,2,2,2,2,0,0,0,0,0,0,0,0,0,0,0,0,0,0,0,0,0,0,0,0,0,0
"2022",1,1,7,1,68,120,1,2,2,2,1,1,2,1,2,2,2,0,0,0,0,0,0,0,0,0,0,0,0,0,0,0,1
"2022",4,2,7,1,42,0,2,2,2,2,2,0,0,0,0,0,0,0,0,0,0,0,0,0,0,0,0,0,0,0,0,0,0
"2022",3,1,6,1,40,60,2,2,2,2,1,0,0,0,0,0,0,0,0,0,0,0,0,0,0,0,0,0,0,0,0,0,1
"2022",1,2,7,1,64,60,1,1,2,2,2,4,2,2,2,1,2,4,2,2,1,2,2,2,2,1,0,0,0,0,0,0,0
"2022",3,1,7,1,28,60,2,2,2,2,1,0,0,0,0,0,0,0,0,0,0,0,0,0,0,0,0,0,0,0,0,0,1
"2022",4,2,2,7,73,0,2,2,2,2,2,0,0,0,0,0,0,0,0,0,0,0,0,0,0,0,0,0,0,0,0,0,0
"2022",1,1,3,1,43,30,1,2,2,2,1,3,2,2,2,2,1,0,0,0,0,0,0,0,0,0,0,0,0,0,0,0,4
"2022",4,1,4,1,23,0,2,2,2,2,2,0,0,0,0,0,0,0,0,0,0,0,0,0,0,0,0,0,0,0,0,0,0
"2022",1,2,7,1,22,30,1,2,2,2,1,4,2,2,2,1,2,0,0,0,0,0,0,0,0,0,0,0,0,0,0,0,2
"2022",4,2,3,1,52,0,2,2,2,2,2,0,0,0,0,0,0,0,0,0,0,0,0,0,0,0,0,0,0,0,0,0,0
"2022",1,1,7,1,69,60,1,1,2,2,2,3,2,2,2,2,1,1,2,1,2,2,2,1,1,2,0,0,0,0,0,0,0
"2022",1,1,8,1,64,120,1,2,2,2,2,4,2,2,1,2,2,0,0,0,0,0,0,0,0,0,0,0,0,0,0,0,0
"2022",1,1,7,1,76,40,1,2,2,2,2,3,2,2,2,2,1,0,0,0,0,0,0,0,0,0,0,0,0,0,0,0,0
"2022",1,2,3,7,57,60,1,2,2,2,2,5,2,2,1,2,2,0,0,0,0,0,0,0,0,0,0,0,0,0,0,0,0
"2022",4,2,4,1,23,0,2,2,2,2,2,0,0,0,0,0,0,0,0,0,0,0,0,0,0,0,0,0,0,0,0,0,0
"2022",1,2,4,3,56,30,2,1,1,2,2,0,0,0,0,0,0,5,2,2,2,2,1,2,2,2,3,2,1,2,2,1,0
"2022",1,2,2,1,49,15,1,2,2,2,2,3,2,1,1,2,2,0,0,0,0,0,0,0,0,0,0,0,0,0,0,0,0
"2022",4,2,7,1,43,0,2,2,2,2,2,0,0,0,0,0,0,0,0,0,0,0,0,0,0,0,0,0,0,0,0,0,0
"2022",4,1,7,1,50,0,2,2,2,2,2,0,0,0,0,0,0,0,0,0,0,0,0,0,0,0,0,0,0,0,0,0,0
"2022",2,2,2,1,52,0,2,2,2,2,2,0,0,0,0,0,0,0,0,0,0,0,0,0,0,0,0,0,0,0,0,0,0
"2022",4,2,4,1,31,0,2,2,2,2,2,0,0,0,0,0,0,0,0,0,0,0,0,0,0,0,0,0,0,0,0,0,0
"2022",4,2,2,7,74,0,2,2,2,2,2,0,0,0,0,0,0,0,0,0,0,0,0,0,0,0,0,0,0,0,0,0,0
"2022",4,2,6,7,64,0,2,2,2,2,2,0,0,0,0,0,0,0,0,0,0,0,0,0,0,0,0,0,0,0,0,0,0
"2022",3,1,0,1,43,2,2,2,2,2,1,0,0,0,0,0,0,0,0,0,0,0,0,0,0,0,0,0,0,0,0,0,1
"2022",3,1,2,1,57,90,1,2,2,2,2,5,2,2,1,2,2,0,0,0,0,0,0,0,0,0,0,0,0,0,0,0,0
"2022",1,2,3,1,25,2,2,2,1,2,2,0,0,0,0,0,0,0,0,0,0,0,0,0,0,0,2,2,2,2,1,1,0
"2022",1,1,4,1,30,30,2,1,2,1,1,0,0,0,0,0,0,3,2,2,2,2,2,1,1,2,0,0,0,0,0,0,3
"2022",1,2,7,6,20,180,1,1,2,2,2,4,2,2,2,1,2,2,2,2,2,1,2,2,2,2,0,0,0,0,0,0,0
"2022",1,2,2,1,63,15,1,2,2,2,2,4,2,2,1,2,2,0,0,0,0,0,0,0,0,0,0,0,0,0,0,0,0
"2022",1,2,7,6,21,120,2,1,2,1,1,0,0,0,0,0,0,2,2,2,2,2,2,1,2,2,0,0,0,0,0,0,2
"2022",4,1,4,1,54,0,2,2,2,2,2,0,0,0,0,0,0,0,0,0,0,0,0,0,0,0,0,0,0,0,0,0,0
"2022",1,1,4,1,28,20,1,2,1,2,1,4,2,1,2,2,2,0,0,0,0,0,0,0,0,0,4,1,1,2,2,1,3
"2022",1,2,2,7,58,20,2,1,2,2,2,0,0,0,0,0,0,5,2,2,2,2,1,2,2,2,0,0,0,0,0,0,0
"2022",1,1,7,1,34,25,1,1,1,2,2,4,2,2,2,2,1,4,2,1,2,1,2,2,2,2,3,1,1,2,2,1,0
"2022",3,2,3,1,26,60,2,2,2,2,1,0,0,0,0,0,0,0,0,0,0,0,0,0,0,0,0,0,0,0,0,0,4
"2022",1,2,2,1,29,60,1,2,2,2,1,4,2,2,1,2,2,0,0,0,0,0,0,0,0,0,0,0,0,0,0,0,2
"2022",4,1,2,1,63,0,2,2,2,2,2,0,0,0,0,0,0,0,0,0,0,0,0,0,0,0,0,0,0,0,0,0,0
"2022",1,2,4,1,44,30,1,2,1,2,1,4,2,1,2,2,2,0,0,0,0,0,0,0,0,0,4,1,2,2,2,2,2
"2022",1,2,7,1,32,25,1,1,2,2,2,3,2,2,1,2,2,3,2,1,2,2,2,2,2,2,0,0,0,0,0,0,0
"2022",1,1,4,1,54,15,1,1,2,2,1,3,2,2,2,2,1,4,2,2,2,1,2,2,2,2,0,0,0,0,0,0,3
"2022",4,1,4,1,31,0,2,2,2,2,2,0,0,0,0,0,0,0,0,0,0,0,0,0,0,0,0,0,0,0,0,0,0
"2022",1,2,6,1,64,30,2,2,2,2,1,0,0,0,0,0,0,0,0,0,0,0,0,0,0,0,0,0,0,0,0,0,3
"2022",1,2,3,7,30,30,1,2,2,2,1,6,2,2,2,1,2,0,0,0,0,0,0,0,0,0,0,0,0,0,0,0,3
"2022",3,1,7,1,27,10,2,2,2,2,1,0,0,0,0,0,0,0,0,0,0,0,0,0,0,0,0,0,0,0,0,0,3
"2022",1,2,4,8,55,35,1,1,2,2,1,3,2,1,2,2,1,3,2,2,2,1,2,2,1,2,0,0,0,0,0,0,3
"2022",4,1,3,1,59,0,2,2,2,2,2,0,0,0,0,0,0,0,0,0,0,0,0,0,0,0,0,0,0,0,0,0,0
"2022",1,2,2,7,71,10,2,1,1,2,2,0,0,0,0,0,0,5,2,2,2,2,1,2,2,2,4,2,2,1,2,2,0
"2022",1,1,6,1,32,60,2,1,2,2,1,0,0,0,0,0,0,1,2,2,2,1,2,1,2,2,0,0,0,0,0,0,1
"2022",1,1,7,8,65,45,2,2,1,2,2,0,0,0,0,0,0,0,0,0,0,0,0,0,0,0,3,1,1,1,1,1,0
"2022",1,1,7,6,21,20,1,2,2,2,1,2,2,1,1,2,2,0,0,0,0,0,0,0,0,0,0,0,0,0,0,0,3
"2022",3,1,7,8,84,30,2,2,1,2,2,0,0,0,0,0,0,0,0,0,0,0,0,0,0,0,4,1,1,1,1,1,0
"2022",3,1,7,1,30,30,2,1,1,2,1,0,0,0,0,0,0,4,1,2,2,2,2,2,2,2,4,2,2,1,2,2,3
"2022",1,1,7,1,72,15,1,1,2,2,1,3,2,1,2,2,1,2,2,2,2,2,2,1,2,2,0,0,0,0,0,0,3
"2022",4,1,3,1,37,0,2,2,2,2,2,0,0,0,0,0,0,0,0,0,0,0,0,0,0,0,0,0,0,0,0,0,0
"2022",1,2,3,7,25,60,1,1,2,1,1,4,2,2,2,1,2,4,2,2,1,2,2,2,2,2,0,0,0,0,0,0,4
"2022",4,2,2,7,59,0,2,2,2,2,2,0,0,0,0,0,0,0,0,0,0,0,0,0,0,0,0,0,0,0,0,0,0
"2022",1,1,7,1,47,15,1,1,2,2,1,3,2,2,2,2,1,3,2,2,2,2,2,1,2,2,0,0,0,0,0,0,3
"2022",1,1,7,1,61,20,2,1,2,2,2,0,0,0,0,0,0,3,2,2,2,2,2,2,1,2,0,0,0,0,0,0,0
"2022",3,1,4,1,21,30,2,1,2,2,1,0,0,0,0,0,0,4,2,2,2,2,2,2,1,2,0,0,0,0,0,0,3
"2022",1,2,7,7,31,30,1,2,2,2,2,4,2,2,2,1,2,0,0,0,0,0,0,0,0,0,0,0,0,0,0,0,0
"2022",1,1,7,1,29,15,1,2,2,1,1,4,2,2,1,1,2,0,0,0,0,0,0,0,0,0,0,0,0,0,0,0,3
"2022",1,1,7,1,33,15,1,2,2,2,1,3,2,1,2,2,2,0,0,0,0,0,0,0,0,0,0,0,0,0,0,0,3
"2022",3,1,3,1,26,30,1,2,2,2,1,3,2,2,1,2,2,0,0,0,0,0,0,0,0,0,0,0,0,0,0,0,3
"2022",4,1,2,1,30,0,2,2,2,2,2,0,0,0,0,0,0,0,0,0,0,0,0,0,0,0,0,0,0,0,0,0,0
"2022",1,2,3,7,22,30,1,1,2,2,1,3,2,1,2,2,2,4,2,2,2,2,2,2,2,1,0,0,0,0,0,0,4
"2022",4,1,2,1,69,0,2,2,2,2,2,0,0,0,0,0,0,0,0,0,0,0,0,0,0,0,0,0,0,0,0,0,0
"2022",3,1,7,1,66,15,1,2,1,2,1,4,2,2,2,1,2,0,0,0,0,0,0,0,0,0,3,2,1,2,2,2,4
"2022",1,2,7,6,21,120,1,2,1,2,1,3,2,2,1,2,1,0,0,0,0,0,0,0,0,0,3,2,2,1,1,1,3
"2022",1,1,7,1,41,60,1,1,1,1,1,1,2,1,2,2,2,4,2,1,2,2,2,1,2,2,3,1,2,1,2,2,1
"2022",2,2,2,1,48,0,2,2,2,2,2,0,0,0,0,0,0,0,0,0,0,0,0,0,0,0,0,0,0,0,0,0,0
"2022",4,2,2,1,45,0,2,2,2,2,2,0,0,0,0,0,0,0,0,0,0,0,0,0,0,0,0,0,0,0,0,0,0
"2022",4,2,6,1,58,0,2,2,2,2,2,0,0,0,0,0,0,0,0,0,0,0,0,0,0,0,0,0,0,0,0,0,0
"2022",4,2,4,1,49,0,2,2,2,2,2,0,0,0,0,0,0,0,0,0,0,0,0,0,0,0,0,0,0,0,0,0,0
"2022",4,2,2,7,69,0,2,2,2,2,2,0,0,0,0,0,0,0,0,0,0,0,0,0,0,0,0,0,0,0,0,0,0
"2022",1,1,3,1,41,40,1,2,2,2,1,3,2,2,1,2,2,0,0,0,0,0,0,0,0,0,0,0,0,0,0,0,5
"2022",1,1,4,1,59,60,1,1,2,2,1,1,1,2,2,2,2,1,2,2,1,2,2,2,1,2,0,0,0,0,0,0,1
"2022",1,2,4,6,20,180,1,2,1,2,1,4,2,1,2,2,1,0,0,0,0,0,0,0,0,0,3,1,2,2,2,2,3
"2022",3,2,4,4,28,10,2,2,2,2,1,0,0,0,0,0,0,0,0,0,0,0,0,0,0,0,0,0,0,0,0,0,3
"2022",1,1,4,1,23,60,1,2,2,2,1,4,2,2,2,1,2,0,0,0,0,0,0,0,0,0,0,0,0,0,0,0,4
"2022",4,2,4,1,39,0,2,2,2,2,2,0,0,0,0,0,0,0,0,0,0,0,0,0,0,0,0,0,0,0,0,0,0
"2022",3,2,4,1,45,30,2,2,2,2,1,0,0,0,0,0,0,0,0,0,0,0,0,0,0,0,0,0,0,0,0,0,6
"2022",1,2,7,1,38,30,1,1,2,2,1,3,2,2,1,2,2,4,2,2,1,2,2,2,2,1,0,0,0,0,0,0,3
"2022",4,1,7,1,55,0,2,2,2,2,2,0,0,0,0,0,0,0,0,0,0,0,0,0,0,0,0,0,0,0,0,0,0
"2022",3,1,4,1,32,5,2,2,1,2,2,0,0,0,0,0,0,0,0,0,0,0,0,0,0,0,4,2,1,2,2,2,0
"2022",4,2,4,7,53,0,2,2,2,2,2,0,0,0,0,0,0,0,0,0,0,0,0,0,0,0,0,0,0,0,0,0,0
"2022",1,1,7,1,44,120,1,2,2,2,1,3,1,2,1,2,2,0,0,0,0,0,0,0,0,0,0,0,0,0,0,0,3
"2022",1,2,3,1,22,30,1,1,2,2,1,4,2,2,1,2,2,4,2,2,2,2,2,2,2,1,0,0,0,0,0,0,3
"2022",4,2,4,1,33,0,2,2,2,2,2,0,0,0,0,0,0,0,0,0,0,0,0,0,0,0,0,0,0,0,0,0,0
"2022",1,2,2,1,50,15,2,2,1,2,2,0,0,0,0,0,0,0,0,0,0,0,0,0,0,0,1,2,2,2,1,2,0
"2022",4,2,2,1,77,0,2,2,2,2,2,0,0,0,0,0,0,0,0,0,0,0,0,0,0,0,0,0,0,0,0,0,0
"2022",1,2,7,1,32,60,1,1,2,2,1,4,2,2,2,1,2,1,2,1,2,2,2,1,2,2,0,0,0,0,0,0,1
"2022",1,2,3,7,86,30,2,1,1,2,2,0,0,0,0,0,0,4,2,2,2,1,2,2,1,2,3,1,1,1,1,1,0
"2022",4,2,4,1,23,0,2,2,2,2,2,0,0,0,0,0,0,0,0,0,0,0,0,0,0,0,0,0,0,0,0,0,0
"2022",4,2,2,10,91,0,2,2,2,2,2,0,0,0,0,0,0,0,0,0,0,0,0,0,0,0,0,0,0,0,0,0,0
"2022",1,2,3,1,58,15,2,1,2,2,1,0,0,0,0,0,0,5,2,2,2,2,1,2,2,2,0,0,0,0,0,0,4
"2022",3,1,3,1,48,10,2,2,1,2,2,0,0,0,0,0,0,0,0,0,0,0,0,0,0,0,4,2,1,2,2,2,0
"2022",3,1,6,8,70,15,2,2,2,2,1,0,0,0,0,0,0,0,0,0,0,0,0,0,0,0,0,0,0,0,0,0,3
"2022",4,2,2,7,75,0,2,2,2,2,2,0,0,0,0,0,0,0,0,0,0,0,0,0,0,0,0,0,0,0,0,0,0
"2022",2,2,7,1,22,0,2,2,2,2,2,0,0,0,0,0,0,0,0,0,0,0,0,0,0,0,0,0,0,0,0,0,0
"2022",3,1,3,1,47,5,2,1,2,2,2,0,0,0,0,0,0,4,2,2,2,2,1,2,2,2,0,0,0,0,0,0,0
"2022",4,2,4,7,26,0,2,2,2,2,2,0,0,0,0,0,0,0,0,0,0,0,0,0,0,0,0,0,0,0,0,0,0
"2022",4,2,4,1,27,0,2,2,2,2,2,0,0,0,0,0,0,0,0,0,0,0,0,0,0,0,0,0,0,0,0,0,0
"2022",1,1,7,1,61,240,1,2,2,2,2,1,2,1,2,2,2,0,0,0,0,0,0,0,0,0,0,0,0,0,0,0,0
"2022",1,1,7,1,27,30,1,1,2,1,1,4,2,2,2,1,1,4,2,1,2,2,2,2,1,1,0,0,0,0,0,0,3
"2022",1,2,7,1,35,30,2,2,2,2,1,0,0,0,0,0,0,0,0,0,0,0,0,0,0,0,0,0,0,0,0,0,1
"2022",4,1,4,1,58,0,2,2,2,2,2,0,0,0,0,0,0,0,0,0,0,0,0,0,0,0,0,0,0,0,0,0,0
"2022",1,2,5,8,55,25,1,1,2,2,2,3,2,2,1,2,2,4,2,2,1,2,1,2,1,2,0,0,0,0,0,0,0
"2022",1,1,7,1,25,20,2,2,1,1,1,0,0,0,0,0,0,0,0,0,0,0,0,0,0,0,3,1,1,2,2,2,3
"2022",1,2,2,7,71,15,1,2,2,2,2,5,2,2,1,2,2,0,0,0,0,0,0,0,0,0,0,0,0,0,0,0,0
"2022",1,1,4,4,19,45,1,1,2,1,1,4,2,2,2,1,1,4,2,2,2,2,2,2,1,2,0,0,0,0,0,0,3
"2022",3,2,4,7,24,60,2,2,2,2,1,0,0,0,0,0,0,0,0,0,0,0,0,0,0,0,0,0,0,0,0,0,4
"2022",1,1,7,6,33,240,1,2,2,2,1,2,1,1,2,2,2,0,0,0,0,0,0,0,0,0,0,0,0,0,0,0,3
"2022",1,2,6,1,44,30,1,2,2,2,2,4,1,2,2,2,2,0,0,0,0,0,0,0,0,0,0,0,0,0,0,0,0
"2022",1,1,4,1,41,20,1,2,1,2,1,4,2,1,2,2,2,0,0,0,0,0,0,0,0,0,3,1,1,1,2,2,4
"2022",3,2,2,1,52,5,2,1,2,2,2,0,0,0,0,0,0,4,2,2,2,2,2,2,2,1,0,0,0,0,0,0,0
"2022",4,2,2,7,85,0,2,2,2,2,2,0,0,0,0,0,0,0,0,0,0,0,0,0,0,0,0,0,0,0,0,0,0
"2022",4,1,4,1,41,0,2,2,2,2,2,0,0,0,0,0,0,0,0,0,0,0,0,0,0,0,0,0,0,0,0,0,0
"2022",1,1,7,1,24,60,1,1,2,2,1,3,2,2,2,1,1,4,1,2,2,2,2,2,2,2,0,0,0,0,0,0,3
"2022",1,2,7,1,36,60,1,2,1,2,1,3,2,2,2,1,1,0,0,0,0,0,0,0,0,0,3,2,1,1,1,2,3
"2022",3,1,6,1,43,15,1,2,2,2,1,3,2,2,2,2,1,0,0,0,0,0,0,0,0,0,0,0,0,0,0,0,3
"2022",1,2,4,7,49,45,1,2,2,2,1,4,2,2,2,1,2,0,0,0,0,0,0,0,0,0,0,0,0,0,0,0,3
"2022",4,1,4,1,56,0,2,2,2,2,2,0,0,0,0,0,0,0,0,0,0,0,0,0,0,0,0,0,0,0,0,0,0
"2022",1,1,3,1,34,45,1,2,2,2,2,4,2,2,2,2,1,0,0,0,0,0,0,0,0,0,0,0,0,0,0,0,0
"2022",1,2,7,1,46,60,1,2,1,2,2,4,2,2,2,2,1,0,0,0,0,0,0,0,0,0,3,2,2,1,2,2,0
"2022",4,2,4,1,56,0,2,2,2,2,2,0,0,0,0,0,0,0,0,0,0,0,0,0,0,0,0,0,0,0,0,0,0
"2022",3,1,5,1,44,15,2,1,2,2,2,0,0,0,0,0,0,4,2,2,2,2,2,2,1,2,0,0,0,0,0,0,0
"2022",1,2,3,7,65,20,2,1,2,2,2,0,0,0,0,0,0,5,2,2,2,2,1,2,2,2,0,0,0,0,0,0,0
"2022",4,2,4,7,41,0,2,2,2,2,2,0,0,0,0,0,0,0,0,0,0,0,0,0,0,0,0,0,0,0,0,0,0
"2022",1,2,3,1,37,30,1,2,2,2,1,6,2,1,2,2,2,0,0,0,0,0,0,0,0,0,0,0,0,0,0,0,6
"2022",1,2,7,7,26,60,2,1,2,2,1,0,0,0,0,0,0,4,2,2,1,2,2,2,2,1,0,0,0,0,0,0,4
"2022",1,2,4,1,46,60,2,2,2,2,1,0,0,0,0,0,0,0,0,0,0,0,0,0,0,0,0,0,0,0,0,0,6
"2022",1,2,7,6,23,30,1,2,2,2,2,2,2,1,2,2,2,0,0,0,0,0,0,0,0,0,0,0,0,0,0,0,0
"2022",4,2,4,1,37,0,2,2,2,2,2,0,0,0,0,0,0,0,0,0,0,0,0,0,0,0,0,0,0,0,0,0,0
"2022",4,1,3,1,36,0,2,2,2,2,2,0,0,0,0,0,0,0,0,0,0,0,0,0,0,0,0,0,0,0,0,0,0
"2022",4,2,3,1,39,0,2,2,2,2,2,0,0,0,0,0,0,0,0,0,0,0,0,0,0,0,0,0,0,0,0,0,0
"2022",1,2,4,1,42,120,1,2,2,2,2,5,2,2,1,2,2,0,0,0,0,0,0,0,0,0,0,0,0,0,0,0,0
"2022",4,1,3,1,47,0,2,2,2,2,2,0,0,0,0,0,0,0,0,0,0,0,0,0,0,0,0,0,0,0,0,0,0
"2022",1,1,4,1,21,5,2,1,1,2,2,0,0,0,0,0,0,4,1,2,2,1,2,2,2,1,4,1,1,1,1,1,0
"2022",4,2,4,7,31,0,2,2,2,2,2,0,0,0,0,0,0,0,0,0,0,0,0,0,0,0,0,0,0,0,0,0,0
"2022",3,2,7,7,54,30,2,2,2,2,1,0,0,0,0,0,0,0,0,0,0,0,0,0,0,0,0,0,0,0,0,0,4
"2022",4,2,4,1,39,0,2,2,2,2,2,0,0,0,0,0,0,0,0,0,0,0,0,0,0,0,0,0,0,0,0,0,0
"2022",1,2,3,7,51,20,2,1,2,2,2,0,0,0,0,0,0,4,2,2,2,2,2,2,2,1,0,0,0,0,0,0,0
"2022",4,2,6,1,40,0,2,2,2,2,2,0,0,0,0,0,0,0,0,0,0,0,0,0,0,0,0,0,0,0,0,0,0
"2022",3,2,7,1,39,15,2,2,2,2,1,0,0,0,0,0,0,0,0,0,0,0,0,0,0,0,0,0,0,0,0,0,3
"2022",1,2,6,8,64,20,1,1,2,2,2,3,2,2,1,1,2,4,2,2,1,2,2,2,2,2,0,0,0,0,0,0,0
"2022",1,2,7,1,33,60,1,2,2,2,1,3,2,2,1,1,1,0,0,0,0,0,0,0,0,0,0,0,0,0,0,0,3
"2022",1,2,7,6,20,30,1,2,2,1,1,4,2,2,2,1,2,0,0,0,0,0,0,0,0,0,0,0,0,0,0,0,3
"2022",1,2,8,1,45,60,1,2,2,1,1,4,1,1,2,2,1,0,0,0,0,0,0,0,0,0,0,0,0,0,0,0,1
"2022",1,1,3,1,25,20,1,2,2,2,1,4,2,2,2,1,2,0,0,0,0,0,0,0,0,0,0,0,0,0,0,0,4
"2022",1,2,2,7,56,30,1,2,2,2,2,4,1,2,2,2,2,0,0,0,0,0,0,0,0,0,0,0,0,0,0,0,0
"2022",1,2,2,8,69,10,1,2,2,2,2,4,2,2,1,2,2,0,0,0,0,0,0,0,0,0,0,0,0,0,0,0,0
"2022",1,1,3,1,49,30,2,2,1,2,1,0,0,0,0,0,0,0,0,0,0,0,0,0,0,0,4,1,1,2,2,1,3
"2022",1,2,4,1,43,5,1,2,2,2,2,4,2,2,2,1,2,0,0,0,0,0,0,0,0,0,0,0,0,0,0,0,0
"2022",1,2,4,1,38,15,1,1,2,2,1,6,2,2,1,2,2,4,2,1,2,2,2,1,2,2,0,0,0,0,0,0,4
"2022",3,2,4,1,48,20,1,2,2,2,2,4,2,2,2,1,2,0,0,0,0,0,0,0,0,0,0,0,0,0,0,0,0
"2022",4,1,3,1,58,0,2,2,2,2,2,0,0,0,0,0,0,0,0,0,0,0,0,0,0,0,0,0,0,0,0,0,0
"2022",1,1,7,1,24,20,2,1,1,2,1,0,0,0,0,0,0,3,1,2,2,2,2,1,1,2,4,1,1,2,1,1,1
"2022",1,2,4,7,30,48,1,1,2,2,2,4,2,2,1,2,2,6,2,2,1,2,2,2,2,1,0,0,0,0,0,0,0
"2022",1,2,3,1,36,40,1,2,2,2,1,4,2,1,2,2,2,0,0,0,0,0,0,0,0,0,0,0,0,0,0,0,1
"2022",4,1,4,1,24,0,2,2,2,2,2,0,0,0,0,0,0,0,0,0,0,0,0,0,0,0,0,0,0,0,0,0,0
"2022",1,1,7,1,36,30,2,1,1,2,1,0,0,0,0,0,0,1,2,2,2,2,2,1,2,2,4,2,1,1,2,2,3
"2022",4,1,4,1,24,0,2,2,2,2,2,0,0,0,0,0,0,0,0,0,0,0,0,0,0,0,0,0,0,0,0,0,0
"2022",1,2,7,1,44,20,1,2,2,1,1,4,2,2,2,1,2,0,0,0,0,0,0,0,0,0,0,0,0,0,0,0,2
"2022",1,2,4,6,20,60,1,2,2,1,1,2,2,1,2,2,2,0,0,0,0,0,0,0,0,0,0,0,0,0,0,0,2
"2022",1,2,7,1,25,20,1,2,2,2,2,4,2,2,1,1,2,0,0,0,0,0,0,0,0,0,0,0,0,0,0,0,0
"2022",1,2,3,7,67,20,1,2,1,2,2,3,2,2,2,1,2,0,0,0,0,0,0,0,0,0,3,2,2,1,2,2,0
"2022",1,2,3,1,38,15,1,1,2,2,1,5,2,2,1,2,2,5,2,2,2,1,2,2,1,2,0,0,0,0,0,0,5
"2022",4,2,2,7,70,0,2,2,2,2,2,0,0,0,0,0,0,0,0,0,0,0,0,0,0,0,0,0,0,0,0,0,0
"2022",1,1,7,1,38,60,1,1,1,2,1,3,2,2,2,2,1,3,1,2,2,2,2,1,2,2,3,1,1,1,1,1,1
"2022",4,1,7,1,56,0,2,2,2,2,2,0,0,0,0,0,0,0,0,0,0,0,0,0,0,0,0,0,0,0,0,0,0
"2022",1,2,7,1,61,30,1,2,2,2,2,4,2,1,2,2,2,0,0,0,0,0,0,0,0,0,0,0,0,0,0,0,0
"2022",3,1,4,1,24,10,2,2,1,2,2,0,0,0,0,0,0,0,0,0,0,0,0,0,0,0,4,2,2,1,2,1,0
"2022",1,2,2,7,76,20,1,2,2,2,2,5,2,2,1,2,2,0,0,0,0,0,0,0,0,0,0,0,0,0,0,0,0
"2022",1,1,6,8,67,120,1,2,2,2,1,4,2,2,2,1,1,0,0,0,0,0,0,0,0,0,0,0,0,0,0,0,4
"2022",4,2,2,7,64,0,2,2,2,2,2,0,0,0,0,0,0,0,0,0,0,0,0,0,0,0,0,0,0,0,0,0,0
"2022",1,2,7,1,22,60,1,2,2,2,1,2,2,1,2,2,2,0,0,0,0,0,0,0,0,0,0,0,0,0,0,0,3
"2022",1,2,3,1,39,30,2,1,2,2,1,0,0,0,0,0,0,4,2,2,2,2,2,2,2,1,0,0,0,0,0,0,3
"2022",1,1,4,1,49,10,2,2,1,2,1,0,0,0,0,0,0,0,0,0,0,0,0,0,0,0,3,1,1,2,2,2,3
"2022",1,1,7,8,85,60,1,2,2,2,2,4,2,2,2,1,2,0,0,0,0,0,0,0,0,0,0,0,0,0,0,0,0
"2022",4,2,3,7,74,0,2,2,2,2,2,0,0,0,0,0,0,0,0,0,0,0,0,0,0,0,0,0,0,0,0,0,0
"2022",1,2,7,7,70,120,1,2,2,2,1,3,2,2,2,2,1,0,0,0,0,0,0,0,0,0,0,0,0,0,0,0,3
"2022",1,2,7,7,65,20,1,2,2,2,2,5,2,2,1,2,2,0,0,0,0,0,0,0,0,0,0,0,0,0,0,0,0
"2022",4,2,4,7,52,0,2,2,2,2,2,0,0,0,0,0,0,0,0,0,0,0,0,0,0,0,0,0,0,0,0,0,0
"2022",4,1,2,8,78,0,2,2,2,2,2,0,0,0,0,0,0,0,0,0,0,0,0,0,0,0,0,0,0,0,0,0,0
"2022",1,2,4,1,29,30,2,2,2,2,1,0,0,0,0,0,0,0,0,0,0,0,0,0,0,0,0,0,0,0,0,0,4
"2022",1,1,3,1,49,10,1,2,2,2,2,5,2,2,1,2,2,0,0,0,0,0,0,0,0,0,0,0,0,0,0,0,0
"2022",3,2,8,1,31,15,1,2,2,2,1,3,2,2,2,1,2,0,0,0,0,0,0,0,0,0,0,0,0,0,0,0,3
"2022",1,1,3,1,56,45,2,2,2,2,1,0,0,0,0,0,0,0,0,0,0,0,0,0,0,0,0,0,0,0,0,0,3
"2022",1,1,2,3,72,30,2,2,2,2,1,0,0,0,0,0,0,0,0,0,0,0,0,0,0,0,0,0,0,0,0,0,3
"2022",4,2,2,9,70,0,2,2,2,2,2,0,0,0,0,0,0,0,0,0,0,0,0,0,0,0,0,0,0,0,0,0,0
"2022",4,2,3,1,21,0,2,2,2,2,2,0,0,0,0,0,0,0,0,0,0,0,0,0,0,0,0,0,0,0,0,0,0
"2022",1,2,3,7,43,15,1,2,2,2,1,5,2,2,1,2,2,0,0,0,0,0,0,0,0,0,0,0,0,0,0,0,3
"2022",1,1,7,6,20,90,1,2,2,1,1,2,1,2,2,2,2,0,0,0,0,0,0,0,0,0,0,0,0,0,0,0,2
"2022",2,2,7,1,60,0,2,2,2,2,2,0,0,0,0,0,0,0,0,0,0,0,0,0,0,0,0,0,0,0,0,0,0
"2022",1,2,7,6,24,30,1,1,2,2,1,2,2,1,2,1,2,4,2,2,1,2,2,2,1,2,0,0,0,0,0,0,2
"2022",1,1,8,8,82,40,1,1,1,2,1,3,2,2,1,2,1,3,2,2,2,2,2,2,1,2,3,1,1,1,2,1,3
"2022",1,1,7,1,49,45,1,1,2,2,1,4,2,1,2,2,1,1,2,1,2,2,2,1,2,2,0,0,0,0,0,0,4
"2022",3,1,3,1,26,30,2,2,1,2,2,0,0,0,0,0,0,0,0,0,0,0,0,0,0,0,2,1,1,1,1,1,0
"2022",4,2,4,1,60,0,2,2,2,2,2,0,0,0,0,0,0,0,0,0,0,0,0,0,0,0,0,0,0,0,0,0,0
"2022",1,2,3,1,32,30,1,2,2,2,2,5,2,2,1,2,2,0,0,0,0,0,0,0,0,0,0,0,0,0,0,0,0
"2022",1,1,3,1,43,240,1,2,2,2,2,4,2,2,2,2,1,0,0,0,0,0,0,0,0,0,0,0,0,0,0,0,0
"2022",1,1,7,1,42,45,1,2,1,2,1,4,2,2,2,1,2,0,0,0,0,0,0,0,0,0,3,1,2,2,2,2,4
"2022",4,2,4,1,50,0,2,2,2,2,2,0,0,0,0,0,0,0,0,0,0,0,0,0,0,0,0,0,0,0,0,0,0
"2022",1,1,4,1,36,90,1,1,2,2,1,3,2,2,2,1,1,4,1,2,2,2,2,1,2,2,0,0,0,0,0,0,3
"2022",1,2,7,1,63,60,1,1,1,2,1,1,2,1,2,1,2,1,2,2,2,2,2,1,1,2,3,1,1,1,1,2,3
"2022",1,2,4,1,40,240,2,2,2,2,1,0,0,0,0,0,0,0,0,0,0,0,0,0,0,0,0,0,0,0,0,0,4
"2022",1,2,2,7,65,30,1,2,2,2,2,5,2,2,1,2,2,0,0,0,0,0,0,0,0,0,0,0,0,0,0,0,0
"2022",4,2,3,7,41,0,2,2,2,2,2,0,0,0,0,0,0,0,0,0,0,0,0,0,0,0,0,0,0,0,0,0,0
"2022",3,2,4,7,25,30,1,2,2,2,1,4,1,2,2,2,2,0,0,0,0,0,0,0,0,0,0,0,0,0,0,0,4
"2022",4,2,4,1,47,0,2,2,2,2,2,0,0,0,0,0,0,0,0,0,0,0,0,0,0,0,0,0,0,0,0,0,0
"2022",4,2,3,7,54,0,2,2,2,2,2,0,0,0,0,0,0,0,0,0,0,0,0,0,0,0,0,0,0,0,0,0,0
"2022",1,2,2,7,30,15,2,1,1,2,2,0,0,0,0,0,0,4,2,2,2,2,2,2,1,2,5,2,2,1,2,2,0
"2022",1,2,2,1,38,30,2,2,2,1,2,0,0,0,0,0,0,0,0,0,0,0,0,0,0,0,0,0,0,0,0,0,0
"2022",0,1,2,8,75,0,0,0,0,0,0,0,0,0,0,0,0,0,0,0,0,0,0,0,0,0,0,0,0,0,0,0,0
"2022",4,2,3,7,32,0,2,2,2,2,2,0,0,0,0,0,0,0,0,0,0,0,0,0,0,0,0,0,0,0,0,0,0
"2022",4,1,4,1,69,0,2,2,2,2,2,0,0,0,0,0,0,0,0,0,0,0,0,0,0,0,0,0,0,0,0,0,0
"2022",4,2,4,1,21,0,2,2,2,2,2,0,0,0,0,0,0,0,0,0,0,0,0,0,0,0,0,0,0,0,0,0,0
"2022",1,2,3,8,62,60,1,2,2,2,2,4,2,2,1,1,2,0,0,0,0,0,0,0,0,0,0,0,0,0,0,0,0
"2022",1,2,6,8,67,20,1,2,2,2,1,3,2,2,1,2,2,0,0,0,0,0,0,0,0,0,0,0,0,0,0,0,4
"2022",1,2,4,7,43,30,1,1,2,2,1,4,2,2,2,1,2,4,2,2,2,2,2,2,1,2,0,0,0,0,0,0,4
"2022",1,2,4,1,31,25,2,1,2,2,2,0,0,0,0,0,0,4,2,2,2,2,2,2,2,1,0,0,0,0,0,0,0
"2022",1,1,4,1,34,30,2,2,2,2,1,0,0,0,0,0,0,0,0,0,0,0,0,0,0,0,0,0,0,0,0,0,4
"2022",1,1,4,1,34,60,2,1,2,2,2,0,0,0,0,0,0,4,1,2,2,2,2,1,2,2,0,0,0,0,0,0,0
"2022",4,2,3,7,18,0,2,2,2,2,2,0,0,0,0,0,0,0,0,0,0,0,0,0,0,0,0,0,0,0,0,0,0
"2022",1,1,7,7,22,120,1,2,2,2,2,4,2,2,2,1,2,0,0,0,0,0,0,0,0,0,0,0,0,0,0,0,0
"2022",1,1,6,1,23,50,2,2,2,2,1,0,0,0,0,0,0,0,0,0,0,0,0,0,0,0,0,0,0,0,0,0,3
"2022",4,2,4,1,60,0,2,2,2,2,2,0,0,0,0,0,0,0,0,0,0,0,0,0,0,0,0,0,0,0,0,0,0
"2022",3,1,3,1,26,15,2,2,1,2,2,0,0,0,0,0,0,0,0,0,0,0,0,0,0,0,3,2,1,2,2,1,0
"2022",1,2,8,1,46,120,1,1,1,2,1,4,2,1,1,1,1,4,2,1,2,2,2,1,2,2,3,1,2,1,2,2,3
"2022",1,1,8,1,67,60,1,2,2,2,1,4,2,2,2,1,2,0,0,0,0,0,0,0,0,0,0,0,0,0,0,0,3
"2022",1,2,7,6,25,40,1,2,2,2,1,2,2,1,2,2,2,0,0,0,0,0,0,0,0,0,0,0,0,0,0,0,4
"2022",1,2,8,1,43,30,1,2,2,2,1,3,2,1,1,1,1,0,0,0,0,0,0,0,0,0,0,0,0,0,0,0,3
"2022",1,2,4,7,64,15,1,2,2,2,2,3,1,2,2,2,2,0,0,0,0,0,0,0,0,0,0,0,0,0,0,0,0
"2022",1,1,8,1,35,60,1,1,2,2,1,3,2,1,1,1,1,4,2,2,2,1,2,1,2,2,0,0,0,0,0,0,3
"2022",1,1,7,1,31,30,1,2,2,2,1,4,2,1,2,1,2,0,0,0,0,0,0,0,0,0,0,0,0,0,0,0,3
"2022",1,2,2,1,51,20,2,2,2,2,1,0,0,0,0,0,0,0,0,0,0,0,0,0,0,0,0,0,0,0,0,0,6
"2022",1,1,3,1,36,10,2,2,2,2,1,0,0,0,0,0,0,0,0,0,0,0,0,0,0,0,0,0,0,0,0,0,4
"2022",1,1,3,1,35,20,2,2,2,2,1,0,0,0,0,0,0,0,0,0,0,0,0,0,0,0,0,0,0,0,0,0,4
"2022",1,1,3,1,46,30,2,2,2,2,1,0,0,0,0,0,0,0,0,0,0,0,0,0,0,0,0,0,0,0,0,0,4
"2022",1,2,4,7,25,45,1,2,2,2,1,4,2,2,2,1,2,0,0,0,0,0,0,0,0,0,0,0,0,0,0,0,4
"2022",1,2,7,6,28,10,1,1,2,2,1,4,2,2,2,1,2,4,2,2,2,2,2,2,2,1,0,0,0,0,0,0,4
"2022",4,2,2,1,58,0,2,2,2,2,2,0,0,0,0,0,0,0,0,0,0,0,0,0,0,0,0,0,0,0,0,0,0
"2022",1,2,4,1,40,10,1,2,2,2,1,2,2,2,1,2,2,0,0,0,0,0,0,0,0,0,0,0,0,0,0,0,4
"2022",3,1,4,1,37,20,2,1,2,2,2,0,0,0,0,0,0,4,2,1,2,2,2,2,2,2,0,0,0,0,0,0,0
"2022",4,2,2,7,60,0,2,2,2,2,2,0,0,0,0,0,0,0,0,0,0,0,0,0,0,0,0,0,0,0,0,0,0
"2022",1,2,2,1,54,20,2,1,2,2,2,0,0,0,0,0,0,4,2,2,2,2,2,2,2,1,0,0,0,0,0,0,0
"2022",1,1,3,1,30,20,1,2,2,2,2,4,2,2,2,1,2,0,0,0,0,0,0,0,0,0,0,0,0,0,0,0,0
"2022",1,1,4,1,48,30,1,1,1,2,2,3,2,2,2,1,2,4,2,2,2,2,2,2,1,2,3,1,1,1,2,1,0
"2022",1,1,8,1,35,30,1,2,2,2,1,4,2,2,2,1,2,0,0,0,0,0,0,0,0,0,0,0,0,0,0,0,3
"2022",3,2,2,7,64,20,1,1,2,2,2,2,2,1,2,2,2,4,2,2,2,2,2,2,2,2,0,0,0,0,0,0,0
"2022",4,2,3,8,62,0,2,2,2,2,2,0,0,0,0,0,0,0,0,0,0,0,0,0,0,0,0,0,0,0,0,0,0
"2022",1,1,3,1,40,30,2,2,1,2,1,0,0,0,0,0,0,0,0,0,0,0,0,0,0,0,4,2,1,2,2,2,4
"2022",1,2,3,7,59,60,1,2,2,2,1,4,2,2,1,2,2,0,0,0,0,0,0,0,0,0,0,0,0,0,0,0,3
"2022",4,1,2,10,56,0,2,2,2,2,2,0,0,0,0,0,0,0,0,0,0,0,0,0,0,0,0,0,0,0,0,0,0
"2022",1,1,4,1,37,15,1,1,2,2,2,5,2,2,1,2,2,1,2,2,2,2,2,2,2,2,0,0,0,0,0,0,0
"2022",0,2,0,8,86,0,0,0,0,0,0,0,0,0,0,0,0,0,0,0,0,0,0,0,0,0,0,0,0,0,0,0,0
"2022",4,1,4,1,47,0,2,2,2,2,2,0,0,0,0,0,0,0,0,0,0,0,0,0,0,0,0,0,0,0,0,0,0
"2022",1,1,7,1,27,10,2,2,1,2,2,0,0,0,0,0,0,0,0,0,0,0,0,0,0,0,4,2,2,2,2,2,0
"2022",4,2,2,7,39,0,2,2,2,2,2,0,0,0,0,0,0,0,0,0,0,0,0,0,0,0,0,0,0,0,0,0,0
"2022",1,2,7,7,38,60,1,2,2,2,2,4,2,2,2,1,2,0,0,0,0,0,0,0,0,0,0,0,0,0,0,0,0
"2022",1,1,7,1,33,30,1,2,2,2,2,6,2,1,2,2,2,0,0,0,0,0,0,0,0,0,0,0,0,0,0,0,0
"2022",4,1,3,1,61,0,2,2,2,2,2,0,0,0,0,0,0,0,0,0,0,0,0,0,0,0,0,0,0,0,0,0,0
"2022",1,1,2,1,64,15,1,2,2,2,2,4,2,2,2,1,2,0,0,0,0,0,0,0,0,0,0,0,0,0,0,0,0
"2022",1,1,3,8,63,60,1,1,1,2,2,4,2,1,2,2,2,4,1,2,2,2,2,2,2,2,6,1,1,1,1,1,0
"2022",1,2,3,7,31,45,1,2,2,2,1,3,2,2,1,2,2,0,0,0,0,0,0,0,0,0,0,0,0,0,0,0,5
"2022",1,2,3,7,59,120,1,2,2,2,1,4,2,2,2,1,2,0,0,0,0,0,0,0,0,0,0,0,0,0,0,0,4
"2022",4,2,3,7,31,0,2,2,2,2,2,0,0,0,0,0,0,0,0,0,0,0,0,0,0,0,0,0,0,0,0,0,0
"2022",1,1,3,1,56,15,2,1,2,2,1,0,0,0,0,0,0,3,2,1,2,2,2,2,2,2,0,0,0,0,0,0,4
"2022",1,2,4,7,35,40,1,2,2,2,1,4,2,2,2,2,1,0,0,0,0,0,0,0,0,0,0,0,0,0,0,0,2
"2022",1,2,2,7,43,20,1,2,2,2,2,4,1,2,2,2,2,0,0,0,0,0,0,0,0,0,0,0,0,0,0,0,0
"2022",1,1,3,1,65,30,1,2,2,2,2,4,2,2,1,2,2,0,0,0,0,0,0,0,0,0,0,0,0,0,0,0,0
"2022",1,2,3,7,39,60,1,2,1,2,1,4,2,2,2,1,2,0,0,0,0,0,0,0,0,0,4,2,2,1,2,2,4
"2022",4,2,2,7,62,0,2,2,2,2,2,0,0,0,0,0,0,0,0,0,0,0,0,0,0,0,0,0,0,0,0,0,0
"2022",1,1,7,10,58,20,1,2,2,2,2,3,2,2,1,2,1,0,0,0,0,0,0,0,0,0,0,0,0,0,0,0,0
"2022",1,1,4,4,60,30,1,2,2,2,1,5,2,2,1,2,2,0,0,0,0,0,0,0,0,0,0,0,0,0,0,0,5
"2022",1,2,7,1,35,10,2,2,2,2,1,0,0,0,0,0,0,0,0,0,0,0,0,0,0,0,0,0,0,0,0,0,3
"2022",1,2,6,1,55,60,1,1,2,2,1,1,2,1,1,2,2,4,2,2,1,2,2,2,2,1,0,0,0,0,0,0,4
"2022",4,2,4,1,51,0,2,2,2,2,2,0,0,0,0,0,0,0,0,0,0,0,0,0,0,0,0,0,0,0,0,0,0
"2022",1,2,7,7,30,60,1,1,2,2,1,4,2,2,2,1,2,4,2,1,2,2,2,2,2,2,0,0,0,0,0,0,4
"2022",1,1,4,6,18,120,1,2,2,1,2,2,2,2,2,2,1,0,0,0,0,0,0,0,0,0,0,0,0,0,0,0,0
"2022",1,2,7,1,38,60,1,2,1,2,1,1,2,1,1,1,1,0,0,0,0,0,0,0,0,0,3,1,2,1,2,1,3
"2022",1,2,2,1,65,120,1,2,2,2,2,4,2,2,2,2,1,0,0,0,0,0,0,0,0,0,0,0,0,0,0,0,0
"2022",1,2,7,1,43,60,2,2,2,2,1,0,0,0,0,0,0,0,0,0,0,0,0,0,0,0,0,0,0,0,0,0,3
"2022",1,1,4,1,42,30,1,2,2,2,1,4,2,2,2,1,2,0,0,0,0,0,0,0,0,0,0,0,0,0,0,0,4
"2022",1,2,3,7,37,60,1,2,2,2,1,3,2,2,1,2,2,0,0,0,0,0,0,0,0,0,0,0,0,0,0,0,3
"2022",1,2,3,7,44,60,1,2,2,2,2,4,2,2,1,2,2,0,0,0,0,0,0,0,0,0,0,0,0,0,0,0,0
"2022",1,2,4,1,19,60,1,2,2,2,1,4,2,2,2,1,2,0,0,0,0,0,0,0,0,0,0,0,0,0,0,0,4
"2022",1,1,2,1,68,30,1,2,2,2,2,3,2,2,1,2,2,0,0,0,0,0,0,0,0,0,0,0,0,0,0,0,0
"2022",1,2,3,7,23,20,1,2,2,2,2,4,2,1,1,1,2,0,0,0,0,0,0,0,0,0,0,0,0,0,0,0,0
"2022",4,2,2,8,71,0,2,2,2,2,2,0,0,0,0,0,0,0,0,0,0,0,0,0,0,0,0,0,0,0,0,0,0
"2022",1,1,4,1,26,20,2,2,2,2,1,0,0,0,0,0,0,0,0,0,0,0,0,0,0,0,0,0,0,0,0,0,4
"2022",1,1,4,1,42,60,1,2,1,2,2,5,2,2,1,2,2,0,0,0,0,0,0,0,0,0,3,2,1,2,2,1,0
"2022",4,1,3,1,49,0,2,2,2,2,2,0,0,0,0,0,0,0,0,0,0,0,0,0,0,0,0,0,0,0,0,0,0
"2022",1,2,2,1,66,10,2,2,1,2,1,0,0,0,0,0,0,0,0,0,0,0,0,0,0,0,4,1,2,1,1,1,4
"2022",1,1,4,1,50,30,1,1,1,2,1,4,2,2,2,1,2,4,1,1,2,2,2,2,2,2,4,1,1,1,1,1,3
"2022",1,1,7,1,56,15,1,1,1,2,2,4,2,2,2,1,2,4,2,2,2,2,2,2,1,2,4,1,2,2,1,1,0
"2022",1,1,3,1,43,60,1,2,2,2,2,4,2,2,2,1,1,0,0,0,0,0,0,0,0,0,0,0,0,0,0,0,0
"2022",1,2,6,1,44,20,1,2,1,2,1,4,2,2,1,2,2,0,0,0,0,0,0,0,0,0,3,1,2,1,1,2,3
"2022",1,1,7,8,72,30,1,2,1,2,2,3,2,2,2,2,1,0,0,0,0,0,0,0,0,0,3,1,2,2,2,2,0
"2022",1,1,4,1,55,30,2,2,1,2,2,0,0,0,0,0,0,0,0,0,0,0,0,0,0,0,3,1,1,1,1,1,0
"2022",1,2,6,7,36,30,2,2,2,2,1,0,0,0,0,0,0,0,0,0,0,0,0,0,0,0,0,0,0,0,0,0,2
"2022",1,1,4,1,52,40,1,2,2,2,1,5,2,2,1,2,2,0,0,0,0,0,0,0,0,0,0,0,0,0,0,0,4
"2022",0,2,0,7,68,0,0,0,0,0,0,0,0,0,0,0,0,0,0,0,0,0,0,0,0,0,0,0,0,0,0,0,0
"2022",1,2,2,1,64,15,1,2,2,2,2,4,2,2,1,2,2,0,0,0,0,0,0,0,0,0,0,0,0,0,0,0,0
"2022",1,1,7,1,24,30,2,1,2,1,1,0,0,0,0,0,0,4,1,1,2,2,2,2,1,2,0,0,0,0,0,0,4
"2022",1,2,8,1,57,60,1,1,1,2,1,3,2,2,2,1,2,3,2,2,2,2,2,1,2,2,3,1,1,1,2,2,1
"2022",4,2,7,8,59,0,2,2,2,2,2,0,0,0,0,0,0,0,0,0,0,0,0,0,0,0,0,0,0,0,0,0,0
"2022",4,2,3,7,43,0,2,2,2,2,2,0,0,0,0,0,0,0,0,0,0,0,0,0,0,0,0,0,0,0,0,0,0
"2022",1,1,3,8,64,60,2,2,2,2,1,0,0,0,0,0,0,0,0,0,0,0,0,0,0,0,0,0,0,0,0,0,6
"2022",4,2,2,5,61,0,2,2,2,2,2,0,0,0,0,0,0,0,0,0,0,0,0,0,0,0,0,0,0,0,0,0,0
"2022",4,1,4,9,48,0,2,2,2,2,2,0,0,0,0,0,0,0,0,0,0,0,0,0,0,0,0,0,0,0,0,0,0
"2022",1,1,7,1,59,60,1,1,2,2,1,3,2,2,2,2,1,4,2,1,2,2,2,1,2,2,0,0,0,0,0,0,3
"2022",1,1,7,1,33,60,1,2,2,2,1,4,2,2,2,2,1,0,0,0,0,0,0,0,0,0,0,0,0,0,0,0,1
"2022",1,1,4,1,40,30,2,2,1,2,2,0,0,0,0,0,0,0,0,0,0,0,0,0,0,0,3,1,1,1,1,1,0
"2022",1,2,4,1,42,20,1,2,2,2,1,3,2,2,1,2,2,0,0,0,0,0,0,0,0,0,0,0,0,0,0,0,3
"2022",1,2,2,10,59,10,1,2,1,2,2,4,2,2,1,2,2,0,0,0,0,0,0,0,0,0,4,2,2,1,1,1,0
"2022",1,1,4,1,20,60,1,1,2,2,1,4,2,2,2,1,2,3,2,2,2,2,2,1,2,2,0,0,0,0,0,0,4
"2022",4,2,2,1,27,0,2,2,2,2,2,0,0,0,0,0,0,0,0,0,0,0,0,0,0,0,0,0,0,0,0,0,0
"2022",4,1,2,1,39,0,2,2,2,2,2,0,0,0,0,0,0,0,0,0,0,0,0,0,0,0,0,0,0,0,0,0,0
"2022",0,2,0,9,81,0,0,0,0,0,0,0,0,0,0,0,0,0,0,0,0,0,0,0,0,0,0,0,0,0,0,0,0
"2022",4,2,4,1,24,0,2,2,2,2,2,0,0,0,0,0,0,0,0,0,0,0,0,0,0,0,0,0,0,0,0,0,0
"2022",1,2,7,6,20,60,1,2,2,2,1,2,2,1,2,1,1,0,0,0,0,0,0,0,0,0,0,0,0,0,0,0,4
"2022",0,2,0,1,53,0,0,0,0,0,0,0,0,0,0,0,0,0,0,0,0,0,0,0,0,0,0,0,0,0,0,0,0
"2022",4,2,4,1,32,0,2,2,2,2,2,0,0,0,0,0,0,0,0,0,0,0,0,0,0,0,0,0,0,0,0,0,0
"2022",1,2,7,8,68,120,1,2,2,2,2,5,2,2,1,2,2,0,0,0,0,0,0,0,0,0,0,0,0,0,0,0,0
"2022",1,1,4,10,36,120,2,2,2,2,1,0,0,0,0,0,0,0,0,0,0,0,0,0,0,0,0,0,0,0,0,0,3
"2022",1,2,6,7,47,30,2,1,2,2,2,0,0,0,0,0,0,4,2,2,1,2,2,2,2,2,0,0,0,0,0,0,0
"2022",3,1,3,1,57,60,2,1,2,2,2,0,0,0,0,0,0,4,1,2,2,2,2,2,2,1,0,0,0,0,0,0,0
"2022",1,2,7,1,28,60,1,1,1,2,1,2,2,1,2,2,2,2,2,2,2,2,2,1,2,2,2,2,2,2,1,2,2
"2022",1,1,3,1,38,30,1,2,2,2,1,4,2,2,1,1,2,0,0,0,0,0,0,0,0,0,0,0,0,0,0,0,3
"2022",1,2,4,7,59,30,1,1,2,2,2,4,2,2,2,2,1,2,2,2,2,2,2,1,2,2,0,0,0,0,0,0,0
"2022",1,2,8,1,37,60,1,2,2,2,1,1,2,1,2,2,2,0,0,0,0,0,0,0,0,0,0,0,0,0,0,0,1
"2022",0,1,0,1,54,0,0,0,0,0,0,0,0,0,0,0,0,0,0,0,0,0,0,0,0,0,0,0,0,0,0,0,0
"2022",4,2,2,7,66,0,2,2,2,2,2,0,0,0,0,0,0,0,0,0,0,0,0,0,0,0,0,0,0,0,0,0,0
"2022",1,1,4,1,68,60,1,2,2,2,2,4,1,2,2,1,2,0,0,0,0,0,0,0,0,0,0,0,0,0,0,0,0
"2022",0,2,0,1,53,0,0,0,0,0,0,0,0,0,0,0,0,0,0,0,0,0,0,0,0,0,0,0,0,0,0,0,0
"2022",1,2,3,7,18,30,1,2,2,2,2,4,2,2,2,1,2,0,0,0,0,0,0,0,0,0,0,0,0,0,0,0,0
"2022",1,2,4,7,53,30,1,2,2,2,2,4,2,2,1,2,2,0,0,0,0,0,0,0,0,0,0,0,0,0,0,0,0
"2022",4,1,3,1,33,0,2,2,2,2,2,0,0,0,0,0,0,0,0,0,0,0,0,0,0,0,0,0,0,0,0,0,0
"2022",4,1,2,8,67,0,2,2,2,2,2,0,0,0,0,0,0,0,0,0,0,0,0,0,0,0,0,0,0,0,0,0,0
"2022",1,1,3,1,29,20,1,2,2,2,2,4,2,2,1,2,2,0,0,0,0,0,0,0,0,0,0,0,0,0,0,0,0
"2022",1,2,7,1,33,30,1,2,2,2,2,2,2,1,2,2,2,0,0,0,0,0,0,0,0,0,0,0,0,0,0,0,0
"2022",1,1,7,1,29,20,1,1,2,2,2,1,1,2,2,2,2,1,1,2,2,2,2,2,2,2,0,0,0,0,0,0,0
"2022",4,2,4,1,49,0,2,2,2,2,2,0,0,0,0,0,0,0,0,0,0,0,0,0,0,0,0,0,0,0,0,0,0
"2022",1,1,7,1,39,30,1,1,1,1,1,2,2,2,2,2,1,4,2,2,2,2,2,2,1,2,1,1,2,2,2,2,1
"2022",1,1,3,1,51,30,2,2,1,2,2,0,0,0,0,0,0,0,0,0,0,0,0,0,0,0,4,1,1,2,2,2,0
"2022",4,2,2,1,53,0,2,2,2,2,2,0,0,0,0,0,0,0,0,0,0,0,0,0,0,0,0,0,0,0,0,0,0
"2022",1,2,7,1,29,90,1,2,2,2,2,4,1,2,2,2,2,0,0,0,0,0,0,0,0,0,0,0,0,0,0,0,0
"2022",4,2,3,1,54,0,2,2,2,2,2,0,0,0,0,0,0,0,0,0,0,0,0,0,0,0,0,0,0,0,0,0,0
"2022",3,2,3,1,43,30,1,2,2,2,2,6,2,2,1,2,2,0,0,0,0,0,0,0,0,0,0,0,0,0,0,0,0
"2022",4,2,3,1,45,0,2,2,2,2,2,0,0,0,0,0,0,0,0,0,0,0,0,0,0,0,0,0,0,0,0,0,0
"2022",1,2,2,7,59,30,1,2,1,2,2,4,2,2,1,2,2,0,0,0,0,0,0,0,0,0,4,2,2,1,1,2,0
"2022",4,1,2,8,71,0,2,2,2,2,2,0,0,0,0,0,0,0,0,0,0,0,0,0,0,0,0,0,0,0,0,0,0
"2022",4,2,3,1,57,0,2,2,2,2,2,0,0,0,0,0,0,0,0,0,0,0,0,0,0,0,0,0,0,0,0,0,0
"2022",4,2,4,1,28,0,2,2,2,2,2,0,0,0,0,0,0,0,0,0,0,0,0,0,0,0,0,0,0,0,0,0,0
"2022",4,2,7,1,22,0,2,2,2,2,2,0,0,0,0,0,0,0,0,0,0,0,0,0,0,0,0,0,0,0,0,0,0
"2022",1,1,3,1,41,40,1,1,2,2,2,3,2,2,1,1,2,3,1,1,2,2,2,2,2,1,0,0,0,0,0,0,0
"2022",1,1,7,8,62,60,1,2,1,2,2,3,2,2,2,1,2,0,0,0,0,0,0,0,0,0,3,1,1,1,1,1,0
"2022",1,1,7,6,20,60,1,2,2,2,1,3,2,1,2,1,1,0,0,0,0,0,0,0,0,0,0,0,0,0,0,0,1
"2022",1,1,7,1,34,30,1,1,2,2,1,3,2,1,2,1,1,3,2,1,2,2,2,2,1,2,0,0,0,0,0,0,1
"2022",1,2,3,1,38,30,1,2,1,2,1,4,2,2,2,1,2,0,0,0,0,0,0,0,0,0,4,2,1,1,2,2,4
"2022",4,2,2,1,73,0,2,2,2,2,2,0,0,0,0,0,0,0,0,0,0,0,0,0,0,0,0,0,0,0,0,0,0
"2022",4,1,3,1,28,0,2,2,2,2,2,0,0,0,0,0,0,0,0,0,0,0,0,0,0,0,0,0,0,0,0,0,0
"2022",4,1,2,1,45,0,2,2,2,2,2,0,0,0,0,0,0,0,0,0,0,0,0,0,0,0,0,0,0,0,0,0,0
"2022",1,1,6,1,57,90,1,2,2,2,2,3,2,2,2,1,2,0,0,0,0,0,0,0,0,0,0,0,0,0,0,0,0
"2022",4,2,4,1,53,0,2,2,2,2,2,0,0,0,0,0,0,0,0,0,0,0,0,0,0,0,0,0,0,0,0,0,0
"2022",4,1,3,1,61,0,2,2,2,2,2,0,0,0,0,0,0,0,0,0,0,0,0,0,0,0,0,0,0,0,0,0,0
"2022",1,1,4,6,19,45,1,2,2,2,1,2,2,1,2,2,2,0,0,0,0,0,0,0,0,0,0,0,0,0,0,0,2
"2022",1,2,3,1,34,20,1,1,2,2,1,3,2,2,1,1,2,3,2,1,2,2,2,2,2,1,0,0,0,0,0,0,2
"2022",1,2,3,7,35,20,1,2,2,2,2,3,1,2,2,2,2,0,0,0,0,0,0,0,0,0,0,0,0,0,0,0,0
"2022",0,2,0,7,85,0,0,0,0,0,0,0,0,0,0,0,0,0,0,0,0,0,0,0,0,0,0,0,0,0,0,0,0
"2022",4,1,2,1,42,0,2,2,2,2,2,0,0,0,0,0,0,0,0,0,0,0,0,0,0,0,0,0,0,0,0,0,0
"2022",1,1,7,1,43,40,1,2,2,2,2,3,2,1,2,2,2,0,0,0,0,0,0,0,0,0,0,0,0,0,0,0,0
"2022",1,1,7,1,30,120,1,2,2,2,2,4,2,1,2,2,2,0,0,0,0,0,0,0,0,0,0,0,0,0,0,0,0
"2022",4,2,4,1,28,0,2,2,2,2,2,0,0,0,0,0,0,0,0,0,0,0,0,0,0,0,0,0,0,0,0,0,0
"2022",1,2,2,7,68,10,1,2,2,2,2,4,2,2,2,1,2,0,0,0,0,0,0,0,0,0,0,0,0,0,0,0,0
"2022",1,1,7,1,29,30,1,2,2,2,1,3,2,2,2,1,2,0,0,0,0,0,0,0,0,0,0,0,0,0,0,0,3
"2022",2,2,2,7,48,0,2,2,2,2,2,0,0,0,0,0,0,0,0,0,0,0,0,0,0,0,0,0,0,0,0,0,0
"2022",3,1,3,1,45,30,2,2,1,2,1,0,0,0,0,0,0,0,0,0,0,0,0,0,0,0,1,1,1,2,2,1,4
"2022",1,2,2,1,68,20,2,1,2,2,2,0,0,0,0,0,0,4,2,2,2,2,2,2,1,2,0,0,0,0,0,0,0
"2022",1,1,3,8,72,40,1,1,2,2,2,4,2,2,1,2,2,4,2,2,2,2,2,2,2,1,0,0,0,0,0,0,0
"2022",1,2,2,7,74,15,1,2,2,2,2,5,2,2,1,2,2,0,0,0,0,0,0,0,0,0,0,0,0,0,0,0,0
"2022",2,2,2,7,40,0,2,2,2,2,2,0,0,0,0,0,0,0,0,0,0,0,0,0,0,0,0,0,0,0,0,0,0
"2022",4,1,2,1,29,0,2,2,2,2,2,0,0,0,0,0,0,0,0,0,0,0,0,0,0,0,0,0,0,0,0,0,0
"2022",1,2,3,7,54,60,2,2,2,2,1,0,0,0,0,0,0,0,0,0,0,0,0,0,0,0,0,0,0,0,0,0,4
"2022",1,1,6,8,61,20,2,1,2,2,1,0,0,0,0,0,0,4,2,2,1,2,2,2,2,2,0,0,0,0,0,0,3
"2022",4,2,2,7,85,0,2,2,2,2,2,0,0,0,0,0,0,0,0,0,0,0,0,0,0,0,0,0,0,0,0,0,0
"2022",1,2,2,7,55,30,2,1,1,2,2,0,0,0,0,0,0,4,2,2,2,2,1,2,2,1,4,1,2,1,1,1,0
"2022",1,2,6,8,62,120,1,1,1,2,1,3,2,2,2,1,2,4,2,2,2,2,2,2,2,1,4,1,2,2,1,2,4
"2022",2,2,7,1,25,0,2,2,2,2,2,0,0,0,0,0,0,0,0,0,0,0,0,0,0,0,0,0,0,0,0,0,0
"2022",1,1,7,1,29,180,1,2,1,2,2,4,2,1,2,1,1,0,0,0,0,0,0,0,0,0,3,1,1,2,2,2,0
"2022",1,1,7,1,39,25,2,1,2,2,1,0,0,0,0,0,0,4,2,2,2,2,2,1,2,2,0,0,0,0,0,0,3
"2022",1,1,9,1,44,120,1,1,2,2,1,1,2,1,2,2,2,3,2,2,2,2,2,2,1,2,0,0,0,0,0,0,1
"2022",1,2,6,1,51,90,1,2,2,2,1,3,2,2,2,1,2,0,0,0,0,0,0,0,0,0,0,0,0,0,0,0,3
"2022",1,1,4,1,56,180,2,2,2,2,1,0,0,0,0,0,0,0,0,0,0,0,0,0,0,0,0,0,0,0,0,0,1
"2022",1,2,7,6,22,360,1,1,2,2,1,4,2,2,2,2,1,2,2,2,2,2,2,1,2,2,0,0,0,0,0,0,2
"2022",1,2,7,1,33,30,2,2,2,2,1,0,0,0,0,0,0,0,0,0,0,0,0,0,0,0,0,0,0,0,0,0,1
"2022",1,2,7,6,22,5,1,2,2,2,1,2,2,1,2,2,2,0,0,0,0,0,0,0,0,0,0,0,0,0,0,0,3
"2022",1,1,7,1,25,30,1,2,1,2,1,1,2,1,2,2,2,0,0,0,0,0,0,0,0,0,3,1,1,1,1,1,2
"2022",1,2,6,1,48,20,1,1,2,2,2,4,2,2,1,2,2,4,2,2,2,2,2,2,2,1,0,0,0,0,0,0,0
"2022",1,2,6,1,48,20,2,1,2,2,2,0,0,0,0,0,0,5,2,2,2,2,1,2,2,2,0,0,0,0,0,0,0
"2022",2,2,4,1,47,0,2,2,2,2,2,0,0,0,0,0,0,0,0,0,0,0,0,0,0,0,0,0,0,0,0,0,0
"2022",4,2,3,7,25,0,2,2,2,2,2,0,0,0,0,0,0,0,0,0,0,0,0,0,0,0,0,0,0,0,0,0,0
"2022",2,2,3,1,18,0,2,2,2,2,2,0,0,0,0,0,0,0,0,0,0,0,0,0,0,0,0,0,0,0,0,0,0
"2022",4,1,2,1,27,0,2,2,2,2,2,0,0,0,0,0,0,0,0,0,0,0,0,0,0,0,0,0,0,0,0,0,0
"2022",4,1,2,1,54,0,2,2,2,2,2,0,0,0,0,0,0,0,0,0,0,0,0,0,0,0,0,0,0,0,0,0,0
"2022",4,2,2,7,49,0,2,2,2,2,2,0,0,0,0,0,0,0,0,0,0,0,0,0,0,0,0,0,0,0,0,0,0
"2022",1,2,9,1,43,60,1,1,1,2,1,1,1,1,2,2,2,1,2,2,2,2,2,1,2,2,3,1,2,2,2,2,1
"2022",1,1,3,1,53,60,2,1,1,2,2,0,0,0,0,0,0,3,1,1,2,2,2,2,2,2,3,1,1,1,2,1,0
"2022",1,2,7,3,61,60,1,2,2,2,1,1,2,2,2,2,1,0,0,0,0,0,0,0,0,0,0,0,0,0,0,0,1
"2022",1,1,7,6,21,20,1,2,2,1,1,4,1,2,2,1,2,0,0,0,0,0,0,0,0,0,0,0,0,0,0,0,4
"2022",4,1,7,4,26,0,2,2,2,2,2,0,0,0,0,0,0,0,0,0,0,0,0,0,0,0,0,0,0,0,0,0,0
"2022",1,2,4,7,39,30,1,2,2,1,1,4,2,2,2,1,2,0,0,0,0,0,0,0,0,0,0,0,0,0,0,0,4
"2022",1,2,7,8,72,60,2,1,2,2,2,0,0,0,0,0,0,4,2,2,2,2,2,1,2,2,0,0,0,0,0,0,0
"2022",3,1,3,7,67,180,2,2,2,2,1,0,0,0,0,0,0,0,0,0,0,0,0,0,0,0,0,0,0,0,0,0,3
"2022",3,2,7,1,38,30,2,1,2,2,1,0,0,0,0,0,0,4,2,2,2,2,2,2,1,2,0,0,0,0,0,0,4
"2022",1,1,7,1,27,40,1,2,1,2,1,4,2,1,1,1,2,0,0,0,0,0,0,0,0,0,6,1,2,1,2,1,3
"2022",1,1,3,3,56,30,1,2,2,2,2,4,2,2,2,1,2,0,0,0,0,0,0,0,0,0,0,0,0,0,0,0,0
"2022",3,2,3,7,31,60,2,2,2,2,1,0,0,0,0,0,0,0,0,0,0,0,0,0,0,0,0,0,0,0,0,0,4
"2022",1,2,4,7,38,60,1,1,1,2,2,3,2,2,2,2,1,3,2,1,2,2,2,1,1,2,3,1,1,1,1,1,0
"2022",4,1,2,1,45,0,2,2,2,2,2,0,0,0,0,0,0,0,0,0,0,0,0,0,0,0,0,0,0,0,0,0,0
"2022",1,2,5,8,71,60,1,2,2,2,1,3,2,2,1,2,1,0,0,0,0,0,0,0,0,0,0,0,0,0,0,0,3
"2022",1,2,7,1,36,30,1,2,2,2,1,4,2,1,2,2,2,0,0,0,0,0,0,0,0,0,0,0,0,0,0,0,2
"2022",4,2,6,7,70,0,2,2,2,2,2,0,0,0,0,0,0,0,0,0,0,0,0,0,0,0,0,0,0,0,0,0,0
"2022",1,1,8,1,29,180,1,1,2,2,2,1,2,1,2,2,2,1,2,2,2,2,2,1,2,2,0,0,0,0,0,0,0
"2022",1,2,4,1,29,30,1,2,2,2,2,1,2,1,2,2,2,0,0,0,0,0,0,0,0,0,0,0,0,0,0,0,0
"2022",4,2,3,2,51,0,2,2,2,2,2,0,0,0,0,0,0,0,0,0,0,0,0,0,0,0,0,0,0,0,0,0,0
"2022",1,1,7,1,43,10,2,1,2,2,2,0,0,0,0,0,0,4,2,2,2,1,2,2,2,2,0,0,0,0,0,0,0
"2022",1,1,3,1,44,10,1,1,2,2,2,5,2,2,2,2,1,4,2,2,2,2,1,2,2,2,0,0,0,0,0,0,0
"2022",1,2,7,6,24,40,2,2,2,2,1,0,0,0,0,0,0,0,0,0,0,0,0,0,0,0,0,0,0,0,0,0,2
"2022",3,1,4,1,28,5,2,2,2,2,1,0,0,0,0,0,0,0,0,0,0,0,0,0,0,0,0,0,0,0,0,0,4
"2022",1,1,8,1,31,20,1,2,2,2,1,3,2,2,2,2,1,0,0,0,0,0,0,0,0,0,0,0,0,0,0,0,3
"2022",1,1,3,1,33,30,2,1,1,2,2,0,0,0,0,0,0,4,2,2,2,2,2,2,2,1,3,2,2,2,2,1,0
"2022",0,2,0,7,65,0,0,0,0,0,0,0,0,0,0,0,0,0,0,0,0,0,0,0,0,0,0,0,0,0,0,0,0
"2022",1,2,4,1,44,60,1,2,2,2,2,4,2,2,1,1,2,0,0,0,0,0,0,0,0,0,0,0,0,0,0,0,0
"2022",1,2,3,1,36,60,1,1,2,2,1,4,2,2,2,1,2,3,2,2,1,2,2,2,2,2,0,0,0,0,0,0,1
"2022",2,1,4,4,53,0,2,2,2,2,2,0,0,0,0,0,0,0,0,0,0,0,0,0,0,0,0,0,0,0,0,0,0
"2022",1,1,6,1,68,30,2,2,2,2,1,0,0,0,0,0,0,0,0,0,0,0,0,0,0,0,0,0,0,0,0,0,4
"2022",1,2,7,1,65,60,1,2,2,2,2,4,2,2,1,1,2,0,0,0,0,0,0,0,0,0,0,0,0,0,0,0,0
"2022",1,2,3,1,24,10,1,2,1,2,1,4,1,2,2,2,2,0,0,0,0,0,0,0,0,0,3,2,1,1,1,1,4
"2022",1,2,3,1,34,30,1,1,1,2,2,4,2,2,1,2,2,4,2,2,1,2,2,2,2,2,3,1,2,1,1,2,0
"2022",1,1,3,1,27,120,1,1,1,1,1,4,2,2,1,2,2,4,2,2,1,2,2,2,2,2,3,2,1,2,2,2,3
"2022",1,2,5,7,63,30,1,2,2,2,2,4,2,2,2,1,2,0,0,0,0,0,0,0,0,0,0,0,0,0,0,0,0
"2022",4,1,3,1,47,0,2,2,2,2,2,0,0,0,0,0,0,0,0,0,0,0,0,0,0,0,0,0,0,0,0,0,0
"2022",4,2,3,7,62,0,2,2,2,2,2,0,0,0,0,0,0,0,0,0,0,0,0,0,0,0,0,0,0,0,0,0,0
"2022",3,1,7,4,37,30,2,2,2,1,1,0,0,0,0,0,0,0,0,0,0,0,0,0,0,0,0,0,0,0,0,0,1
"2022",1,2,8,1,31,20,2,1,2,2,1,0,0,0,0,0,0,4,2,2,2,1,1,2,2,2,0,0,0,0,0,0,4
"2022",1,2,7,7,36,60,1,1,2,2,1,3,2,1,2,1,2,4,2,2,2,2,2,2,1,2,0,0,0,0,0,0,3
"2022",3,1,7,1,40,30,2,1,1,2,2,0,0,0,0,0,0,4,2,1,2,2,2,2,1,2,4,1,1,2,1,2,0
"2022",1,1,7,1,49,25,2,1,1,2,1,0,0,0,0,0,0,4,2,2,2,1,2,2,2,2,3,1,2,1,2,1,4
"2022",1,2,7,1,29,60,1,2,2,2,2,3,2,2,2,2,1,0,0,0,0,0,0,0,0,0,0,0,0,0,0,0,0
"2022",1,2,7,8,69,30,1,2,2,2,2,4,2,2,2,2,1,0,0,0,0,0,0,0,0,0,0,0,0,0,0,0,0
"2022",1,1,4,1,57,30,1,2,2,2,2,4,2,2,2,1,2,0,0,0,0,0,0,0,0,0,0,0,0,0,0,0,0
"2022",4,2,2,1,41,0,2,2,2,2,2,0,0,0,0,0,0,0,0,0,0,0,0,0,0,0,0,0,0,0,0,0,0
"2022",4,2,3,1,37,0,2,2,2,2,2,0,0,0,0,0,0,0,0,0,0,0,0,0,0,0,0,0,0,0,0,0,0
"2022",4,2,3,1,37,0,2,2,2,2,2,0,0,0,0,0,0,0,0,0,0,0,0,0,0,0,0,0,0,0,0,0,0
"2022",1,2,2,1,54,20,1,2,2,2,2,5,2,2,1,2,2,0,0,0,0,0,0,0,0,0,0,0,0,0,0,0,0
"2022",4,2,7,1,65,0,2,2,2,2,2,0,0,0,0,0,0,0,0,0,0,0,0,0,0,0,0,0,0,0,0,0,0
"2022",1,1,7,6,21,30,1,2,2,2,2,4,2,2,2,1,2,0,0,0,0,0,0,0,0,0,0,0,0,0,0,0,0
"2022",1,2,7,1,33,40,1,2,2,2,2,4,2,2,2,1,2,0,0,0,0,0,0,0,0,0,0,0,0,0,0,0,0
"2022",2,2,4,1,53,0,2,2,2,2,2,0,0,0,0,0,0,0,0,0,0,0,0,0,0,0,0,0,0,0,0,0,0
"2022",3,1,7,5,35,30,1,2,2,2,2,4,2,2,2,1,2,0,0,0,0,0,0,0,0,0,0,0,0,0,0,0,0
"2022",4,2,2,8,77,0,2,2,2,2,2,0,0,0,0,0,0,0,0,0,0,0,0,0,0,0,0,0,0,0,0,0,0
"2022",1,1,3,1,46,30,1,2,1,2,2,5,2,2,1,2,2,0,0,0,0,0,0,0,0,0,4,1,2,2,2,1,0
"2022",4,1,3,1,48,0,2,2,2,2,2,0,0,0,0,0,0,0,0,0,0,0,0,0,0,0,0,0,0,0,0,0,0
"2022",1,2,4,1,23,30,1,1,2,2,2,4,2,2,2,2,1,4,2,2,2,2,1,2,2,2,0,0,0,0,0,0,0
"2022",1,1,4,1,24,30,1,2,2,2,2,4,2,2,2,1,2,0,0,0,0,0,0,0,0,0,0,0,0,0,0,0,0
"2022",4,2,4,1,28,0,2,2,2,2,2,0,0,0,0,0,0,0,0,0,0,0,0,0,0,0,0,0,0,0,0,0,0
"2022",4,2,4,1,59,0,2,2,2,2,2,0,0,0,0,0,0,0,0,0,0,0,0,0,0,0,0,0,0,0,0,0,0
"2022",1,1,7,1,31,90,1,1,1,2,1,3,2,2,2,1,2,3,2,2,2,2,2,2,1,2,3,1,1,2,1,1,4
"2022",4,1,2,1,34,0,2,2,2,2,2,0,0,0,0,0,0,0,0,0,0,0,0,0,0,0,0,0,0,0,0,0,0
"2022",4,2,3,1,39,0,2,2,2,2,2,0,0,0,0,0,0,0,0,0,0,0,0,0,0,0,0,0,0,0,0,0,0
"2022",0,1,4,1,50,0,0,0,0,0,0,0,0,0,0,0,0,0,0,0,0,0,0,0,0,0,0,0,0,0,0,0,0
"2022",3,1,7,1,28,60,1,1,2,1,1,2,2,1,2,2,2,1,2,2,1,2,2,2,2,2,0,0,0,0,0,0,3
"2022",4,2,3,1,37,0,2,2,2,2,2,0,0,0,0,0,0,0,0,0,0,0,0,0,0,0,0,0,0,0,0,0,0
"2022",4,2,2,1,28,0,2,2,2,2,2,0,0,0,0,0,0,0,0,0,0,0,0,0,0,0,0,0,0,0,0,0,0
"2022",4,2,3,1,41,0,2,2,2,2,2,0,0,0,0,0,0,0,0,0,0,0,0,0,0,0,0,0,0,0,0,0,0
"2022",1,1,4,1,38,60,2,1,1,2,1,0,0,0,0,0,0,3,2,1,2,2,2,1,2,2,4,1,2,2,1,2,3
"2022",1,2,3,8,58,60,1,2,2,2,2,4,2,2,1,2,2,0,0,0,0,0,0,0,0,0,0,0,0,0,0,0,0
"2022",1,2,2,7,59,60,1,2,2,2,2,3,2,2,2,1,2,0,0,0,0,0,0,0,0,0,0,0,0,0,0,0,0
"2022",4,2,2,1,65,0,2,2,2,2,2,0,0,0,0,0,0,0,0,0,0,0,0,0,0,0,0,0,0,0,0,0,0
"2022",1,1,4,1,36,30,1,2,2,2,2,2,2,1,1,2,2,0,0,0,0,0,0,0,0,0,0,0,0,0,0,0,0
"2022",4,1,3,4,63,0,2,2,2,2,2,0,0,0,0,0,0,0,0,0,0,0,0,0,0,0,0,0,0,0,0,0,0
"2022",1,2,6,1,57,20,1,2,2,2,2,5,2,2,1,2,2,0,0,0,0,0,0,0,0,0,0,0,0,0,0,0,0
"2022",4,2,3,1,58,0,2,2,2,2,2,0,0,0,0,0,0,0,0,0,0,0,0,0,0,0,0,0,0,0,0,0,0
"2022",4,1,3,1,24,0,2,2,2,2,2,0,0,0,0,0,0,0,0,0,0,0,0,0,0,0,0,0,0,0,0,0,0
"2022",1,2,3,1,36,60,1,2,2,2,1,5,2,2,1,2,2,0,0,0,0,0,0,0,0,0,0,0,0,0,0,0,4
"2022",4,2,2,7,66,0,2,2,2,2,2,0,0,0,0,0,0,0,0,0,0,0,0,0,0,0,0,0,0,0,0,0,0
"2022",1,2,7,1,35,45,1,2,2,2,2,3,2,2,2,1,2,0,0,0,0,0,0,0,0,0,0,0,0,0,0,0,0
"2022",1,1,7,1,27,30,1,1,2,2,1,4,2,2,2,1,1,4,1,1,2,2,2,2,2,2,0,0,0,0,0,0,2
"2022",4,1,4,1,21,0,2,2,2,2,2,0,0,0,0,0,0,0,0,0,0,0,0,0,0,0,0,0,0,0,0,0,0
"2022",4,1,7,8,61,0,2,2,2,2,2,0,0,0,0,0,0,0,0,0,0,0,0,0,0,0,0,0,0,0,0,0,0
"2022",1,1,7,1,30,90,1,1,2,2,2,4,2,2,2,1,2,4,2,2,2,2,2,1,2,2,0,0,0,0,0,0,0
"2022",1,1,7,1,37,60,1,1,1,2,2,4,2,2,2,1,2,4,2,1,2,2,2,2,2,2,1,1,2,2,1,1,0
"2022",1,2,3,8,72,45,1,2,1,2,2,3,2,2,2,2,1,0,0,0,0,0,0,0,0,0,3,2,2,1,2,1,0
"2022",3,1,3,1,40,30,2,2,1,2,1,0,0,0,0,0,0,0,0,0,0,0,0,0,0,0,3,1,1,1,1,1,4
"2022",1,2,2,7,64,40,1,1,1,2,2,4,2,2,2,2,1,4,2,2,2,2,1,2,2,2,3,1,2,1,2,1,0
"2022",1,1,3,1,59,30,1,2,1,2,2,4,2,1,2,2,2,0,0,0,0,0,0,0,0,0,3,1,1,1,1,1,0
"2022",4,2,3,7,45,0,2,2,2,2,2,0,0,0,0,0,0,0,0,0,0,0,0,0,0,0,0,0,0,0,0,0,0
"2022",1,2,4,7,27,60,1,2,2,2,2,4,2,2,2,2,1,0,0,0,0,0,0,0,0,0,0,0,0,0,0,0,0
"2022",3,2,2,7,52,30,2,2,1,2,2,0,0,0,0,0,0,0,0,0,0,0,0,0,0,0,4,2,2,1,1,2,0
"2022",1,1,7,1,56,60,2,1,1,2,2,0,0,0,0,0,0,4,2,2,1,2,2,1,2,2,4,2,1,2,2,1,0
"2022",1,2,3,7,53,20,2,1,2,2,2,0,0,0,0,0,0,3,2,2,2,2,1,2,2,2,0,0,0,0,0,0,0
"2022",4,2,2,7,74,0,2,2,2,2,2,0,0,0,0,0,0,0,0,0,0,0,0,0,0,0,0,0,0,0,0,0,0
"2022",4,2,3,7,40,0,2,2,2,2,2,0,0,0,0,0,0,0,0,0,0,0,0,0,0,0,0,0,0,0,0,0,0
"2022",1,2,7,1,32,40,2,2,1,2,2,0,0,0,0,0,0,0,0,0,0,0,0,0,0,0,1,1,2,1,2,1,0
"2022",1,1,7,1,48,15,1,2,2,2,1,3,2,1,2,2,2,0,0,0,0,0,0,0,0,0,0,0,0,0,0,0,3
"2022",1,1,8,1,31,60,2,2,2,2,1,0,0,0,0,0,0,0,0,0,0,0,0,0,0,0,0,0,0,0,0,0,4
"2022",2,2,3,7,55,0,2,2,2,2,2,0,0,0,0,0,0,0,0,0,0,0,0,0,0,0,0,0,0,0,0,0,0
"2022",1,1,2,1,29,15,2,2,1,2,2,0,0,0,0,0,0,0,0,0,0,0,0,0,0,0,4,2,1,2,2,1,0
"2022",1,2,2,7,72,30,2,2,1,2,2,0,0,0,0,0,0,0,0,0,0,0,0,0,0,0,3,1,1,1,1,1,0
"2022",2,2,2,7,72,0,2,2,2,2,2,0,0,0,0,0,0,0,0,0,0,0,0,0,0,0,0,0,0,0,0,0,0
"2022",1,2,3,4,49,15,1,2,1,2,2,4,2,2,2,2,1,0,0,0,0,0,0,0,0,0,3,2,2,2,1,1,0
"2022",1,2,6,3,49,15,1,2,2,2,2,5,2,2,1,2,2,0,0,0,0,0,0,0,0,0,0,0,0,0,0,0,0
"2022",4,1,4,1,58,0,2,2,2,2,2,0,0,0,0,0,0,0,0,0,0,0,0,0,0,0,0,0,0,0,0,0,0
"2022",1,1,4,1,26,15,2,2,1,2,2,0,0,0,0,0,0,0,0,0,0,0,0,0,0,0,3,1,1,2,2,1,0
"2022",1,2,7,7,65,20,2,1,1,2,2,0,0,0,0,0,0,1,2,1,2,2,2,2,2,2,3,1,2,1,2,2,0
"2022",1,1,7,1,29,30,1,2,2,2,1,3,2,2,1,1,1,0,0,0,0,0,0,0,0,0,0,0,0,0,0,0,3
"2022",4,2,3,8,61,0,2,2,2,2,2,0,0,0,0,0,0,0,0,0,0,0,0,0,0,0,0,0,0,0,0,0,0
"2022",1,2,2,2,45,20,1,2,2,2,2,3,2,2,2,2,1,0,0,0,0,0,0,0,0,0,0,0,0,0,0,0,0
"2022",1,2,6,1,59,30,2,1,1,2,2,0,0,0,0,0,0,3,2,2,1,2,2,2,2,2,3,2,2,1,2,1,0
"2022",1,2,7,7,53,30,1,1,1,2,1,3,2,1,2,2,2,4,2,2,2,2,2,2,2,1,3,2,2,1,2,1,3
"2022",1,1,5,1,59,40,1,1,1,2,1,4,2,2,1,2,2,4,2,2,2,2,2,1,2,2,4,1,1,1,1,1,3
"2022",1,1,7,8,68,30,1,1,1,2,2,4,2,2,2,2,1,4,2,1,2,2,2,2,2,2,4,1,1,1,1,1,0
"2022",1,1,8,1,37,60,1,1,1,2,1,1,2,1,2,2,2,3,2,2,2,2,2,1,2,2,4,1,1,2,2,1,1
"2022",1,1,4,1,36,60,2,2,2,2,1,0,0,0,0,0,0,0,0,0,0,0,0,0,0,0,0,0,0,0,0,0,1
"2022",1,2,7,1,25,10,1,2,2,2,1,2,2,2,2,1,2,0,0,0,0,0,0,0,0,0,0,0,0,0,0,0,3
"2022",1,1,7,1,20,20,1,2,2,2,1,3,2,2,2,2,1,0,0,0,0,0,0,0,0,0,0,0,0,0,0,0,2
"2022",1,2,6,8,85,120,1,1,1,2,2,4,2,2,2,1,2,4,2,2,2,2,1,1,2,2,4,1,2,1,2,1,0
"2022",2,1,7,8,67,0,2,2,2,2,2,0,0,0,0,0,0,0,0,0,0,0,0,0,0,0,0,0,0,0,0,0,0
"2022",1,2,6,1,75,40,2,1,1,2,2,0,0,0,0,0,0,4,2,2,2,2,2,1,2,2,4,1,2,1,2,1,0
"2022",1,1,7,1,41,20,2,2,1,2,2,0,0,0,0,0,0,0,0,0,0,0,0,0,0,0,3,1,1,2,2,1,0
"2022",1,1,6,1,22,20,1,2,2,2,1,1,2,1,2,2,2,0,0,0,0,0,0,0,0,0,0,0,0,0,0,0,1
"2022",3,1,4,1,24,30,1,2,2,1,1,3,2,2,2,2,1,0,0,0,0,0,0,0,0,0,0,0,0,0,0,0,4
"2022",1,2,4,1,28,35,1,2,2,2,1,4,2,2,2,1,2,0,0,0,0,0,0,0,0,0,0,0,0,0,0,0,1
"2022",1,2,6,1,54,60,2,1,2,2,1,0,0,0,0,0,0,4,2,2,2,2,2,2,2,1,0,0,0,0,0,0,3
"2022",1,2,8,1,33,40,1,2,2,2,1,3,2,2,1,2,2,0,0,0,0,0,0,0,0,0,0,0,0,0,0,0,2
"2022",1,2,6,1,57,120,1,2,2,2,1,1,2,1,2,1,1,0,0,0,0,0,0,0,0,0,0,0,0,0,0,0,3
"2022",4,2,2,7,55,0,2,2,2,2,2,0,0,0,0,0,0,0,0,0,0,0,0,0,0,0,0,0,0,0,0,0,0
"2022",3,1,3,4,20,20,2,2,2,2,1,0,0,0,0,0,0,0,0,0,0,0,0,0,0,0,0,0,0,0,0,0,3
"2022",3,1,4,4,55,120,2,2,2,2,1,0,0,0,0,0,0,0,0,0,0,0,0,0,0,0,0,0,0,0,0,0,3
"2022",1,2,4,7,38,120,1,1,1,1,1,5,2,2,1,2,2,3,2,2,2,2,2,1,2,2,3,1,2,2,1,2,3
"2022",1,2,7,7,46,30,2,2,2,2,1,0,0,0,0,0,0,0,0,0,0,0,0,0,0,0,0,0,0,0,0,0,4
"2022",2,1,7,1,27,0,2,2,2,2,2,0,0,0,0,0,0,0,0,0,0,0,0,0,0,0,0,0,0,0,0,0,0
"2022",1,2,6,1,50,60,1,1,2,1,1,1,2,1,1,1,2,1,2,2,1,2,2,2,2,2,0,0,0,0,0,0,3
"2022",4,1,2,1,25,0,2,2,2,2,2,0,0,0,0,0,0,0,0,0,0,0,0,0,0,0,0,0,0,0,0,0,0
"2022",1,1,6,8,68,60,1,1,1,2,2,4,2,2,2,2,1,4,2,1,2,2,2,2,2,2,3,1,1,1,1,1,0
"2022",4,2,3,7,53,0,2,2,2,2,2,0,0,0,0,0,0,0,0,0,0,0,0,0,0,0,0,0,0,0,0,0,0
"2022",1,1,7,8,82,60,1,1,1,1,2,3,2,2,2,2,1,3,2,2,2,2,2,1,2,2,3,1,1,1,1,1,0
"2022",1,1,7,8,74,180,2,1,1,2,1,0,0,0,0,0,0,3,2,1,2,2,2,2,2,2,3,1,2,1,1,1,3
"2022",1,2,7,1,63,20,1,1,2,1,1,5,2,2,1,2,2,4,2,2,2,2,2,2,2,1,0,0,0,0,0,0,3
"2022",4,1,6,1,59,0,2,2,2,2,2,0,0,0,0,0,0,0,0,0,0,0,0,0,0,0,0,0,0,0,0,0,0
"2022",1,2,3,1,36,60,1,2,2,2,2,4,2,2,1,2,2,0,0,0,0,0,0,0,0,0,0,0,0,0,0,0,0
"2022",1,1,3,1,44,60,2,2,2,2,1,0,0,0,0,0,0,0,0,0,0,0,0,0,0,0,0,0,0,0,0,0,1
"2022",4,1,2,8,70,0,2,2,2,2,2,0,0,0,0,0,0,0,0,0,0,0,0,0,0,0,0,0,0,0,0,0,0
"2022",4,2,2,7,76,0,2,2,2,2,2,0,0,0,0,0,0,0,0,0,0,0,0,0,0,0,0,0,0,0,0,0,0
"2022",2,2,4,7,37,0,2,2,2,2,2,0,0,0,0,0,0,0,0,0,0,0,0,0,0,0,0,0,0,0,0,0,0
"2022",4,2,6,7,64,0,2,2,2,2,2,0,0,0,0,0,0,0,0,0,0,0,0,0,0,0,0,0,0,0,0,0,0
"2022",1,1,4,6,22,60,1,2,2,2,2,2,2,1,2,2,2,0,0,0,0,0,0,0,0,0,0,0,0,0,0,0,0
"2022",2,1,3,1,57,0,2,2,2,2,2,0,0,0,0,0,0,0,0,0,0,0,0,0,0,0,0,0,0,0,0,0,0
"2022",3,1,6,1,30,15,2,1,2,2,1,0,0,0,0,0,0,3,2,2,2,1,2,2,2,2,0,0,0,0,0,0,4
"2022",4,1,3,1,46,0,2,2,2,2,2,0,0,0,0,0,0,0,0,0,0,0,0,0,0,0,0,0,0,0,0,0,0
"2022",1,1,4,1,33,30,2,2,1,2,2,0,0,0,0,0,0,0,0,0,0,0,0,0,0,0,3,1,1,1,2,1,0
"2022",1,1,6,1,50,60,1,2,2,2,1,3,2,1,2,2,1,0,0,0,0,0,0,0,0,0,0,0,0,0,0,0,1
"2022",4,1,6,1,43,0,2,2,2,2,2,0,0,0,0,0,0,0,0,0,0,0,0,0,0,0,0,0,0,0,0,0,0
"2022",1,1,8,1,49,30,1,1,1,2,1,1,2,1,2,2,2,3,2,1,2,2,2,2,1,2,3,1,1,2,2,2,1
"2022",1,1,7,1,32,30,1,2,2,2,2,3,2,2,1,2,2,0,0,0,0,0,0,0,0,0,0,0,0,0,0,0,0
"2022",1,1,7,1,57,180,2,2,1,2,2,0,0,0,0,0,0,0,0,0,0,0,0,0,0,0,1,2,2,1,2,2,0
"2022",1,1,3,1,56,20,2,1,2,2,2,0,0,0,0,0,0,4,2,2,2,1,2,2,1,2,0,0,0,0,0,0,0
"2022",1,2,4,7,30,20,1,2,2,2,1,3,2,2,1,2,1,0,0,0,0,0,0,0,0,0,0,0,0,0,0,0,3
"2022",1,2,3,7,40,20,1,2,2,2,2,4,2,2,2,1,2,0,0,0,0,0,0,0,0,0,0,0,0,0,0,0,0
"2022",1,2,3,7,39,60,1,2,2,2,1,4,2,2,2,1,2,0,0,0,0,0,0,0,0,0,0,0,0,0,0,0,2
"2022",1,1,3,1,61,60,1,2,2,2,1,3,1,2,2,2,2,0,0,0,0,0,0,0,0,0,0,0,0,0,0,0,1
"2022",1,1,4,1,40,30,1,1,1,1,1,3,2,2,2,2,1,3,2,1,2,2,2,2,2,2,3,2,2,1,1,1,4
"2022",1,2,6,1,40,30,1,1,2,2,1,2,2,1,2,2,2,3,2,2,2,1,2,2,2,2,0,0,0,0,0,0,3
"2022",1,2,7,1,43,60,1,1,1,1,1,1,2,1,2,2,2,1,2,2,1,2,2,1,1,2,3,2,2,1,2,1,1
"2022",1,2,3,7,30,20,2,1,2,2,1,0,0,0,0,0,0,4,2,2,2,2,2,2,2,1,0,0,0,0,0,0,4
"2022",1,1,4,3,26,15,1,2,2,2,1,4,2,2,1,2,2,0,0,0,0,0,0,0,0,0,0,0,0,0,0,0,1
"2022",4,2,2,8,75,0,2,2,2,2,2,0,0,0,0,0,0,0,0,0,0,0,0,0,0,0,0,0,0,0,0,0,0
"2022",4,1,3,1,46,0,2,2,2,2,2,0,0,0,0,0,0,0,0,0,0,0,0,0,0,0,0,0,0,0,0,0,0
"2022",1,1,6,1,49,30,1,2,1,2,1,4,2,2,2,2,1,0,0,0,0,0,0,0,0,0,3,2,1,2,2,1,4
"2022",0,2,2,1,52,0,0,0,0,0,0,0,0,0,0,0,0,0,0,0,0,0,0,0,0,0,0,0,0,0,0,0,0
"2022",4,2,3,1,44,0,2,2,2,2,2,0,0,0,0,0,0,0,0,0,0,0,0,0,0,0,0,0,0,0,0,0,0
"2022",4,1,3,4,20,0,2,2,2,2,2,0,0,0,0,0,0,0,0,0,0,0,0,0,0,0,0,0,0,0,0,0,0
"2022",4,1,2,8,85,0,2,2,2,2,2,0,0,0,0,0,0,0,0,0,0,0,0,0,0,0,0,0,0,0,0,0,0
"2022",1,1,4,1,34,40,1,2,1,2,2,3,2,2,2,2,1,0,0,0,0,0,0,0,0,0,3,1,2,2,1,1,0
"2022",4,1,3,3,27,0,2,2,2,2,2,0,0,0,0,0,0,0,0,0,0,0,0,0,0,0,0,0,0,0,0,0,0
"2022",4,1,4,1,28,0,2,2,2,2,2,0,0,0,0,0,0,0,0,0,0,0,0,0,0,0,0,0,0,0,0,0,0
"2022",4,2,4,1,42,0,2,2,2,2,2,0,0,0,0,0,0,0,0,0,0,0,0,0,0,0,0,0,0,0,0,0,0
"2022",1,2,7,7,43,20,1,2,2,2,2,4,2,2,2,2,1,0,0,0,0,0,0,0,0,0,0,0,0,0,0,0,0
"2022",1,2,9,8,71,30,1,2,2,2,1,3,2,2,2,1,2,0,0,0,0,0,0,0,0,0,0,0,0,0,0,0,3
"2022",1,2,7,7,58,60,1,2,2,2,1,4,2,2,1,2,2,0,0,0,0,0,0,0,0,0,0,0,0,0,0,0,4
"2022",4,1,7,8,71,0,2,2,2,2,2,0,0,0,0,0,0,0,0,0,0,0,0,0,0,0,0,0,0,0,0,0,0
"2022",1,2,3,7,27,30,2,2,1,2,1,0,0,0,0,0,0,0,0,0,0,0,0,0,0,0,4,2,2,2,2,2,4
"2022",4,1,4,1,54,0,2,2,2,2,2,0,0,0,0,0,0,0,0,0,0,0,0,0,0,0,0,0,0,0,0,0,0
"2022",4,2,7,1,26,0,2,2,2,2,2,0,0,0,0,0,0,0,0,0,0,0,0,0,0,0,0,0,0,0,0,0,0
"2022",4,1,2,8,65,0,2,2,2,2,2,0,0,0,0,0,0,0,0,0,0,0,0,0,0,0,0,0,0,0,0,0,0
"2022",1,1,3,1,48,3,1,1,1,2,2,5,2,2,1,2,2,4,2,2,2,2,2,2,2,1,3,2,2,2,1,2,0
"2022",1,1,3,1,43,20,2,2,2,1,1,0,0,0,0,0,0,0,0,0,0,0,0,0,0,0,0,0,0,0,0,0,4
"2022",3,1,3,1,21,5,2,2,2,2,1,0,0,0,0,0,0,0,0,0,0,0,0,0,0,0,0,0,0,0,0,0,1
"2022",3,1,4,1,22,90,1,1,2,1,2,1,2,2,2,2,1,4,1,2,2,2,2,2,2,2,0,0,0,0,0,0,0
"2022",1,1,3,3,37,60,2,2,1,2,2,0,0,0,0,0,0,0,0,0,0,0,0,0,0,0,4,2,1,2,2,1,0
"2022",4,1,3,1,39,0,2,2,2,2,2,0,0,0,0,0,0,0,0,0,0,0,0,0,0,0,0,0,0,0,0,0,0
"2022",1,2,3,7,48,60,1,1,2,2,2,3,2,2,1,2,2,3,2,2,2,2,2,2,1,2,0,0,0,0,0,0,0
"2022",4,1,2,1,67,0,2,2,2,2,2,0,0,0,0,0,0,0,0,0,0,0,0,0,0,0,0,0,0,0,0,0,0
"2022",3,2,2,7,63,30,1,2,2,2,2,5,2,2,1,2,2,0,0,0,0,0,0,0,0,0,0,0,0,0,0,0,0
"2022",4,1,3,1,32,0,2,2,2,2,2,0,0,0,0,0,0,0,0,0,0,0,0,0,0,0,0,0,0,0,0,0,0
"2022",1,1,4,1,37,10,2,1,2,2,1,0,0,0,0,0,0,4,2,2,2,2,2,1,2,2,0,0,0,0,0,0,4
"2022",1,1,3,1,55,20,1,2,1,2,1,2,2,2,1,2,2,0,0,0,0,0,0,0,0,0,4,1,1,1,1,1,4
"2022",1,1,3,1,21,30,1,2,1,2,2,4,2,2,2,2,1,0,0,0,0,0,0,0,0,0,4,1,1,2,1,1,0
"2022",1,2,7,1,21,60,1,2,2,2,1,2,2,1,2,2,2,0,0,0,0,0,0,0,0,0,0,0,0,0,0,0,2
"2022",1,2,4,1,32,20,1,2,1,2,2,2,2,1,2,2,2,0,0,0,0,0,0,0,0,0,4,2,2,2,2,1,0
"2022",1,1,7,1,38,20,2,2,1,2,2,0,0,0,0,0,0,0,0,0,0,0,0,0,0,0,4,2,2,1,2,2,0
"2022",1,2,7,1,25,120,1,2,2,2,1,1,2,1,2,1,1,0,0,0,0,0,0,0,0,0,0,0,0,0,0,0,1
"2022",3,2,4,7,39,10,2,2,2,2,1,0,0,0,0,0,0,0,0,0,0,0,0,0,0,0,0,0,0,0,0,0,3
"2022",1,2,3,1,54,20,2,1,1,2,2,0,0,0,0,0,0,4,2,2,1,2,2,2,2,2,4,2,2,1,1,2,0
"2022",1,2,8,1,27,30,2,1,2,2,1,0,0,0,0,0,0,3,2,1,2,2,2,2,2,2,0,0,0,0,0,0,3
"2022",1,2,7,7,40,60,1,1,2,2,2,4,2,2,2,1,2,4,2,2,2,2,2,2,1,2,0,0,0,0,0,0,0
"2022",1,2,3,1,55,20,2,1,2,2,2,0,0,0,0,0,0,4,2,2,2,2,1,2,2,1,0,0,0,0,0,0,0
"2022",1,2,3,7,39,30,2,2,2,2,1,0,0,0,0,0,0,0,0,0,0,0,0,0,0,0,0,0,0,0,0,0,3
"2022",1,1,3,1,38,40,2,1,1,2,1,0,0,0,0,0,0,3,2,2,1,2,2,2,2,2,4,1,2,2,2,1,4
"2022",1,2,2,7,53,20,2,1,2,2,2,0,0,0,0,0,0,3,2,2,1,2,2,2,2,2,0,0,0,0,0,0,0
"2022",4,1,4,1,32,0,2,2,2,2,2,0,0,0,0,0,0,0,0,0,0,0,0,0,0,0,0,0,0,0,0,0,0
"2022",1,2,3,1,39,40,2,2,1,2,1,0,0,0,0,0,0,0,0,0,0,0,0,0,0,0,4,1,2,1,1,1,4
"2022",4,1,4,1,30,0,2,2,2,2,2,0,0,0,0,0,0,0,0,0,0,0,0,0,0,0,0,0,0,0,0,0,0
"2022",4,2,3,1,35,0,2,2,2,2,2,0,0,0,0,0,0,0,0,0,0,0,0,0,0,0,0,0,0,0,0,0,0
"2022",1,2,2,1,33,30,1,2,2,2,2,5,2,2,1,2,2,0,0,0,0,0,0,0,0,0,0,0,0,0,0,0,0
"2022",4,1,3,1,23,0,2,2,2,2,2,0,0,0,0,0,0,0,0,0,0,0,0,0,0,0,0,0,0,0,0,0,0
"2022",4,1,2,1,41,0,2,2,2,2,2,0,0,0,0,0,0,0,0,0,0,0,0,0,0,0,0,0,0,0,0,0,0
"2022",4,2,3,7,43,0,2,2,2,2,2,0,0,0,0,0,0,0,0,0,0,0,0,0,0,0,0,0,0,0,0,0,0
"2022",3,1,7,1,26,30,1,1,1,2,2,4,2,2,2,1,1,4,2,1,2,2,2,2,2,2,4,1,1,1,1,1,0
"2022",4,2,3,1,29,0,2,2,2,2,2,0,0,0,0,0,0,0,0,0,0,0,0,0,0,0,0,0,0,0,0,0,0
"2022",4,1,3,1,31,0,2,2,2,2,2,0,0,0,0,0,0,0,0,0,0,0,0,0,0,0,0,0,0,0,0,0,0
"2022",4,2,3,1,45,0,2,2,2,2,2,0,0,0,0,0,0,0,0,0,0,0,0,0,0,0,0,0,0,0,0,0,0
"2022",1,2,6,7,62,60,1,2,2,2,2,5,2,2,1,2,2,0,0,0,0,0,0,0,0,0,0,0,0,0,0,0,0
"2022",1,2,7,8,71,60,1,2,2,2,2,4,2,2,2,2,1,0,0,0,0,0,0,0,0,0,0,0,0,0,0,0,0
"2022",4,2,2,7,67,0,2,2,2,2,2,0,0,0,0,0,0,0,0,0,0,0,0,0,0,0,0,0,0,0,0,0,0
"2022",1,1,6,1,43,15,2,1,2,2,1,0,0,0,0,0,0,4,2,1,2,2,2,1,2,2,0,0,0,0,0,0,4
"2022",1,1,4,1,54,20,1,1,1,2,2,4,2,2,2,1,2,4,1,2,2,2,2,2,2,1,4,2,1,2,2,1,0
"2022",1,1,8,1,44,180,1,2,1,2,1,5,2,2,1,2,2,0,0,0,0,0,0,0,0,0,3,1,1,2,1,2,5
"2022",1,2,7,7,44,120,2,1,1,2,1,0,0,0,0,0,0,3,2,2,2,2,2,2,1,2,3,2,1,1,1,2,3
"2022",1,2,4,6,20,60,1,2,2,2,1,2,2,1,2,2,2,0,0,0,0,0,0,0,0,0,0,0,0,0,0,0,2
"2022",3,1,3,1,43,15,2,2,1,2,2,0,0,0,0,0,0,0,0,0,0,0,0,0,0,0,3,2,2,2,2,1,0
"2022",1,2,4,7,45,60,2,1,2,2,1,0,0,0,0,0,0,5,2,2,2,2,1,2,2,2,0,0,0,0,0,0,5
"2022",1,2,4,1,22,30,1,2,2,2,2,4,2,2,1,2,2,0,0,0,0,0,0,0,0,0,0,0,0,0,0,0,0
"2022",1,1,4,8,61,40,1,2,1,2,2,3,2,2,1,2,1,0,0,0,0,0,0,0,0,0,3,1,1,1,1,1,0
"2022",1,2,3,1,20,30,2,2,2,2,1,0,0,0,0,0,0,0,0,0,0,0,0,0,0,0,0,0,0,0,0,0,3
"2022",3,2,2,1,70,30,2,1,1,2,2,0,0,0,0,0,0,4,2,2,2,2,2,2,1,2,4,1,2,1,1,1,0
"2022",1,1,4,3,22,60,2,1,1,2,1,0,0,0,0,0,0,4,2,2,2,1,2,2,1,2,4,2,1,2,2,2,1
"2022",4,2,2,8,59,0,2,2,2,2,2,0,0,0,0,0,0,0,0,0,0,0,0,0,0,0,0,0,0,0,0,0,0
"2022",1,2,4,1,40,10,1,1,2,2,1,5,2,2,1,2,2,5,2,2,2,2,1,2,2,2,0,0,0,0,0,0,5
"2022",4,2,3,7,43,0,2,2,2,2,2,0,0,0,0,0,0,0,0,0,0,0,0,0,0,0,0,0,0,0,0,0,0
"2022",4,2,6,7,44,0,2,2,2,2,2,0,0,0,0,0,0,0,0,0,0,0,0,0,0,0,0,0,0,0,0,0,0
"2022",1,2,3,7,47,20,1,2,2,2,2,5,2,2,1,2,2,0,0,0,0,0,0,0,0,0,0,0,0,0,0,0,0
"2022",1,1,6,1,60,20,2,2,1,2,2,0,0,0,0,0,0,0,0,0,0,0,0,0,0,0,3,1,1,2,2,1,0
"2022",1,2,3,7,61,120,1,1,2,2,2,5,2,2,1,2,2,4,2,2,1,2,2,2,2,1,0,0,0,0,0,0,0
"2022",1,2,6,7,44,40,1,2,2,2,2,3,2,2,2,2,1,0,0,0,0,0,0,0,0,0,0,0,0,0,0,0,0
"2022",1,2,7,1,31,60,1,2,2,2,1,2,2,1,1,2,2,0,0,0,0,0,0,0,0,0,0,0,0,0,0,0,3
"2022",1,1,4,1,27,40,1,2,2,2,2,4,2,2,1,2,1,0,0,0,0,0,0,0,0,0,0,0,0,0,0,0,0
"2022",1,2,3,7,54,15,2,2,2,2,1,0,0,0,0,0,0,0,0,0,0,0,0,0,0,0,0,0,0,0,0,0,3
"2022",1,2,4,7,34,10,1,1,2,2,1,5,2,2,1,2,2,4,2,2,2,1,2,2,2,2,0,0,0,0,0,0,3
"2022",3,2,6,1,51,180,2,1,2,2,2,0,0,0,0,0,0,5,2,2,2,2,1,2,2,2,0,0,0,0,0,0,0
"2022",2,2,3,7,57,0,2,2,2,2,2,0,0,0,0,0,0,0,0,0,0,0,0,0,0,0,0,0,0,0,0,0,0
"2022",4,2,2,7,57,0,2,2,2,2,2,0,0,0,0,0,0,0,0,0,0,0,0,0,0,0,0,0,0,0,0,0,0
"2022",3,1,6,1,45,15,2,2,1,2,2,0,0,0,0,0,0,0,0,0,0,0,0,0,0,0,4,2,1,1,2,1,0
"2022",4,2,2,7,62,0,2,2,2,2,2,0,0,0,0,0,0,0,0,0,0,0,0,0,0,0,0,0,0,0,0,0,0
"2022",4,2,2,7,60,0,2,2,2,2,2,0,0,0,0,0,0,0,0,0,0,0,0,0,0,0,0,0,0,0,0,0,0
"2022",1,2,7,1,47,30,2,2,2,2,1,0,0,0,0,0,0,0,0,0,0,0,0,0,0,0,0,0,0,0,0,0,3
"2022",4,1,4,1,59,0,2,2,2,2,2,0,0,0,0,0,0,0,0,0,0,0,0,0,0,0,0,0,0,0,0,0,0
"2022",1,1,7,4,55,30,1,1,1,2,1,3,2,2,2,2,1,3,2,2,1,1,2,2,1,2,3,2,2,1,2,2,3
"2022",1,1,7,1,45,45,1,2,2,2,1,3,2,2,2,2,1,0,0,0,0,0,0,0,0,0,0,0,0,0,0,0,1
"2022",1,1,6,1,31,30,2,2,1,2,2,0,0,0,0,0,0,0,0,0,0,0,0,0,0,0,4,2,1,2,2,1,0
"2022",3,2,3,7,21,60,2,2,2,2,1,0,0,0,0,0,0,0,0,0,0,0,0,0,0,0,0,0,0,0,0,0,4
"2022",1,1,4,1,57,45,1,2,2,2,2,3,2,2,2,1,2,0,0,0,0,0,0,0,0,0,0,0,0,0,0,0,0
"2022",1,2,6,1,53,60,2,1,1,2,2,0,0,0,0,0,0,4,2,2,2,1,1,2,1,2,4,2,2,1,1,2,0
"2022",1,2,4,6,22,90,1,2,1,1,1,4,2,2,2,1,2,0,0,0,0,0,0,0,0,0,4,1,2,2,1,2,4
"2022",1,2,3,1,24,120,1,2,2,2,1,4,2,2,2,1,2,0,0,0,0,0,0,0,0,0,0,0,0,0,0,0,4
"2022",1,1,4,1,21,30,2,1,2,1,2,0,0,0,0,0,0,4,1,2,2,1,2,2,1,2,0,0,0,0,0,0,0
"2022",1,2,4,6,19,60,1,2,2,1,1,4,2,2,2,1,2,0,0,0,0,0,0,0,0,0,0,0,0,0,0,0,4
"2022",3,1,4,1,23,20,1,2,2,2,2,4,2,2,1,2,2,0,0,0,0,0,0,0,0,0,0,0,0,0,0,0,0
"2022",1,2,6,1,42,60,1,2,2,2,2,4,2,2,2,1,2,0,0,0,0,0,0,0,0,0,0,0,0,0,0,0,0
"2022",1,1,4,1,40,60,1,2,1,2,1,3,2,2,1,2,2,0,0,0,0,0,0,0,0,0,4,2,1,2,2,1,3
"2022",4,2,4,1,47,0,2,2,2,2,2,0,0,0,0,0,0,0,0,0,0,0,0,0,0,0,0,0,0,0,0,0,0
"2022",1,1,8,8,67,60,1,1,1,2,1,4,2,2,2,1,2,4,2,2,2,2,2,2,2,1,3,1,1,1,1,2,3
"2022",4,1,2,1,60,0,2,2,2,2,2,0,0,0,0,0,0,0,0,0,0,0,0,0,0,0,0,0,0,0,0,0,0
"2022",1,2,3,1,43,30,1,1,1,1,1,5,2,2,1,2,2,5,2,2,2,2,1,2,2,2,5,1,1,1,1,1,3
"2022",1,2,3,7,32,30,1,1,1,2,2,4,2,2,2,1,2,4,2,2,2,2,1,2,2,2,4,1,2,1,1,1,0
"2022",4,1,3,1,38,0,2,2,2,2,2,0,0,0,0,0,0,0,0,0,0,0,0,0,0,0,0,0,0,0,0,0,0
"2022",2,1,4,1,42,0,2,2,2,2,2,0,0,0,0,0,0,0,0,0,0,0,0,0,0,0,0,0,0,0,0,0,0
"2022",3,2,3,7,66,30,2,2,2,2,1,0,0,0,0,0,0,0,0,0,0,0,0,0,0,0,0,0,0,0,0,0,4
"2022",4,1,6,1,54,0,2,2,2,2,2,0,0,0,0,0,0,0,0,0,0,0,0,0,0,0,0,0,0,0,0,0,0
"2022",4,2,4,7,49,0,2,2,2,2,2,0,0,0,0,0,0,0,0,0,0,0,0,0,0,0,0,0,0,0,0,0,0
"2022",1,2,2,7,73,40,1,2,2,2,2,5,2,2,1,2,2,0,0,0,0,0,0,0,0,0,0,0,0,0,0,0,0
"2022",1,2,7,1,54,60,2,1,2,2,1,0,0,0,0,0,0,1,2,2,1,2,2,2,2,2,0,0,0,0,0,0,1
"2022",4,1,3,1,48,0,2,2,2,2,2,0,0,0,0,0,0,0,0,0,0,0,0,0,0,0,0,0,0,0,0,0,0
"2022",4,2,6,1,52,0,2,2,2,2,2,0,0,0,0,0,0,0,0,0,0,0,0,0,0,0,0,0,0,0,0,0,0
"2022",4,1,3,1,28,0,2,2,2,2,2,0,0,0,0,0,0,0,0,0,0,0,0,0,0,0,0,0,0,0,0,0,0
"2022",4,2,3,1,52,0,2,2,2,2,2,0,0,0,0,0,0,0,0,0,0,0,0,0,0,0,0,0,0,0,0,0,0
"2022",1,2,7,1,23,60,1,1,2,2,2,2,2,1,2,2,2,3,2,1,2,2,2,2,2,2,0,0,0,0,0,0,0
"2022",1,1,7,1,21,45,1,1,1,2,1,4,2,2,2,1,2,4,2,1,2,2,2,2,2,2,4,1,1,1,1,1,4
"2022",1,1,7,1,22,45,1,1,2,2,1,4,2,2,2,1,2,4,2,2,2,2,2,1,2,2,0,0,0,0,0,0,4
"2022",1,2,0,8,86,15,1,2,2,2,2,5,2,2,1,2,2,0,0,0,0,0,0,0,0,0,0,0,0,0,0,0,0
"2022",1,2,3,1,26,60,1,2,2,2,2,4,2,2,2,2,1,0,0,0,0,0,0,0,0,0,0,0,0,0,0,0,0
"2022",1,1,3,8,66,30,2,2,1,2,2,0,0,0,0,0,0,0,0,0,0,0,0,0,0,0,4,2,1,1,2,1,0
"2022",4,2,4,1,40,0,2,2,2,2,2,0,0,0,0,0,0,0,0,0,0,0,0,0,0,0,0,0,0,0,0,0,0
"2022",4,2,4,1,35,0,2,2,2,2,2,0,0,0,0,0,0,0,0,0,0,0,0,0,0,0,0,0,0,0,0,0,0
"2022",4,2,3,1,34,0,2,2,2,2,2,0,0,0,0,0,0,0,0,0,0,0,0,0,0,0,0,0,0,0,0,0,0
"2022",1,1,7,1,34,30,2,1,2,1,2,0,0,0,0,0,0,4,1,2,2,2,2,2,2,2,0,0,0,0,0,0,0
"2022",1,1,6,1,27,60,2,2,2,1,1,0,0,0,0,0,0,0,0,0,0,0,0,0,0,0,0,0,0,0,0,0,1
"2022",1,2,7,1,19,30,2,1,1,2,1,0,0,0,0,0,0,2,2,1,1,2,2,2,2,2,4,2,2,1,1,1,4
"2022",3,1,4,1,60,30,2,2,2,2,1,0,0,0,0,0,0,0,0,0,0,0,0,0,0,0,0,0,0,0,0,0,1
"2022",1,2,3,7,44,15,2,1,2,2,1,0,0,0,0,0,0,3,2,2,2,2,2,2,1,2,0,0,0,0,0,0,3
"2022",1,1,4,1,26,10,2,2,2,2,1,0,0,0,0,0,0,0,0,0,0,0,0,0,0,0,0,0,0,0,0,0,4
"2022",1,2,3,7,30,15,2,2,2,2,1,0,0,0,0,0,0,0,0,0,0,0,0,0,0,0,0,0,0,0,0,0,4
"2022",1,2,4,1,28,60,1,2,2,2,1,3,2,2,2,2,1,0,0,0,0,0,0,0,0,0,0,0,0,0,0,0,1
"2022",1,2,6,7,60,30,2,1,1,1,2,0,0,0,0,0,0,5,2,2,1,2,1,2,2,1,4,1,2,1,2,2,0
"2022",4,1,3,1,29,0,2,2,2,2,2,0,0,0,0,0,0,0,0,0,0,0,0,0,0,0,0,0,0,0,0,0,0
"2022",1,1,3,1,53,15,1,2,2,2,1,1,2,2,1,2,2,0,0,0,0,0,0,0,0,0,0,0,0,0,0,0,1
"2022",1,2,7,1,34,20,2,1,2,2,1,0,0,0,0,0,0,4,2,2,2,2,2,1,2,2,0,0,0,0,0,0,4
"2022",1,1,7,1,42,60,1,1,1,2,1,2,2,1,2,1,1,1,2,1,2,2,2,1,2,2,3,2,1,2,1,2,4
"2022",1,2,4,1,55,30,1,2,2,1,2,4,2,2,1,2,2,0,0,0,0,0,0,0,0,0,0,0,0,0,0,0,0
"2022",1,2,7,1,63,30,1,1,1,1,2,3,2,1,1,2,2,2,2,1,2,1,2,2,2,2,4,1,1,1,1,1,0
"2022",1,2,8,1,31,60,1,2,2,2,1,4,2,2,1,2,1,0,0,0,0,0,0,0,0,0,0,0,0,0,0,0,1
"2022",1,2,3,1,36,60,2,2,2,2,1,0,0,0,0,0,0,0,0,0,0,0,0,0,0,0,0,0,0,0,0,0,3
"2022",1,2,4,2,44,15,2,2,1,2,1,0,0,0,0,0,0,0,0,0,0,0,0,0,0,0,3,1,1,1,2,1,4
"2022",4,2,2,7,69,0,2,2,2,2,2,0,0,0,0,0,0,0,0,0,0,0,0,0,0,0,0,0,0,0,0,0,0
"2022",4,2,3,3,52,0,2,2,2,2,2,0,0,0,0,0,0,0,0,0,0,0,0,0,0,0,0,0,0,0,0,0,0
"2022",4,2,2,1,43,0,2,2,2,2,2,0,0,0,0,0,0,0,0,0,0,0,0,0,0,0,0,0,0,0,0,0,0
"2022",1,2,3,7,75,30,1,2,2,2,2,4,2,2,1,2,2,0,0,0,0,0,0,0,0,0,0,0,0,0,0,0,0
"2022",1,2,4,1,35,90,1,1,1,2,1,4,2,2,2,1,2,3,2,1,2,2,2,2,1,2,4,1,2,1,2,1,3
"2022",1,2,5,1,56,30,1,2,2,2,2,1,1,1,2,2,2,0,0,0,0,0,0,0,0,0,0,0,0,0,0,0,0
"2022",1,2,3,1,52,20,1,2,2,2,1,6,1,1,1,2,2,0,0,0,0,0,0,0,0,0,0,0,0,0,0,0,6
"2022",1,1,4,1,33,30,2,2,2,1,2,0,0,0,0,0,0,0,0,0,0,0,0,0,0,0,0,0,0,0,0,0,0
"2022",3,2,4,7,29,20,2,2,2,2,1,0,0,0,0,0,0,0,0,0,0,0,0,0,0,0,0,0,0,0,0,0,3
"2022",3,2,3,7,41,30,2,2,2,2,1,0,0,0,0,0,0,0,0,0,0,0,0,0,0,0,0,0,0,0,0,0,3
"2022",1,2,2,1,38,45,1,2,2,2,1,4,2,2,2,1,2,0,0,0,0,0,0,0,0,0,0,0,0,0,0,0,3
"2022",1,2,4,1,28,30,2,1,1,2,2,0,0,0,0,0,0,4,2,2,1,2,2,2,1,2,4,1,1,1,1,1,0
"2022",4,2,2,1,66,0,2,2,2,2,2,0,0,0,0,0,0,0,0,0,0,0,0,0,0,0,0,0,0,0,0,0,0
"2022",1,2,7,1,54,60,1,2,2,2,1,1,1,2,2,2,1,0,0,0,0,0,0,0,0,0,0,0,0,0,0,0,1
"2022",1,2,4,1,45,30,1,1,2,2,2,4,2,2,1,1,2,3,2,2,1,1,2,2,2,2,0,0,0,0,0,0,0
"2022",1,1,7,1,56,15,2,1,2,2,1,0,0,0,0,0,0,1,2,2,2,2,2,1,2,2,0,0,0,0,0,0,1
"2022",3,2,7,1,21,45,1,2,2,2,2,2,2,1,2,2,2,0,0,0,0,0,0,0,0,0,0,0,0,0,0,0,0
"2022",3,2,3,1,66,5,2,2,2,2,1,0,0,0,0,0,0,0,0,0,0,0,0,0,0,0,0,0,0,0,0,0,6
"2022",1,2,8,1,53,45,1,1,2,2,1,4,1,1,1,1,1,4,1,2,2,2,2,2,2,2,0,0,0,0,0,0,3
"2022",1,2,7,7,36,60,1,2,2,2,1,6,2,1,2,1,1,0,0,0,0,0,0,0,0,0,0,0,0,0,0,0,6
"2022",3,1,4,1,21,20,2,2,2,2,1,0,0,0,0,0,0,0,0,0,0,0,0,0,0,0,0,0,0,0,0,0,4
"2022",1,1,3,1,32,20,1,2,2,2,1,6,2,1,2,1,1,0,0,0,0,0,0,0,0,0,0,0,0,0,0,0,6
"2022",4,1,3,1,38,0,2,2,2,2,2,0,0,0,0,0,0,0,0,0,0,0,0,0,0,0,0,0,0,0,0,0,0
"2022",4,1,4,1,49,0,2,2,2,2,2,0,0,0,0,0,0,0,0,0,0,0,0,0,0,0,0,0,0,0,0,0,0
"2022",3,1,2,3,60,20,2,2,1,2,2,0,0,0,0,0,0,0,0,0,0,0,0,0,0,0,3,1,1,2,2,1,0
"2022",3,1,3,1,46,20,1,2,2,2,1,6,2,1,2,2,2,0,0,0,0,0,0,0,0,0,0,0,0,0,0,0,6
"2022",2,2,7,7,58,0,2,2,2,2,2,0,0,0,0,0,0,0,0,0,0,0,0,0,0,0,0,0,0,0,0,0,0
"2022",4,2,3,2,45,0,2,2,2,2,2,0,0,0,0,0,0,0,0,0,0,0,0,0,0,0,0,0,0,0,0,0,0
"2022",4,2,3,1,27,0,2,2,2,2,2,0,0,0,0,0,0,0,0,0,0,0,0,0,0,0,0,0,0,0,0,0,0
"2022",1,1,2,1,70,15,1,2,2,1,2,4,2,2,1,2,2,0,0,0,0,0,0,0,0,0,0,0,0,0,0,0,0
"2022",1,2,2,7,69,15,1,2,2,2,2,5,2,2,1,2,2,0,0,0,0,0,0,0,0,0,0,0,0,0,0,0,0
"2022",3,1,7,10,27,30,2,2,2,1,1,0,0,0,0,0,0,0,0,0,0,0,0,0,0,0,0,0,0,0,0,0,3
"2022",1,2,7,7,38,40,1,2,2,2,1,6,2,1,2,2,2,0,0,0,0,0,0,0,0,0,0,0,0,0,0,0,6
"2022",4,2,0,1,79,0,2,2,2,2,2,0,0,0,0,0,0,0,0,0,0,0,0,0,0,0,0,0,0,0,0,0,0
"2022",4,1,2,8,81,0,2,2,2,2,2,0,0,0,0,0,0,0,0,0,0,0,0,0,0,0,0,0,0,0,0,0,0
"2022",1,1,7,6,23,60,1,1,1,1,1,3,2,2,2,1,1,3,2,1,2,1,2,1,1,2,4,1,1,2,2,1,2
"2022",1,2,6,8,60,60,2,1,2,2,2,0,0,0,0,0,0,5,2,2,2,2,1,2,2,2,0,0,0,0,0,0,0
"2022",1,1,4,1,32,60,1,2,2,1,1,4,2,2,2,1,2,0,0,0,0,0,0,0,0,0,0,0,0,0,0,0,4
"2022",1,2,6,1,62,20,1,2,2,2,2,1,1,1,2,2,2,0,0,0,0,0,0,0,0,0,0,0,0,0,0,0,0
"2022",1,2,3,1,66,120,1,1,2,2,2,5,2,2,1,2,2,5,2,2,2,2,1,2,2,2,0,0,0,0,0,0,0
"2022",1,2,2,7,74,30,1,2,2,2,2,5,2,2,1,1,1,0,0,0,0,0,0,0,0,0,0,0,0,0,0,0,0
"2022",1,2,2,7,69,60,1,2,2,2,2,5,2,2,1,2,2,0,0,0,0,0,0,0,0,0,0,0,0,0,0,0,0
"2022",1,1,2,10,79,30,1,2,2,2,2,4,2,2,1,2,2,0,0,0,0,0,0,0,0,0,0,0,0,0,0,0,0
"2022",1,1,3,9,59,45,1,1,2,2,2,5,2,2,1,2,2,3,2,2,2,2,2,2,1,2,0,0,0,0,0,0,0
"2022",1,1,2,1,69,30,2,1,1,2,2,0,0,0,0,0,0,4,2,2,2,2,2,2,1,1,4,1,1,1,1,1,0
"2022",4,2,2,7,75,0,2,2,2,2,2,0,0,0,0,0,0,0,0,0,0,0,0,0,0,0,0,0,0,0,0,0,0
"2022",1,2,4,1,29,30,1,1,2,2,1,4,2,2,2,2,1,4,2,2,2,2,2,2,1,1,0,0,0,0,0,0,4
"2022",4,2,4,7,55,0,2,2,2,2,2,0,0,0,0,0,0,0,0,0,0,0,0,0,0,0,0,0,0,0,0,0,0
"2022",4,2,7,4,33,0,2,2,2,2,2,0,0,0,0,0,0,0,0,0,0,0,0,0,0,0,0,0,0,0,0,0,0
"2022",4,2,7,1,46,0,2,2,2,2,2,0,0,0,0,0,0,0,0,0,0,0,0,0,0,0,0,0,0,0,0,0,0
"2022",4,1,4,10,33,0,2,2,2,2,2,0,0,0,0,0,0,0,0,0,0,0,0,0,0,0,0,0,0,0,0,0,0
"2022",3,2,6,7,49,20,2,2,2,2,1,0,0,0,0,0,0,0,0,0,0,0,0,0,0,0,0,0,0,0,0,0,3
"2022",1,2,3,7,31,15,1,2,2,2,2,4,2,2,2,1,2,0,0,0,0,0,0,0,0,0,0,0,0,0,0,0,0
"2022",1,2,5,1,63,90,1,1,2,2,1,3,2,2,1,1,1,3,2,2,1,2,2,2,1,2,0,0,0,0,0,0,3
"2022",4,2,2,7,57,0,2,2,2,2,2,0,0,0,0,0,0,0,0,0,0,0,0,0,0,0,0,0,0,0,0,0,0
"2022",0,1,2,1,32,0,0,0,0,0,0,0,0,0,0,0,0,0,0,0,0,0,0,0,0,0,0,0,0,0,0,0,0
"2022",4,2,3,7,26,0,2,2,2,2,2,0,0,0,0,0,0,0,0,0,0,0,0,0,0,0,0,0,0,0,0,0,0
"2022",3,2,3,1,33,30,1,2,2,2,2,4,2,2,2,1,2,0,0,0,0,0,0,0,0,0,0,0,0,0,0,0,0
"2022",1,2,6,7,50,30,1,2,2,2,1,4,2,2,2,2,1,0,0,0,0,0,0,0,0,0,0,0,0,0,0,0,4
"2022",4,2,2,7,74,0,2,2,2,2,2,0,0,0,0,0,0,0,0,0,0,0,0,0,0,0,0,0,0,0,0,0,0
"2022",1,2,4,7,43,40,1,2,2,2,1,3,2,2,2,1,1,0,0,0,0,0,0,0,0,0,0,0,0,0,0,0,3
"2022",3,2,7,7,47,30,2,1,2,2,2,0,0,0,0,0,0,4,2,2,2,2,2,2,1,2,0,0,0,0,0,0,0
"2022",4,1,3,1,39,0,2,2,2,2,2,0,0,0,0,0,0,0,0,0,0,0,0,0,0,0,0,0,0,0,0,0,0
"2022",1,2,3,7,50,45,1,1,2,2,2,5,2,2,1,2,2,5,2,2,2,2,1,2,2,2,0,0,0,0,0,0,0
"2022",3,2,4,1,41,25,2,1,2,2,1,0,0,0,0,0,0,4,2,2,2,2,2,2,2,1,0,0,0,0,0,0,4
"2022",1,1,7,1,24,50,1,1,2,2,1,2,2,1,2,2,1,3,2,2,2,2,2,2,1,2,0,0,0,0,0,0,2
"2022",0,1,2,1,69,0,0,0,0,0,0,0,0,0,0,0,0,0,0,0,0,0,0,0,0,0,0,0,0,0,0,0,0
"2022",1,2,4,7,55,30,1,2,2,2,2,4,2,2,2,2,1,0,0,0,0,0,0,0,0,0,0,0,0,0,0,0,0
"2022",4,2,4,1,34,0,2,2,2,2,2,0,0,0,0,0,0,0,0,0,0,0,0,0,0,0,0,0,0,0,0,0,0
"2022",4,2,2,7,41,0,2,2,2,2,2,0,0,0,0,0,0,0,0,0,0,0,0,0,0,0,0,0,0,0,0,0,0
"2022",4,1,4,1,40,0,2,2,2,2,2,0,0,0,0,0,0,0,0,0,0,0,0,0,0,0,0,0,0,0,0,0,0
"2022",0,1,2,2,69,0,0,0,0,0,0,0,0,0,0,0,0,0,0,0,0,0,0,0,0,0,0,0,0,0,0,0,0
"2022",4,2,3,7,30,0,2,2,2,2,2,0,0,0,0,0,0,0,0,0,0,0,0,0,0,0,0,0,0,0,0,0,0
"2022",1,2,7,7,49,30,1,2,2,2,1,4,2,2,2,1,2,0,0,0,0,0,0,0,0,0,0,0,0,0,0,0,4
"2022",4,2,4,7,58,0,2,2,2,2,2,0,0,0,0,0,0,0,0,0,0,0,0,0,0,0,0,0,0,0,0,0,0
"2022",4,1,4,1,56,0,2,2,2,2,2,0,0,0,0,0,0,0,0,0,0,0,0,0,0,0,0,0,0,0,0,0,0
"2022",1,2,7,1,50,60,1,2,2,2,1,3,2,2,2,2,1,0,0,0,0,0,0,0,0,0,0,0,0,0,0,0,4
"2022",3,2,4,7,53,30,2,1,2,2,1,0,0,0,0,0,0,4,2,2,1,2,2,2,1,1,0,0,0,0,0,0,4
"2022",3,2,3,1,25,20,2,1,2,2,2,0,0,0,0,0,0,4,2,2,2,2,2,2,1,1,0,0,0,0,0,0,0
"2022",4,2,4,1,40,0,2,2,2,2,2,0,0,0,0,0,0,0,0,0,0,0,0,0,0,0,0,0,0,0,0,0,0
"2022",1,1,4,8,64,40,1,2,1,2,1,3,2,2,2,1,1,0,0,0,0,0,0,0,0,0,4,1,1,1,1,1,4
"2022",3,2,2,7,72,60,1,2,2,2,2,4,2,2,2,2,1,0,0,0,0,0,0,0,0,0,0,0,0,0,0,0,0
"2022",4,1,7,1,60,0,2,2,2,2,2,0,0,0,0,0,0,0,0,0,0,0,0,0,0,0,0,0,0,0,0,0,0
"2022",1,1,7,8,61,40,1,2,2,2,2,4,2,2,2,1,2,0,0,0,0,0,0,0,0,0,0,0,0,0,0,0,0
"2022",4,2,2,7,53,0,2,2,2,2,2,0,0,0,0,0,0,0,0,0,0,0,0,0,0,0,0,0,0,0,0,0,0
"2022",1,1,7,1,21,40,1,2,2,2,2,2,1,2,2,2,2,0,0,0,0,0,0,0,0,0,0,0,0,0,0,0,0
"2022",1,1,7,1,37,40,1,2,2,2,2,4,2,2,2,2,1,0,0,0,0,0,0,0,0,0,0,0,0,0,0,0,0
"2022",1,2,7,8,71,45,1,2,2,2,2,4,2,2,2,1,2,0,0,0,0,0,0,0,0,0,0,0,0,0,0,0,0
"2022",1,1,9,8,70,240,1,2,2,2,2,4,2,2,2,2,1,0,0,0,0,0,0,0,0,0,0,0,0,0,0,0,0
"2022",1,1,4,8,82,30,1,2,2,2,2,4,2,2,2,2,1,0,0,0,0,0,0,0,0,0,0,0,0,0,0,0,0
"2022",1,2,8,1,56,30,1,2,2,2,2,1,2,2,2,2,1,0,0,0,0,0,0,0,0,0,0,0,0,0,0,0,0
"2022",4,2,4,1,44,0,2,2,2,2,2,0,0,0,0,0,0,0,0,0,0,0,0,0,0,0,0,0,0,0,0,0,0
"2022",1,2,2,7,64,50,1,2,2,2,2,5,2,2,2,1,1,0,0,0,0,0,0,0,0,0,0,0,0,0,0,0,0
"2022",4,2,3,1,45,0,2,2,2,2,2,0,0,0,0,0,0,0,0,0,0,0,0,0,0,0,0,0,0,0,0,0,0
"2022",4,2,3,7,40,0,2,2,2,2,2,0,0,0,0,0,0,0,0,0,0,0,0,0,0,0,0,0,0,0,0,0,0
"2022",1,2,7,1,28,30,1,2,2,2,1,1,2,1,2,2,2,0,0,0,0,0,0,0,0,0,0,0,0,0,0,0,3
"2022",1,2,2,7,55,15,1,2,2,2,2,5,2,2,1,2,2,0,0,0,0,0,0,0,0,0,0,0,0,0,0,0,0
"2022",3,1,3,1,22,15,2,2,2,2,1,0,0,0,0,0,0,0,0,0,0,0,0,0,0,0,0,0,0,0,0,0,3
"2022",3,2,4,1,37,15,2,2,1,2,1,0,0,0,0,0,0,0,0,0,0,0,0,0,0,0,3,1,1,1,2,1,3
"2022",4,2,3,1,40,0,2,2,2,2,2,0,0,0,0,0,0,0,0,0,0,0,0,0,0,0,0,0,0,0,0,0,0
"2022",1,2,7,1,54,40,1,2,2,2,2,5,2,2,1,2,2,0,0,0,0,0,0,0,0,0,0,0,0,0,0,0,0
"2022",2,1,7,1,44,0,2,2,2,2,2,0,0,0,0,0,0,0,0,0,0,0,0,0,0,0,0,0,0,0,0,0,0
"2022",4,2,4,1,54,0,2,2,2,2,2,0,0,0,0,0,0,0,0,0,0,0,0,0,0,0,0,0,0,0,0,0,0
"2022",4,1,2,1,65,0,2,2,2,2,2,0,0,0,0,0,0,0,0,0,0,0,0,0,0,0,0,0,0,0,0,0,0
"2022",1,1,3,7,30,15,1,2,2,2,2,2,1,2,2,2,2,0,0,0,0,0,0,0,0,0,0,0,0,0,0,0,0
"2022",2,2,4,7,37,0,2,2,2,2,2,0,0,0,0,0,0,0,0,0,0,0,0,0,0,0,0,0,0,0,0,0,0
"2022",1,2,7,1,41,30,1,1,2,2,2,1,1,2,2,1,1,3,1,2,1,2,2,2,1,2,0,0,0,0,0,0,0
"2022",1,1,7,1,42,40,1,1,2,2,2,1,2,2,2,1,1,3,1,2,2,2,2,1,1,2,0,0,0,0,0,0,0
"2022",1,2,9,7,31,60,1,2,2,2,1,3,2,1,2,1,2,0,0,0,0,0,0,0,0,0,0,0,0,0,0,0,3
"2022",1,2,6,1,46,30,1,2,2,2,2,4,2,2,1,2,2,0,0,0,0,0,0,0,0,0,0,0,0,0,0,0,0
"2022",1,2,8,1,40,30,1,2,1,2,1,1,2,1,1,2,1,0,0,0,0,0,0,0,0,0,3,1,2,2,2,2,4
"2022",1,2,6,8,76,20,1,2,2,2,2,5,2,2,1,2,2,0,0,0,0,0,0,0,0,0,0,0,0,0,0,0,0
"2022",3,1,2,8,79,30,1,2,1,2,2,5,2,2,1,2,2,0,0,0,0,0,0,0,0,0,3,1,1,2,2,1,0
"2022",3,2,2,7,54,20,1,2,2,2,2,5,2,2,1,2,2,0,0,0,0,0,0,0,0,0,0,0,0,0,0,0,0
"2022",0,1,0,10,79,0,0,0,0,0,0,0,0,0,0,0,0,0,0,0,0,0,0,0,0,0,0,0,0,0,0,0,0
"2022",1,2,7,7,42,30,1,2,2,2,1,5,2,2,1,2,2,0,0,0,0,0,0,0,0,0,0,0,0,0,0,0,4
"2022",4,2,4,7,60,0,2,2,2,2,2,0,0,0,0,0,0,0,0,0,0,0,0,0,0,0,0,0,0,0,0,0,0
"2022",1,1,3,1,53,30,1,2,2,2,2,1,2,1,2,2,2,0,0,0,0,0,0,0,0,0,0,0,0,0,0,0,0
"2022",1,1,7,8,57,20,1,2,2,2,2,4,1,2,2,2,2,0,0,0,0,0,0,0,0,0,0,0,0,0,0,0,0
"2022",1,1,7,1,32,60,1,2,2,2,2,1,1,1,2,2,2,0,0,0,0,0,0,0,0,0,0,0,0,0,0,0,0
"2022",1,1,7,1,30,25,1,2,2,1,1,4,2,2,2,1,2,0,0,0,0,0,0,0,0,0,0,0,0,0,0,0,1
"2022",1,1,7,4,32,35,2,2,1,2,2,0,0,0,0,0,0,0,0,0,0,0,0,0,0,0,4,1,1,1,2,1,0
"2022",1,1,4,1,48,30,2,2,1,2,2,0,0,0,0,0,0,0,0,0,0,0,0,0,0,0,3,1,1,2,1,1,0
"2022",1,1,3,1,33,60,2,2,2,2,1,0,0,0,0,0,0,0,0,0,0,0,0,0,0,0,0,0,0,0,0,0,4
"2022",1,1,4,8,63,30,2,2,1,2,2,0,0,0,0,0,0,0,0,0,0,0,0,0,0,0,4,1,2,1,1,2,0
"2022",1,2,2,7,73,15,1,1,2,2,2,5,2,2,1,2,2,5,2,2,2,2,1,2,2,2,0,0,0,0,0,0,0
"2022",4,2,7,8,74,0,2,2,2,2,2,0,0,0,0,0,0,0,0,0,0,0,0,0,0,0,0,0,0,0,0,0,0
"2022",3,1,7,1,34,30,2,2,2,2,1,0,0,0,0,0,0,0,0,0,0,0,0,0,0,0,0,0,0,0,0,0,3
"2022",1,2,4,7,69,90,1,2,2,2,2,4,1,2,2,2,2,0,0,0,0,0,0,0,0,0,0,0,0,0,0,0,0
"2022",1,1,7,1,26,20,1,2,2,1,1,1,2,2,2,1,1,0,0,0,0,0,0,0,0,0,0,0,0,0,0,0,3
"2022",4,2,3,7,56,0,2,2,2,2,2,0,0,0,0,0,0,0,0,0,0,0,0,0,0,0,0,0,0,0,0,0,0
"2022",1,1,3,1,21,30,1,2,2,2,2,4,2,2,1,2,1,0,0,0,0,0,0,0,0,0,0,0,0,0,0,0,0
"2022",4,2,4,7,27,0,2,2,2,2,2,0,0,0,0,0,0,0,0,0,0,0,0,0,0,0,0,0,0,0,0,0,0
"2022",0,2,2,1,47,0,0,0,0,0,0,0,0,0,0,0,0,0,0,0,0,0,0,0,0,0,0,0,0,0,0,0,0
"2022",1,2,7,1,24,30,1,2,2,2,1,3,2,2,2,1,1,0,0,0,0,0,0,0,0,0,0,0,0,0,0,0,3
"2022",1,2,4,7,63,60,1,2,2,2,1,3,2,2,1,2,2,0,0,0,0,0,0,0,0,0,0,0,0,0,0,0,3
"2022",4,2,4,1,36,0,2,2,2,2,2,0,0,0,0,0,0,0,0,0,0,0,0,0,0,0,0,0,0,0,0,0,0
"2022",1,1,3,8,58,60,1,2,1,2,1,4,2,2,2,1,2,0,0,0,0,0,0,0,0,0,3,1,1,1,1,1,4
"2022",1,2,7,1,39,10,2,1,2,2,1,0,0,0,0,0,0,4,2,2,2,1,2,1,1,1,0,0,0,0,0,0,1
"2022",1,2,7,1,33,60,1,2,1,2,1,3,2,2,1,1,2,0,0,0,0,0,0,0,0,0,3,2,1,1,2,1,1
"2022",3,1,3,1,48,5,2,2,1,2,2,0,0,0,0,0,0,0,0,0,0,0,0,0,0,0,3,2,1,2,2,2,0
"2022",4,1,4,1,58,0,2,2,2,2,2,0,0,0,0,0,0,0,0,0,0,0,0,0,0,0,0,0,0,0,0,0,0
"2022",1,1,3,1,63,10,2,2,1,2,2,0,0,0,0,0,0,0,0,0,0,0,0,0,0,0,4,2,2,2,2,1,0
"2022",3,2,4,1,28,30,1,1,2,2,1,3,2,2,1,2,2,4,2,2,1,2,2,2,2,1,0,0,0,0,0,0,3
"2022",1,2,7,1,32,40,1,1,2,2,1,4,1,2,2,1,2,4,1,2,2,2,2,2,2,1,0,0,0,0,0,0,1
"2022",3,2,6,7,45,30,1,2,2,2,1,4,2,2,1,2,2,0,0,0,0,0,0,0,0,0,0,0,0,0,0,0,4
"2022",1,2,2,7,47,30,1,2,2,2,2,4,2,2,1,2,2,0,0,0,0,0,0,0,0,0,0,0,0,0,0,0,0
"2022",1,2,4,1,23,20,1,2,2,1,1,2,2,1,2,2,2,0,0,0,0,0,0,0,0,0,0,0,0,0,0,0,3
"2022",1,2,7,1,40,30,1,1,1,2,2,3,2,2,1,1,1,4,1,2,1,1,2,2,1,1,4,2,1,1,1,2,0
"2022",1,1,7,1,55,20,2,1,2,2,2,0,0,0,0,0,0,4,2,2,1,1,2,2,1,2,0,0,0,0,0,0,0
"2022",1,2,7,1,36,60,1,1,1,2,1,4,2,2,2,1,2,4,2,2,2,1,2,2,2,2,4,1,1,1,1,1,4
"2022",3,1,3,1,34,20,2,2,1,2,2,0,0,0,0,0,0,0,0,0,0,0,0,0,0,0,4,2,2,2,2,1,0
"2022",3,1,7,1,23,15,2,1,2,1,1,0,0,0,0,0,0,4,2,2,2,2,2,2,2,1,0,0,0,0,0,0,4
"2022",4,1,3,1,49,0,2,2,2,2,2,0,0,0,0,0,0,0,0,0,0,0,0,0,0,0,0,0,0,0,0,0,0
"2022",1,2,3,1,52,20,1,2,1,2,2,5,2,2,2,2,1,0,0,0,0,0,0,0,0,0,3,1,1,1,1,1,0
"2022",1,2,8,4,43,90,1,1,1,2,1,4,2,2,2,1,2,2,2,2,1,2,2,2,2,2,3,1,1,1,2,2,2
"2022",4,1,2,1,55,0,2,2,2,2,2,0,0,0,0,0,0,0,0,0,0,0,0,0,0,0,0,0,0,0,0,0,0
"2022",4,1,3,1,56,0,2,2,2,2,2,0,0,0,0,0,0,0,0,0,0,0,0,0,0,0,0,0,0,0,0,0,0
"2022",3,1,2,1,59,15,1,1,1,2,2,4,1,2,2,2,2,4,2,2,1,2,2,2,2,1,4,2,1,2,2,1,0
"2022",3,1,3,1,21,21,1,2,2,2,1,1,2,1,2,2,2,0,0,0,0,0,0,0,0,0,0,0,0,0,0,0,3
"2022",1,1,2,1,77,30,2,2,1,2,2,0,0,0,0,0,0,0,0,0,0,0,0,0,0,0,3,2,2,2,1,2,0
"2022",1,2,7,1,35,120,1,2,2,2,1,3,2,2,2,1,2,0,0,0,0,0,0,0,0,0,0,0,0,0,0,0,3
"2022",1,1,3,4,37,40,1,2,2,2,2,4,2,2,2,1,2,0,0,0,0,0,0,0,0,0,0,0,0,0,0,0,0
"2022",1,2,7,1,44,120,1,1,2,2,2,1,2,2,2,2,2,1,2,2,2,2,2,1,2,2,0,0,0,0,0,0,0
"2022",1,2,4,1,38,60,1,2,2,2,2,3,2,2,2,2,1,0,0,0,0,0,0,0,0,0,0,0,0,0,0,0,0
"2022",4,1,3,1,36,0,2,2,2,2,2,0,0,0,0,0,0,0,0,0,0,0,0,0,0,0,0,0,0,0,0,0,0
"2022",1,1,3,1,45,10,2,1,2,2,1,0,0,0,0,0,0,4,1,2,2,2,2,1,2,2,0,0,0,0,0,0,1
"2022",1,1,2,1,44,15,2,2,1,2,2,0,0,0,0,0,0,0,0,0,0,0,0,0,0,0,3,1,1,2,2,1,0
"2022",4,2,3,7,34,0,2,2,2,2,2,0,0,0,0,0,0,0,0,0,0,0,0,0,0,0,0,0,0,0,0,0,0
"2022",1,2,8,1,40,30,1,1,2,2,2,3,2,2,1,2,2,4,2,2,2,2,2,2,1,2,0,0,0,0,0,0,0
"2022",1,1,7,1,30,30,1,2,2,2,1,3,2,2,2,2,1,0,0,0,0,0,0,0,0,0,0,0,0,0,0,0,4
"2022",1,2,8,1,51,120,1,2,2,2,2,1,2,2,1,2,2,0,0,0,0,0,0,0,0,0,0,0,0,0,0,0,0
"2022",4,2,2,1,44,0,2,2,2,2,2,0,0,0,0,0,0,0,0,0,0,0,0,0,0,0,0,0,0,0,0,0,0
"2022",1,1,7,1,34,30,1,2,2,2,2,3,2,1,2,1,2,0,0,0,0,0,0,0,0,0,0,0,0,0,0,0,0
"2022",3,2,2,7,39,15,2,2,1,2,2,0,0,0,0,0,0,0,0,0,0,0,0,0,0,0,4,2,2,2,2,1,0
"2022",1,2,4,7,32,10,2,1,2,2,1,0,0,0,0,0,0,4,2,2,2,2,2,2,2,1,0,0,0,0,0,0,3
"2022",3,1,3,1,28,10,2,1,2,2,1,0,0,0,0,0,0,4,2,1,2,2,2,2,2,2,0,0,0,0,0,0,3
"2022",3,1,2,1,60,90,1,2,2,2,2,5,2,2,1,2,2,0,0,0,0,0,0,0,0,0,0,0,0,0,0,0,0
"2022",1,1,4,6,29,16,1,1,2,2,1,2,2,2,2,2,1,3,2,2,2,2,2,1,2,2,0,0,0,0,0,0,2
"2022",4,1,2,1,53,0,2,2,2,2,2,0,0,0,0,0,0,0,0,0,0,0,0,0,0,0,0,0,0,0,0,0,0
"2022",1,2,2,7,63,60,1,2,1,2,2,5,2,2,1,2,2,0,0,0,0,0,0,0,0,0,4,2,2,2,2,1,0
"2022",1,2,7,1,46,60,1,2,2,2,2,3,2,2,1,1,1,0,0,0,0,0,0,0,0,0,0,0,0,0,0,0,0
"2022",0,2,2,7,63,0,0,0,0,0,0,0,0,0,0,0,0,0,0,0,0,0,0,0,0,0,0,0,0,0,0,0,0
"2022",4,2,4,7,36,0,2,2,2,2,2,0,0,0,0,0,0,0,0,0,0,0,0,0,0,0,0,0,0,0,0,0,0
"2022",4,2,4,1,38,0,2,2,2,2,2,0,0,0,0,0,0,0,0,0,0,0,0,0,0,0,0,0,0,0,0,0,0
"2022",1,2,4,6,20,90,1,2,2,2,2,4,2,1,2,2,2,0,0,0,0,0,0,0,0,0,0,0,0,0,0,0,0
"2022",4,1,2,1,69,0,2,2,2,2,2,0,0,0,0,0,0,0,0,0,0,0,0,0,0,0,0,0,0,0,0,0,0
"2022",4,2,3,7,73,0,2,2,2,2,2,0,0,0,0,0,0,0,0,0,0,0,0,0,0,0,0,0,0,0,0,0,0
"2022",1,1,4,1,71,25,1,2,2,2,2,4,2,2,2,1,2,0,0,0,0,0,0,0,0,0,0,0,0,0,0,0,0
"2022",1,1,8,1,39,120,1,1,2,2,1,4,2,2,2,1,2,1,2,2,2,2,2,1,2,2,0,0,0,0,0,0,1
"2022",4,2,3,7,40,0,2,2,2,2,2,0,0,0,0,0,0,0,0,0,0,0,0,0,0,0,0,0,0,0,0,0,0
"2022",1,2,3,7,32,30,1,1,1,2,2,4,2,2,2,2,1,4,2,2,2,1,2,1,2,1,4,1,1,1,1,1,0
"2022",4,1,2,1,58,0,2,2,2,2,2,0,0,0,0,0,0,0,0,0,0,0,0,0,0,0,0,0,0,0,0,0,0
"2022",4,2,4,1,50,0,2,2,2,2,2,0,0,0,0,0,0,0,0,0,0,0,0,0,0,0,0,0,0,0,0,0,0
"2022",4,2,7,6,22,0,2,2,2,2,2,0,0,0,0,0,0,0,0,0,0,0,0,0,0,0,0,0,0,0,0,0,0
"2022",1,1,3,1,71,30,2,2,1,2,2,0,0,0,0,0,0,0,0,0,0,0,0,0,0,0,4,2,1,1,1,1,0
"2022",4,1,3,8,71,0,2,2,2,2,2,0,0,0,0,0,0,0,0,0,0,0,0,0,0,0,0,0,0,0,0,0,0
"2022",1,2,4,8,69,60,1,1,2,2,2,5,2,2,1,2,2,3,2,2,2,1,2,2,2,1,0,0,0,0,0,0,0
"2022",1,1,8,8,84,60,1,1,1,2,2,3,2,2,2,1,1,3,2,1,2,1,2,2,2,2,3,1,1,1,1,2,0
"2022",2,2,7,7,81,0,2,2,2,2,2,0,0,0,0,0,0,0,0,0,0,0,0,0,0,0,0,0,0,0,0,0,0
"2022",1,2,7,1,60,60,1,2,2,2,1,4,2,2,2,1,1,0,0,0,0,0,0,0,0,0,0,0,0,0,0,0,3
"2022",4,2,3,1,32,0,2,2,2,2,2,0,0,0,0,0,0,0,0,0,0,0,0,0,0,0,0,0,0,0,0,0,0
"2022",1,2,7,1,34,30,2,1,1,2,2,0,0,0,0,0,0,4,2,2,2,2,2,2,2,1,4,1,1,1,1,1,0
"2022",4,1,7,1,21,0,2,2,2,2,2,0,0,0,0,0,0,0,0,0,0,0,0,0,0,0,0,0,0,0,0,0,0
"2022",1,2,7,1,34,30,1,1,2,2,2,3,2,2,2,1,2,4,2,2,2,1,2,2,2,1,0,0,0,0,0,0,0
"2022",1,1,4,1,30,30,1,1,1,2,1,4,2,2,2,1,2,4,2,2,2,2,2,2,1,2,3,1,1,1,1,1,4
"2022",1,1,7,8,68,60,1,2,1,2,2,3,2,2,2,1,1,0,0,0,0,0,0,0,0,0,3,1,1,1,1,1,0
"2022",1,2,7,6,19,60,1,2,1,2,1,2,2,1,2,2,2,0,0,0,0,0,0,0,0,0,3,1,2,2,2,1,2
"2022",1,2,3,7,65,30,1,2,1,2,2,5,2,2,1,2,2,0,0,0,0,0,0,0,0,0,3,2,2,2,2,1,0
"2022",4,2,4,1,34,0,2,2,2,2,2,0,0,0,0,0,0,0,0,0,0,0,0,0,0,0,0,0,0,0,0,0,0
"2022",3,1,7,1,24,30,2,2,2,2,1,0,0,0,0,0,0,0,0,0,0,0,0,0,0,0,0,0,0,0,0,0,4
"2022",4,2,7,1,43,0,2,2,2,2,2,0,0,0,0,0,0,0,0,0,0,0,0,0,0,0,0,0,0,0,0,0,0
"2022",4,2,7,1,25,0,2,2,2,2,2,0,0,0,0,0,0,0,0,0,0,0,0,0,0,0,0,0,0,0,0,0,0
"2022",3,1,7,1,54,30,1,2,2,2,1,4,2,2,1,2,2,0,0,0,0,0,0,0,0,0,0,0,0,0,0,0,3
"2022",1,2,7,1,22,120,1,1,1,1,1,3,2,1,2,1,1,4,2,2,2,2,2,1,2,1,3,1,1,1,1,1,3
"2022",4,2,4,1,28,0,2,2,2,2,2,0,0,0,0,0,0,0,0,0,0,0,0,0,0,0,0,0,0,0,0,0,0
"2022",4,2,2,7,71,0,2,2,2,2,2,0,0,0,0,0,0,0,0,0,0,0,0,0,0,0,0,0,0,0,0,0,0
"2022",4,2,7,1,27,0,2,2,2,2,2,0,0,0,0,0,0,0,0,0,0,0,0,0,0,0,0,0,0,0,0,0,0
"2022",4,2,3,7,50,0,2,2,2,2,2,0,0,0,0,0,0,0,0,0,0,0,0,0,0,0,0,0,0,0,0,0,0
"2022",1,1,4,1,54,60,1,1,1,1,2,4,2,1,2,1,2,4,1,2,2,2,2,2,2,1,4,1,1,2,2,1,0
"2022",4,2,3,1,50,0,2,2,2,2,2,0,0,0,0,0,0,0,0,0,0,0,0,0,0,0,0,0,0,0,0,0,0
"2022",4,1,4,1,55,0,2,2,2,2,2,0,0,0,0,0,0,0,0,0,0,0,0,0,0,0,0,0,0,0,0,0,0
"2022",3,1,7,1,56,25,2,1,2,2,2,0,0,0,0,0,0,3,2,2,2,2,2,2,1,2,0,0,0,0,0,0,0
"2022",4,2,2,7,76,0,2,2,2,2,2,0,0,0,0,0,0,0,0,0,0,0,0,0,0,0,0,0,0,0,0,0,0
"2022",1,2,3,7,29,30,2,1,2,1,1,0,0,0,0,0,0,4,2,2,1,2,2,2,2,2,0,0,0,0,0,0,4
"2022",3,1,7,1,34,20,2,1,1,2,1,0,0,0,0,0,0,1,1,2,2,2,2,1,2,2,3,1,1,1,2,2,1
"2022",3,1,6,1,25,20,2,2,1,2,1,0,0,0,0,0,0,0,0,0,0,0,0,0,0,0,3,2,1,2,2,1,1
"2022",3,1,7,1,38,20,2,2,1,2,2,0,0,0,0,0,0,0,0,0,0,0,0,0,0,0,3,2,1,2,2,1,0
"2022",3,2,7,7,31,15,1,2,2,2,1,4,2,2,2,1,2,0,0,0,0,0,0,0,0,0,0,0,0,0,0,0,4
"2022",4,1,7,1,68,0,2,2,2,2,2,0,0,0,0,0,0,0,0,0,0,0,0,0,0,0,0,0,0,0,0,0,0
"2022",4,2,2,7,62,0,2,2,2,2,2,0,0,0,0,0,0,0,0,0,0,0,0,0,0,0,0,0,0,0,0,0,0
"2022",3,2,7,2,22,20,1,2,2,2,1,1,2,1,2,2,2,0,0,0,0,0,0,0,0,0,0,0,0,0,0,0,3
"2022",1,2,2,7,47,60,1,1,1,2,2,4,2,2,1,2,1,4,2,2,2,2,1,2,2,2,4,2,2,2,2,1,0
"2022",3,1,3,1,55,15,2,2,1,2,2,0,0,0,0,0,0,0,0,0,0,0,0,0,0,0,4,1,1,2,2,1,0
"2022",1,2,7,1,50,10,2,2,1,2,1,0,0,0,0,0,0,0,0,0,0,0,0,0,0,0,3,2,2,1,2,2,1
"2022",1,2,4,1,25,30,1,2,2,2,1,4,2,2,1,1,1,0,0,0,0,0,0,0,0,0,0,0,0,0,0,0,3
"2022",2,2,3,1,43,0,2,2,2,2,2,0,0,0,0,0,0,0,0,0,0,0,0,0,0,0,0,0,0,0,0,0,0
"2022",4,2,4,1,34,0,2,2,2,2,2,0,0,0,0,0,0,0,0,0,0,0,0,0,0,0,0,0,0,0,0,0,0
"2022",1,1,2,1,62,40,1,2,1,2,2,4,2,2,2,1,2,0,0,0,0,0,0,0,0,0,4,1,1,1,2,1,0
"2022",4,1,3,1,44,0,2,2,2,2,2,0,0,0,0,0,0,0,0,0,0,0,0,0,0,0,0,0,0,0,0,0,0
"2022",1,2,7,1,30,40,1,2,2,2,1,3,2,2,2,2,1,0,0,0,0,0,0,0,0,0,0,0,0,0,0,0,4
"2022",4,1,2,1,64,0,2,2,2,2,2,0,0,0,0,0,0,0,0,0,0,0,0,0,0,0,0,0,0,0,0,0,0
"2022",3,1,4,1,59,20,2,2,1,2,2,0,0,0,0,0,0,0,0,0,0,0,0,0,0,0,3,2,2,2,2,1,0
"2022",1,2,4,6,18,60,1,2,2,2,1,2,2,1,2,1,2,0,0,0,0,0,0,0,0,0,0,0,0,0,0,0,4
"2022",1,1,3,1,52,40,2,2,1,2,2,0,0,0,0,0,0,0,0,0,0,0,0,0,0,0,3,1,1,1,1,1,0
"2022",4,2,2,1,61,0,2,2,2,2,2,0,0,0,0,0,0,0,0,0,0,0,0,0,0,0,0,0,0,0,0,0,0
"2022",0,2,2,7,63,0,0,0,0,0,0,0,0,0,0,0,0,0,0,0,0,0,0,0,0,0,0,0,0,0,0,0,0
"2022",4,2,3,1,38,0,2,2,2,2,2,0,0,0,0,0,0,0,0,0,0,0,0,0,0,0,0,0,0,0,0,0,0
"2022",1,1,7,1,26,45,1,1,1,1,1,4,2,2,2,2,1,4,1,2,2,2,2,2,2,2,4,2,1,2,2,2,4
"2022",1,2,7,8,61,30,1,1,2,2,1,4,2,2,1,2,1,5,2,2,2,2,1,2,2,2,0,0,0,0,0,0,5
"2022",1,1,7,1,40,30,1,1,2,1,1,4,2,2,2,1,2,4,2,2,2,2,2,2,1,2,0,0,0,0,0,0,4
"2022",3,1,3,1,21,4,2,2,1,2,1,0,0,0,0,0,0,0,0,0,0,0,0,0,0,0,3,2,2,2,2,1,1
"2022",4,1,2,1,52,0,2,2,2,2,2,0,0,0,0,0,0,0,0,0,0,0,0,0,0,0,0,0,0,0,0,0,0
"2022",1,2,4,6,19,90,1,2,2,2,1,4,2,2,2,1,2,0,0,0,0,0,0,0,0,0,0,0,0,0,0,0,4
"2022",1,2,4,6,18,30,1,2,2,2,1,4,2,2,1,2,2,0,0,0,0,0,0,0,0,0,0,0,0,0,0,0,4
"2022",1,1,4,1,53,20,2,2,2,2,1,0,0,0,0,0,0,0,0,0,0,0,0,0,0,0,0,0,0,0,0,0,1
"2022",1,2,4,1,25,30,1,2,2,2,1,4,2,2,2,1,1,0,0,0,0,0,0,0,0,0,0,0,0,0,0,0,4
"2022",4,2,7,7,42,0,2,2,2,2,2,0,0,0,0,0,0,0,0,0,0,0,0,0,0,0,0,0,0,0,0,0,0
"2022",1,1,4,3,48,30,2,2,1,2,2,0,0,0,0,0,0,0,0,0,0,0,0,0,0,0,4,2,2,2,2,2,0
"2022",3,1,4,1,60,30,2,2,1,2,2,0,0,0,0,0,0,0,0,0,0,0,0,0,0,0,4,1,1,1,1,1,0
"2022",4,2,3,7,24,0,2,2,2,2,2,0,0,0,0,0,0,0,0,0,0,0,0,0,0,0,0,0,0,0,0,0,0
"2022",3,1,3,1,23,20,2,2,1,2,1,0,0,0,0,0,0,0,0,0,0,0,0,0,0,0,4,2,1,2,2,1,4
"2022",3,2,3,1,46,20,2,2,2,2,1,0,0,0,0,0,0,0,0,0,0,0,0,0,0,0,0,0,0,0,0,0,4
"2022",3,1,7,1,40,30,2,2,1,2,2,0,0,0,0,0,0,0,0,0,0,0,0,0,0,0,3,1,1,2,2,2,0
"2022",1,1,7,1,44,30,2,1,1,2,1,0,0,0,0,0,0,1,2,2,2,1,2,2,2,2,4,1,1,1,2,1,3
"2022",1,2,3,1,29,60,1,2,2,2,1,4,2,2,2,1,2,0,0,0,0,0,0,0,0,0,0,0,0,0,0,0,3
"2022",1,2,6,1,43,10,1,2,1,2,1,3,2,2,2,2,1,0,0,0,0,0,0,0,0,0,4,1,1,1,2,1,3
"2022",1,1,3,1,47,20,2,2,1,2,2,0,0,0,0,0,0,0,0,0,0,0,0,0,0,0,4,1,1,2,2,1,0
"2022",1,2,6,7,48,30,1,2,1,2,2,4,2,2,2,1,2,0,0,0,0,0,0,0,0,0,4,2,1,1,2,1,0
"2022",3,2,2,7,71,120,1,2,2,2,2,3,2,2,1,2,2,0,0,0,0,0,0,0,0,0,0,0,0,0,0,0,0
"2022",1,1,7,1,45,15,2,1,1,2,2,0,0,0,0,0,0,4,2,1,2,2,2,2,2,2,3,1,2,1,1,1,0
"2022",1,2,7,7,30,60,1,1,2,2,1,4,2,2,2,2,1,4,2,2,1,1,2,2,2,2,0,0,0,0,0,0,4
"2022",1,1,6,1,40,15,2,1,1,2,1,0,0,0,0,0,0,4,2,2,2,2,2,1,2,2,4,1,1,1,2,1,3
"2022",4,2,2,7,66,0,2,2,2,2,2,0,0,0,0,0,0,0,0,0,0,0,0,0,0,0,0,0,0,0,0,0,0
"2022",1,2,3,1,43,20,1,2,2,1,2,2,2,1,2,2,2,0,0,0,0,0,0,0,0,0,0,0,0,0,0,0,0
"2022",3,2,3,1,43,5,2,2,1,2,2,0,0,0,0,0,0,0,0,0,0,0,0,0,0,0,4,2,2,1,2,1,0
"2022",2,2,2,7,61,0,2,2,2,2,2,0,0,0,0,0,0,0,0,0,0,0,0,0,0,0,0,0,0,0,0,0,0
"2022",1,1,3,1,40,10,2,2,1,2,2,0,0,0,0,0,0,0,0,0,0,0,0,0,0,0,3,2,2,2,2,1,0
"2022",1,1,4,1,20,60,2,2,1,1,1,0,0,0,0,0,0,0,0,0,0,0,0,0,0,0,4,2,1,1,1,2,4
"2022",1,2,3,7,43,30,1,1,2,2,1,5,2,2,1,2,2,4,2,2,2,2,2,1,2,2,0,0,0,0,0,0,4
"2022",1,2,4,1,35,15,2,1,2,2,1,0,0,0,0,0,0,4,2,2,2,2,2,2,2,1,0,0,0,0,0,0,4
"2022",4,1,2,1,64,0,2,2,2,2,2,0,0,0,0,0,0,0,0,0,0,0,0,0,0,0,0,0,0,0,0,0,0
"2022",1,2,7,1,35,60,1,1,1,2,1,1,2,1,2,2,2,4,2,2,2,2,2,1,2,2,4,1,1,1,1,1,1
"2022",1,1,7,1,28,60,1,1,1,2,2,2,2,1,2,2,2,2,2,2,2,2,2,1,2,2,4,2,1,1,2,2,0
"2022",4,1,3,1,44,0,2,2,2,2,2,0,0,0,0,0,0,0,0,0,0,0,0,0,0,0,0,0,0,0,0,0,0
"2022",1,1,8,1,44,30,2,2,1,2,1,0,0,0,0,0,0,0,0,0,0,0,0,0,0,0,3,1,1,1,2,1,3
"2022",3,2,6,1,46,15,2,1,1,2,1,0,0,0,0,0,0,4,2,2,2,1,2,2,1,1,3,2,1,1,1,1,3
"2022",1,1,7,1,42,30,1,1,1,2,1,1,2,2,1,1,2,3,2,1,2,2,2,2,2,2,3,1,1,2,2,2,3
"2022",4,2,4,1,24,0,2,2,2,2,2,0,0,0,0,0,0,0,0,0,0,0,0,0,0,0,0,0,0,0,0,0,0
"2022",4,2,3,1,53,0,2,2,2,2,2,0,0,0,0,0,0,0,0,0,0,0,0,0,0,0,0,0,0,0,0,0,0
"2022",1,2,6,1,46,30,1,2,1,2,2,4,2,2,1,2,2,0,0,0,0,0,0,0,0,0,3,1,2,1,2,1,0
"2022",4,2,7,1,53,0,2,2,2,2,2,0,0,0,0,0,0,0,0,0,0,0,0,0,0,0,0,0,0,0,0,0,0
"2022",1,2,7,8,54,40,1,2,1,2,2,3,2,1,1,2,2,0,0,0,0,0,0,0,0,0,3,2,2,2,1,2,0
"2022",1,2,3,7,75,90,1,2,2,2,2,5,2,2,1,2,2,0,0,0,0,0,0,0,0,0,0,0,0,0,0,0,0
"2022",1,2,4,1,23,10,2,2,2,2,1,0,0,0,0,0,0,0,0,0,0,0,0,0,0,0,0,0,0,0,0,0,3
"2022",3,1,3,7,73,15,2,2,1,2,2,0,0,0,0,0,0,0,0,0,0,0,0,0,0,0,4,2,1,2,2,1,0
"2022",4,2,6,1,74,0,2,2,2,2,2,0,0,0,0,0,0,0,0,0,0,0,0,0,0,0,0,0,0,0,0,0,0
"2022",1,2,4,7,70,60,1,2,1,2,2,4,2,2,2,1,2,0,0,0,0,0,0,0,0,0,4,1,1,1,1,1,0
"2022",1,1,9,1,29,30,1,1,1,2,1,2,2,1,2,2,2,3,2,2,2,2,2,1,2,2,4,2,1,2,2,1,2
"2022",4,1,3,1,49,0,2,2,2,2,2,0,0,0,0,0,0,0,0,0,0,0,0,0,0,0,0,0,0,0,0,0,0
"2022",4,2,4,7,54,0,2,2,2,2,2,0,0,0,0,0,0,0,0,0,0,0,0,0,0,0,0,0,0,0,0,0,0
"2022",0,2,2,7,67,0,0,0,0,0,0,0,0,0,0,0,0,0,0,0,0,0,0,0,0,0,0,0,0,0,0,0,0
"2022",4,1,6,1,53,0,2,2,2,2,2,0,0,0,0,0,0,0,0,0,0,0,0,0,0,0,0,0,0,0,0,0,0
"2022",1,2,4,6,20,30,1,2,2,2,1,2,2,1,2,2,2,0,0,0,0,0,0,0,0,0,0,0,0,0,0,0,2
"2022",1,2,4,7,38,60,1,2,2,2,1,4,2,2,1,2,2,0,0,0,0,0,0,0,0,0,0,0,0,0,0,0,4
"2022",1,2,4,1,57,60,1,1,2,2,1,1,1,2,1,2,2,5,2,2,2,2,1,2,2,2,0,0,0,0,0,0,1
"2022",1,2,7,6,20,30,1,1,2,2,1,2,2,1,1,1,2,2,2,2,2,1,2,2,2,2,0,0,0,0,0,0,2
"2022",1,2,4,1,33,30,2,2,1,2,1,0,0,0,0,0,0,0,0,0,0,0,0,0,0,0,3,2,2,1,2,1,3
"2022",3,2,4,1,46,10,1,2,2,2,1,4,1,2,1,2,2,0,0,0,0,0,0,0,0,0,0,0,0,0,0,0,4
"2022",0,1,2,9,50,0,0,0,0,0,0,0,0,0,0,0,0,0,0,0,0,0,0,0,0,0,0,0,0,0,0,0,0
"2022",4,1,4,1,51,0,2,2,2,2,2,0,0,0,0,0,0,0,0,0,0,0,0,0,0,0,0,0,0,0,0,0,0
"2022",1,2,7,1,51,30,1,1,1,1,1,1,2,1,2,2,2,1,2,1,1,2,2,2,2,2,1,1,2,1,1,2,1
"2022",1,2,7,1,42,20,1,2,1,2,1,4,2,2,1,2,2,0,0,0,0,0,0,0,0,0,4,1,1,1,1,1,4
"2022",1,1,3,1,37,10,1,1,2,2,1,1,1,2,2,2,2,4,2,2,1,2,2,2,2,2,0,0,0,0,0,0,3
"2022",1,2,6,1,53,15,1,2,2,2,2,5,2,2,1,2,2,0,0,0,0,0,0,0,0,0,0,0,0,0,0,0,0
"2022",1,2,3,1,34,60,1,1,1,1,1,4,2,2,1,2,2,4,1,2,2,2,2,2,2,2,3,2,1,1,1,1,3
"2022",1,1,3,1,47,20,2,2,1,2,2,0,0,0,0,0,0,0,0,0,0,0,0,0,0,0,3,1,1,1,2,1,0
"2022",1,1,4,1,26,10,1,2,1,2,1,4,1,2,2,2,2,0,0,0,0,0,0,0,0,0,4,1,1,2,2,1,4
"2022",1,2,3,1,54,30,2,1,2,2,2,0,0,0,0,0,0,4,2,2,1,2,2,2,2,2,0,0,0,0,0,0,0
"2022",1,1,3,1,62,20,1,2,2,2,2,3,2,2,2,2,1,0,0,0,0,0,0,0,0,0,0,0,0,0,0,0,0
"2022",1,1,3,1,59,30,1,2,1,2,2,5,2,2,1,2,2,0,0,0,0,0,0,0,0,0,4,1,1,1,1,1,0
"2022",1,2,4,6,18,30,1,1,1,1,1,2,2,1,2,2,2,4,2,1,2,2,2,1,2,2,2,1,2,2,1,1,2
"2022",1,2,7,1,30,60,1,1,1,2,1,1,2,1,2,2,2,3,2,1,2,2,2,2,2,1,4,2,2,1,1,1,3
"2022",1,2,7,1,58,20,1,1,2,2,1,3,2,2,2,1,2,1,2,2,1,2,2,2,2,2,0,0,0,0,0,0,3
"2022",3,2,2,7,65,20,2,1,2,2,2,0,0,0,0,0,0,5,2,2,2,2,1,2,2,2,0,0,0,0,0,0,0
"2022",3,2,4,7,20,10,2,2,1,2,2,0,0,0,0,0,0,0,0,0,0,0,0,0,0,0,1,2,2,2,1,2,0
"2022",4,1,2,1,64,0,2,2,2,2,2,0,0,0,0,0,0,0,0,0,0,0,0,0,0,0,0,0,0,0,0,0,0
"2022",1,2,4,7,62,20,1,2,2,2,2,5,2,2,1,2,2,0,0,0,0,0,0,0,0,0,0,0,0,0,0,0,0
"2022",1,1,3,1,55,30,2,2,1,2,2,0,0,0,0,0,0,0,0,0,0,0,0,0,0,0,4,1,1,1,1,2,0
"2022",1,2,6,1,33,20,1,1,2,2,2,4,2,2,2,1,2,4,2,2,2,2,2,2,2,1,0,0,0,0,0,0,0
"2022",1,2,7,7,35,60,2,2,2,2,1,0,0,0,0,0,0,0,0,0,0,0,0,0,0,0,0,0,0,0,0,0,3
"2022",1,2,7,1,25,120,1,2,2,2,1,2,2,1,2,1,2,0,0,0,0,0,0,0,0,0,0,0,0,0,0,0,2
"2022",1,1,2,1,56,30,1,2,2,2,2,5,2,2,1,2,2,0,0,0,0,0,0,0,0,0,0,0,0,0,0,0,0
"2022",1,2,2,7,39,10,1,2,2,2,2,5,2,2,1,2,2,0,0,0,0,0,0,0,0,0,0,0,0,0,0,0,0
"2022",1,2,4,1,24,30,2,1,2,2,1,0,0,0,0,0,0,2,2,2,2,2,2,1,2,2,0,0,0,0,0,0,1
"2022",0,1,2,1,54,0,0,0,0,0,0,0,0,0,0,0,0,0,0,0,0,0,0,0,0,0,0,0,0,0,0,0,0
"2022",1,1,3,1,48,60,1,2,2,2,1,1,1,2,2,2,2,0,0,0,0,0,0,0,0,0,0,0,0,0,0,0,1
"2022",1,2,3,7,56,60,1,1,2,2,2,5,2,2,1,2,2,5,2,2,2,2,1,2,2,2,0,0,0,0,0,0,0
"2022",1,2,4,1,49,60,1,2,2,2,1,4,1,1,2,1,1,0,0,0,0,0,0,0,0,0,0,0,0,0,0,0,1
"2022",3,1,2,1,66,20,2,2,1,2,2,0,0,0,0,0,0,0,0,0,0,0,0,0,0,0,3,1,1,2,1,1,0
"2022",1,1,7,8,59,40,1,1,2,2,1,4,2,2,2,1,2,3,2,1,2,2,2,2,2,2,0,0,0,0,0,0,3
"2022",1,1,7,6,23,45,2,2,2,2,1,0,0,0,0,0,0,0,0,0,0,0,0,0,0,0,0,0,0,0,0,0,3
"2022",3,1,4,1,21,30,2,2,2,2,1,0,0,0,0,0,0,0,0,0,0,0,0,0,0,0,0,0,0,0,0,0,3
"2022",3,1,7,1,60,40,2,2,1,2,2,0,0,0,0,0,0,0,0,0,0,0,0,0,0,0,3,1,1,1,1,1,0
"2022",3,1,3,1,56,45,2,2,2,2,1,0,0,0,0,0,0,0,0,0,0,0,0,0,0,0,0,0,0,0,0,0,3
"2022",1,1,3,1,58,20,2,2,2,2,1,0,0,0,0,0,0,0,0,0,0,0,0,0,0,0,0,0,0,0,0,0,3
"2022",4,2,2,7,43,0,2,2,2,2,2,0,0,0,0,0,0,0,0,0,0,0,0,0,0,0,0,0,0,0,0,0,0
"2022",1,1,3,1,35,35,2,2,2,2,1,0,0,0,0,0,0,0,0,0,0,0,0,0,0,0,0,0,0,0,0,0,3
"2022",2,1,4,1,46,0,2,2,2,2,2,0,0,0,0,0,0,0,0,0,0,0,0,0,0,0,0,0,0,0,0,0,0
"2022",1,2,3,1,37,30,2,2,2,2,1,0,0,0,0,0,0,0,0,0,0,0,0,0,0,0,0,0,0,0,0,0,4
"2022",4,1,3,1,38,0,2,2,2,2,2,0,0,0,0,0,0,0,0,0,0,0,0,0,0,0,0,0,0,0,0,0,0
"2022",3,1,7,1,74,20,2,2,1,2,2,0,0,0,0,0,0,0,0,0,0,0,0,0,0,0,4,1,2,2,1,1,0
"2022",1,2,7,1,30,30,1,1,2,2,1,3,2,2,1,2,2,3,2,2,1,1,2,1,2,2,0,0,0,0,0,0,4
"2022",3,2,3,1,46,45,2,2,2,2,1,0,0,0,0,0,0,0,0,0,0,0,0,0,0,0,0,0,0,0,0,0,3
"2022",4,1,2,1,55,0,2,2,2,2,2,0,0,0,0,0,0,0,0,0,0,0,0,0,0,0,0,0,0,0,0,0,0
"2022",1,1,7,6,21,60,1,2,2,2,1,2,2,2,2,1,2,0,0,0,0,0,0,0,0,0,0,0,0,0,0,0,2
"2022",4,2,2,1,36,0,2,2,2,2,2,0,0,0,0,0,0,0,0,0,0,0,0,0,0,0,0,0,0,0,0,0,0
"2022",1,1,4,1,45,60,2,2,1,2,1,0,0,0,0,0,0,0,0,0,0,0,0,0,0,0,4,1,1,1,1,1,3
"2022",1,2,7,6,20,20,2,1,2,2,1,0,0,0,0,0,0,2,2,2,1,2,2,2,1,2,0,0,0,0,0,0,4
"2022",1,2,2,7,49,30,2,2,2,2,1,0,0,0,0,0,0,0,0,0,0,0,0,0,0,0,0,0,0,0,0,0,2
"2022",3,2,3,7,36,30,2,2,2,2,1,0,0,0,0,0,0,0,0,0,0,0,0,0,0,0,0,0,0,0,0,0,4
"2022",4,1,3,8,51,0,2,2,2,2,2,0,0,0,0,0,0,0,0,0,0,0,0,0,0,0,0,0,0,0,0,0,0
"2022",1,2,7,6,19,30,1,2,2,2,1,3,2,2,2,1,2,0,0,0,0,0,0,0,0,0,0,0,0,0,0,0,1
"2022",1,1,4,4,43,20,2,2,2,2,1,0,0,0,0,0,0,0,0,0,0,0,0,0,0,0,0,0,0,0,0,0,3
"2022",4,1,2,8,69,0,2,2,2,2,2,0,0,0,0,0,0,0,0,0,0,0,0,0,0,0,0,0,0,0,0,0,0
"2022",3,2,3,7,41,30,2,2,2,2,1,0,0,0,0,0,0,0,0,0,0,0,0,0,0,0,0,0,0,0,0,0,4
"2022",2,2,2,1,71,0,2,2,2,2,2,0,0,0,0,0,0,0,0,0,0,0,0,0,0,0,0,0,0,0,0,0,0
"2022",3,2,3,1,53,20,2,1,1,2,2,0,0,0,0,0,0,4,2,2,1,2,2,1,2,1,4,2,2,1,1,1,0
"2022",3,2,7,8,53,20,2,1,1,2,2,0,0,0,0,0,0,4,2,2,2,1,2,2,2,1,3,2,2,1,1,1,0
"2022",4,1,6,9,70,0,2,2,2,2,2,0,0,0,0,0,0,0,0,0,0,0,0,0,0,0,0,0,0,0,0,0,0
"2022",4,2,3,1,29,0,2,2,2,2,2,0,0,0,0,0,0,0,0,0,0,0,0,0,0,0,0,0,0,0,0,0,0
"2022",3,1,7,1,36,30,2,2,1,2,2,0,0,0,0,0,0,0,0,0,0,0,0,0,0,0,4,1,1,2,2,1,0
"2022",3,1,3,1,43,30,2,1,1,2,1,0,0,0,0,0,0,4,1,2,2,1,2,1,2,2,3,2,1,1,1,1,4
"2022",3,2,3,1,55,20,2,2,1,2,2,0,0,0,0,0,0,0,0,0,0,0,0,0,0,0,4,2,2,1,2,1,0
"2022",1,1,7,1,36,30,1,1,1,2,2,3,2,2,1,2,1,4,1,2,2,1,2,1,2,1,3,1,1,1,1,1,0
"2022",1,2,7,1,51,60,2,2,2,2,1,0,0,0,0,0,0,0,0,0,0,0,0,0,0,0,0,0,0,0,0,0,1
"2022",4,2,2,10,80,0,2,2,2,2,2,0,0,0,0,0,0,0,0,0,0,0,0,0,0,0,0,0,0,0,0,0,0
"2022",1,2,2,7,69,120,1,1,1,2,2,4,2,2,2,2,1,3,2,2,2,1,2,2,1,2,4,2,1,1,1,2,0
"2022",3,2,6,8,79,20,2,2,1,2,2,0,0,0,0,0,0,0,0,0,0,0,0,0,0,0,4,2,2,1,1,1,0
"2022",1,1,7,1,28,10,1,1,1,2,1,4,2,2,1,2,2,4,1,2,2,2,2,2,1,2,4,1,1,1,1,1,4
"2022",2,2,2,7,65,0,2,2,2,2,2,0,0,0,0,0,0,0,0,0,0,0,0,0,0,0,0,0,0,0,0,0,0
"2022",4,2,2,1,64,0,2,2,2,2,2,0,0,0,0,0,0,0,0,0,0,0,0,0,0,0,0,0,0,0,0,0,0
"2022",1,1,7,3,49,60,2,2,2,2,1,0,0,0,0,0,0,0,0,0,0,0,0,0,0,0,0,0,0,0,0,0,1
"2022",4,2,7,7,58,0,2,2,2,2,2,0,0,0,0,0,0,0,0,0,0,0,0,0,0,0,0,0,0,0,0,0,0
"2022",1,2,3,7,38,10,2,2,1,2,2,0,0,0,0,0,0,0,0,0,0,0,0,0,0,0,4,2,2,2,2,1,0
"2022",1,2,7,1,35,60,1,2,1,2,1,4,2,2,2,1,2,0,0,0,0,0,0,0,0,0,3,1,2,2,2,1,4
"2022",1,2,2,7,66,20,2,2,1,2,2,0,0,0,0,0,0,0,0,0,0,0,0,0,0,0,3,1,1,1,1,1,0
"2022",4,2,2,1,62,0,2,2,2,2,2,0,0,0,0,0,0,0,0,0,0,0,0,0,0,0,0,0,0,0,0,0,0
"2022",0,2,0,1,70,0,0,0,0,0,0,0,0,0,0,0,0,0,0,0,0,0,0,0,0,0,0,0,0,0,0,0,0
"2022",1,2,7,1,34,120,1,1,2,2,1,1,2,1,2,2,2,3,2,2,2,2,2,1,1,2,0,0,0,0,0,0,1
"2022",1,2,7,1,40,10,2,1,2,2,1,0,0,0,0,0,0,1,2,2,1,2,2,1,2,2,0,0,0,0,0,0,1
"2022",1,1,2,10,89,10,2,2,1,2,2,0,0,0,0,0,0,0,0,0,0,0,0,0,0,0,3,1,1,1,1,1,0
"2022",1,2,4,1,27,60,1,2,2,2,2,4,2,2,2,1,2,0,0,0,0,0,0,0,0,0,0,0,0,0,0,0,0
"2022",4,1,3,1,36,0,2,2,2,2,2,0,0,0,0,0,0,0,0,0,0,0,0,0,0,0,0,0,0,0,0,0,0
"2022",1,2,7,1,41,30,1,2,2,2,2,3,2,2,1,2,2,0,0,0,0,0,0,0,0,0,0,0,0,0,0,0,0
"2022",2,2,4,1,25,0,2,2,2,2,2,0,0,0,0,0,0,0,0,0,0,0,0,0,0,0,0,0,0,0,0,0,0
"2022",1,1,4,1,51,10,2,1,1,2,1,0,0,0,0,0,0,4,1,2,2,2,2,2,2,2,3,2,1,1,1,1,4
"2022",1,2,4,1,27,60,1,2,2,2,2,3,2,2,2,1,2,0,0,0,0,0,0,0,0,0,0,0,0,0,0,0,0
"2022",1,2,3,1,36,120,1,2,2,2,1,2,2,1,2,2,2,0,0,0,0,0,0,0,0,0,0,0,0,0,0,0,2
"2022",0,2,0,7,73,0,0,0,0,0,0,0,0,0,0,0,0,0,0,0,0,0,0,0,0,0,0,0,0,0,0,0,0
"2022",4,2,3,1,41,0,2,2,2,2,2,0,0,0,0,0,0,0,0,0,0,0,0,0,0,0,0,0,0,0,0,0,0
"2022",2,2,2,1,54,0,2,2,2,2,2,0,0,0,0,0,0,0,0,0,0,0,0,0,0,0,0,0,0,0,0,0,0
"2022",1,2,3,1,34,20,1,1,2,1,1,4,2,2,2,1,2,4,2,2,2,1,2,2,2,2,0,0,0,0,0,0,6
"2022",1,1,4,1,37,10,2,2,1,2,2,0,0,0,0,0,0,0,0,0,0,0,0,0,0,0,4,1,1,1,2,1,0
"2022",0,2,0,1,52,0,0,0,0,0,0,0,0,0,0,0,0,0,0,0,0,0,0,0,0,0,0,0,0,0,0,0,0
"2022",1,1,8,1,43,90,1,2,2,2,1,3,2,2,1,2,2,0,0,0,0,0,0,0,0,0,0,0,0,0,0,0,1
"2022",1,2,7,8,62,30,1,2,1,2,1,4,2,1,2,2,2,0,0,0,0,0,0,0,0,0,3,1,2,1,1,2,4
"2022",1,1,9,1,69,120,1,1,1,2,1,4,2,2,2,2,1,3,2,1,2,2,2,2,2,2,3,1,2,1,2,2,3
"2022",1,1,7,1,55,20,1,1,1,2,1,3,1,1,1,1,1,1,2,2,2,2,1,1,2,2,4,1,2,1,1,1,4
"2022",4,1,3,1,50,0,2,2,2,2,2,0,0,0,0,0,0,0,0,0,0,0,0,0,0,0,0,0,0,0,0,0,0
"2022",1,2,2,7,59,30,1,2,2,2,2,5,2,2,1,2,2,0,0,0,0,0,0,0,0,0,0,0,0,0,0,0,0
"2022",2,1,2,1,57,0,2,2,2,2,2,0,0,0,0,0,0,0,0,0,0,0,0,0,0,0,0,0,0,0,0,0,0
"2022",3,2,3,1,33,30,1,2,2,2,2,2,2,1,2,2,2,0,0,0,0,0,0,0,0,0,0,0,0,0,0,0,0
"2022",1,1,7,1,58,10,1,2,2,2,2,5,2,2,1,2,2,0,0,0,0,0,0,0,0,0,0,0,0,0,0,0,0
"2022",4,2,3,1,24,0,2,2,2,2,2,0,0,0,0,0,0,0,0,0,0,0,0,0,0,0,0,0,0,0,0,0,0
"2022",4,2,2,7,71,0,2,2,2,2,2,0,0,0,0,0,0,0,0,0,0,0,0,0,0,0,0,0,0,0,0,0,0
"2022",4,2,2,7,97,0,2,2,2,2,2,0,0,0,0,0,0,0,0,0,0,0,0,0,0,0,0,0,0,0,0,0,0
"2022",1,2,7,1,49,30,1,2,2,2,1,4,2,2,2,1,2,0,0,0,0,0,0,0,0,0,0,0,0,0,0,0,4
"2022",1,1,0,1,77,10,2,2,2,2,1,0,0,0,0,0,0,0,0,0,0,0,0,0,0,0,0,0,0,0,0,0,4
"2022",3,1,4,4,33,30,1,1,2,2,1,3,2,2,1,2,2,4,2,2,2,1,2,2,2,1,0,0,0,0,0,0,4
"2022",1,2,7,1,48,60,1,2,2,2,1,1,2,1,2,2,1,0,0,0,0,0,0,0,0,0,0,0,0,0,0,0,1
"2022",4,2,3,7,59,0,2,2,2,2,2,0,0,0,0,0,0,0,0,0,0,0,0,0,0,0,0,0,0,0,0,0,0
"2022",1,2,6,4,25,20,1,2,2,2,1,4,2,2,2,1,2,0,0,0,0,0,0,0,0,0,0,0,0,0,0,0,3
"2022",1,1,2,8,86,30,1,2,2,2,2,5,2,2,1,2,2,0,0,0,0,0,0,0,0,0,0,0,0,0,0,0,0
"2022",1,1,4,4,40,180,1,2,1,2,1,4,2,1,1,1,2,0,0,0,0,0,0,0,0,0,3,1,2,1,2,1,4
"2022",1,2,7,1,52,20,1,1,2,2,1,3,2,2,1,2,2,4,2,1,2,2,2,2,2,1,0,0,0,0,0,0,4
"2022",1,1,7,1,27,70,1,2,2,2,1,3,2,1,2,2,2,0,0,0,0,0,0,0,0,0,0,0,0,0,0,0,1
"2022",1,2,7,8,69,60,1,2,1,2,2,4,2,1,1,2,2,0,0,0,0,0,0,0,0,0,4,1,1,1,1,1,0
"2022",3,1,7,1,48,30,2,1,1,2,1,0,0,0,0,0,0,4,1,1,2,2,2,2,1,2,4,1,1,1,1,1,4
"2022",3,2,4,1,50,25,2,1,2,2,2,0,0,0,0,0,0,4,2,1,2,2,2,2,2,1,0,0,0,0,0,0,0
"2022",1,2,4,7,31,20,2,1,1,2,2,0,0,0,0,0,0,4,2,2,1,2,2,2,2,1,4,2,2,1,1,1,0
"2022",1,1,4,6,24,120,1,2,2,2,1,2,2,1,2,2,2,0,0,0,0,0,0,0,0,0,0,0,0,0,0,0,2
"2022",1,2,7,1,29,60,1,1,2,2,1,5,2,2,1,2,2,4,2,2,2,2,1,2,2,2,0,0,0,0,0,0,4
"2022",1,2,7,1,31,60,1,2,2,2,1,3,2,1,2,2,2,0,0,0,0,0,0,0,0,0,0,0,0,0,0,0,3
"2022",1,2,3,1,74,30,1,2,1,2,2,5,2,2,2,1,2,0,0,0,0,0,0,0,0,0,3,2,2,2,1,1,0
"2022",1,1,7,1,37,45,1,2,2,2,2,4,2,2,2,1,2,0,0,0,0,0,0,0,0,0,0,0,0,0,0,0,0
"2022",4,2,4,8,63,0,2,2,2,2,2,0,0,0,0,0,0,0,0,0,0,0,0,0,0,0,0,0,0,0,0,0,0
"2022",4,2,7,8,68,0,2,2,2,2,2,0,0,0,0,0,0,0,0,0,0,0,0,0,0,0,0,0,0,0,0,0,0
"2022",1,1,2,8,81,20,2,2,1,2,2,0,0,0,0,0,0,0,0,0,0,0,0,0,0,0,4,1,1,1,1,1,0
"2022",1,1,4,1,29,20,2,2,2,2,1,0,0,0,0,0,0,0,0,0,0,0,0,0,0,0,0,0,0,0,0,0,4
"2022",1,1,7,3,53,60,1,1,1,2,2,1,2,1,2,1,2,3,2,2,2,1,2,1,2,2,4,1,2,2,2,1,0
"2022",1,1,7,6,22,45,1,2,2,2,2,2,2,2,1,1,2,0,0,0,0,0,0,0,0,0,0,0,0,0,0,0,0
"2022",1,1,4,6,18,10,1,2,2,1,1,4,2,1,2,2,2,0,0,0,0,0,0,0,0,0,0,0,0,0,0,0,4
"2022",4,2,3,7,79,0,2,2,2,2,2,0,0,0,0,0,0,0,0,0,0,0,0,0,0,0,0,0,0,0,0,0,0
"2022",1,2,7,1,27,20,1,2,1,2,1,4,2,2,2,2,1,0,0,0,0,0,0,0,0,0,3,1,2,2,2,2,1
"2022",1,2,3,1,56,20,2,1,1,2,2,0,0,0,0,0,0,4,2,2,1,2,2,1,2,1,3,1,2,2,1,1,0
"2022",1,2,2,7,46,30,2,2,1,2,2,0,0,0,0,0,0,0,0,0,0,0,0,0,0,0,4,1,1,1,1,1,0
"2022",1,2,7,1,33,30,2,2,2,2,1,0,0,0,0,0,0,0,0,0,0,0,0,0,0,0,0,0,0,0,0,0,4
"2022",3,1,7,1,46,20,2,2,1,2,1,0,0,0,0,0,0,0,0,0,0,0,0,0,0,0,4,1,1,2,2,1,4
"2022",1,1,7,6,22,50,1,2,2,2,1,2,2,2,2,1,2,0,0,0,0,0,0,0,0,0,0,0,0,0,0,0,3
"2022",4,2,2,1,61,0,2,2,2,2,2,0,0,0,0,0,0,0,0,0,0,0,0,0,0,0,0,0,0,0,0,0,0
"2022",1,2,8,7,62,40,1,2,2,2,1,3,2,2,2,1,1,0,0,0,0,0,0,0,0,0,0,0,0,0,0,0,3
"2022",1,1,4,8,75,20,1,2,1,2,2,4,2,2,2,1,2,0,0,0,0,0,0,0,0,0,3,1,2,1,2,2,0
"2022",1,2,6,7,62,180,1,2,2,2,1,4,2,2,1,1,1,0,0,0,0,0,0,0,0,0,0,0,0,0,0,0,4
"2022",1,1,2,8,89,30,1,2,2,2,2,5,2,2,1,2,2,0,0,0,0,0,0,0,0,0,0,0,0,0,0,0,0
"2022",1,1,4,1,19,40,2,2,1,2,1,0,0,0,0,0,0,0,0,0,0,0,0,0,0,0,3,1,1,1,1,1,3
"2022",1,2,7,1,25,160,1,2,2,2,1,2,2,1,2,2,2,0,0,0,0,0,0,0,0,0,0,0,0,0,0,0,2
"2022",1,2,3,7,42,30,2,1,1,2,2,0,0,0,0,0,0,4,2,2,2,2,2,2,2,1,4,2,1,1,1,1,0
"2022",1,2,3,8,69,50,1,1,1,1,1,3,1,2,1,2,1,4,2,2,2,1,2,2,1,2,4,1,1,1,1,1,3
"2022",0,2,0,7,90,0,0,0,0,0,0,0,0,0,0,0,0,0,0,0,0,0,0,0,0,0,0,0,0,0,0,0,0
"2022",1,2,0,7,35,40,1,2,1,2,2,4,2,2,1,2,2,0,0,0,0,0,0,0,0,0,4,1,1,1,1,1,0
"2022",1,1,2,7,79,25,1,1,2,2,2,4,2,2,1,2,2,5,2,2,2,2,1,2,2,2,0,0,0,0,0,0,0
"2022",1,1,7,1,44,50,1,2,1,2,1,4,2,2,2,1,2,0,0,0,0,0,0,0,0,0,4,1,1,1,1,1,4
"2022",1,2,7,1,38,15,2,1,1,2,1,0,0,0,0,0,0,4,2,2,1,2,2,2,1,2,4,1,2,1,1,2,4
"2022",1,1,4,1,35,30,2,1,1,2,2,0,0,0,0,0,0,4,2,1,2,2,2,2,1,2,3,1,1,1,2,1,0
"2022",1,1,7,1,28,30,2,2,1,2,1,0,0,0,0,0,0,0,0,0,0,0,0,0,0,0,3,2,2,2,1,1,4
"2022",1,2,7,1,25,180,1,2,2,2,1,1,2,1,2,2,2,0,0,0,0,0,0,0,0,0,0,0,0,0,0,0,1
"2022",1,1,4,1,31,30,2,1,1,2,1,0,0,0,0,0,0,1,2,2,1,1,2,1,2,2,4,2,2,2,2,1,4
"2022",1,2,3,1,62,60,1,2,2,2,2,5,2,2,1,2,2,0,0,0,0,0,0,0,0,0,0,0,0,0,0,0,0
"2022",4,1,6,7,79,0,2,2,2,2,2,0,0,0,0,0,0,0,0,0,0,0,0,0,0,0,0,0,0,0,0,0,0
"2022",4,1,7,1,28,0,2,2,2,2,2,0,0,0,0,0,0,0,0,0,0,0,0,0,0,0,0,0,0,0,0,0,0
"2022",1,2,4,7,68,20,1,2,2,2,2,4,1,2,2,2,2,0,0,0,0,0,0,0,0,0,0,0,0,0,0,0,0
"2022",4,2,2,2,42,0,2,2,2,2,2,0,0,0,0,0,0,0,0,0,0,0,0,0,0,0,0,0,0,0,0,0,0
"2022",1,2,0,7,82,60,1,2,2,2,2,5,2,2,1,2,2,0,0,0,0,0,0,0,0,0,0,0,0,0,0,0,0
"2022",1,2,3,1,43,30,1,2,2,1,1,3,2,1,2,2,2,0,0,0,0,0,0,0,0,0,0,0,0,0,0,0,3
"2022",3,1,3,1,21,30,1,2,2,1,1,4,2,2,2,1,2,0,0,0,0,0,0,0,0,0,0,0,0,0,0,0,4
"2022",1,2,4,1,40,30,1,2,2,2,1,4,2,2,2,1,2,0,0,0,0,0,0,0,0,0,0,0,0,0,0,0,4
"2022",4,2,3,1,53,0,2,2,2,2,2,0,0,0,0,0,0,0,0,0,0,0,0,0,0,0,0,0,0,0,0,0,0
"2022",3,2,7,7,58,40,2,2,1,2,1,0,0,0,0,0,0,0,0,0,0,0,0,0,0,0,4,1,1,1,1,1,4
"2022",3,2,3,1,33,10,2,2,2,1,1,0,0,0,0,0,0,0,0,0,0,0,0,0,0,0,0,0,0,0,0,0,3
"2022",1,2,4,1,24,60,1,1,2,2,1,4,2,2,2,1,2,3,2,2,2,2,2,2,1,2,0,0,0,0,0,0,2
"2022",1,2,3,7,40,10,2,2,2,1,1,0,0,0,0,0,0,0,0,0,0,0,0,0,0,0,0,0,0,0,0,0,3
"2022",3,2,7,1,37,10,2,2,1,2,1,0,0,0,0,0,0,0,0,0,0,0,0,0,0,0,3,1,1,1,1,1,3
"2022",3,2,3,7,30,60,2,2,2,2,1,0,0,0,0,0,0,0,0,0,0,0,0,0,0,0,0,0,0,0,0,0,4
"2022",1,2,6,7,35,10,1,2,2,2,1,4,2,2,2,1,2,0,0,0,0,0,0,0,0,0,0,0,0,0,0,0,4
"2022",3,1,6,1,39,60,2,2,2,2,1,0,0,0,0,0,0,0,0,0,0,0,0,0,0,0,0,0,0,0,0,0,3
"2022",3,2,3,1,29,15,2,1,1,1,1,0,0,0,0,0,0,4,2,2,2,2,2,2,2,1,4,1,1,1,1,1,4
"2022",1,2,5,1,55,120,1,2,2,2,1,1,2,1,2,2,2,0,0,0,0,0,0,0,0,0,0,0,0,0,0,0,1
"2022",3,1,4,1,29,15,2,2,2,2,1,0,0,0,0,0,0,0,0,0,0,0,0,0,0,0,0,0,0,0,0,0,4
"2022",1,1,4,1,27,30,1,2,1,2,1,4,2,2,2,1,2,0,0,0,0,0,0,0,0,0,3,1,1,1,1,1,3
"2022",1,2,7,1,49,30,1,1,2,1,1,2,2,1,2,2,2,2,2,2,2,2,2,1,2,2,0,0,0,0,0,0,4
"2022",1,1,7,1,26,60,1,1,2,1,1,4,2,2,1,2,2,3,2,2,1,2,2,2,2,2,0,0,0,0,0,0,3
"2022",1,2,7,1,27,10,2,1,2,2,1,0,0,0,0,0,0,3,2,2,1,1,2,2,2,2,0,0,0,0,0,0,3
"2022",1,1,7,1,28,60,1,2,2,2,1,1,2,1,2,2,2,0,0,0,0,0,0,0,0,0,0,0,0,0,0,0,3
"2022",1,2,7,1,25,30,1,2,2,1,1,4,2,2,2,1,2,0,0,0,0,0,0,0,0,0,0,0,0,0,0,0,4
"2022",1,2,7,8,64,60,1,1,2,2,1,4,2,2,2,1,2,3,2,2,2,1,2,2,2,2,0,0,0,0,0,0,4
"2022",1,2,4,7,40,20,1,2,1,1,1,5,2,2,1,2,2,0,0,0,0,0,0,0,0,0,3,2,2,1,1,1,3
"2022",3,2,3,1,71,60,2,1,2,2,2,0,0,0,0,0,0,5,2,2,2,2,1,2,2,2,0,0,0,0,0,0,0
"2022",3,2,3,1,29,30,1,2,1,2,1,3,1,2,2,2,2,0,0,0,0,0,0,0,0,0,3,2,2,1,1,1,4
"2022",1,1,3,1,53,60,2,2,1,2,2,0,0,0,0,0,0,0,0,0,0,0,0,0,0,0,3,2,2,2,2,2,0
"2022",3,1,3,1,27,15,2,1,2,1,2,0,0,0,0,0,0,4,2,2,2,2,2,2,1,2,0,0,0,0,0,0,0
"2022",4,1,2,1,56,0,2,2,2,2,2,0,0,0,0,0,0,0,0,0,0,0,0,0,0,0,0,0,0,0,0,0,0
"2022",1,2,3,1,46,30,1,2,2,1,1,4,2,2,1,1,2,0,0,0,0,0,0,0,0,0,0,0,0,0,0,0,4
"2022",1,2,7,7,26,5,1,2,1,1,1,4,2,2,1,1,2,0,0,0,0,0,0,0,0,0,4,1,2,1,1,1,3
"2022",0,1,0,8,66,0,0,0,0,0,0,0,0,0,0,0,0,0,0,0,0,0,0,0,0,0,0,0,0,0,0,0,0
"2022",1,1,7,1,42,35,1,1,1,2,1,1,2,1,2,2,1,1,2,1,2,2,2,1,2,2,3,1,2,1,2,2,1
"2022",1,2,7,8,68,60,1,1,2,2,2,4,2,2,2,1,2,4,2,2,2,1,2,2,1,2,0,0,0,0,0,0,0
"2022",3,2,7,1,35,30,1,2,2,2,1,4,2,2,2,1,2,0,0,0,0,0,0,0,0,0,0,0,0,0,0,0,1
"2022",1,2,3,7,66,30,1,1,2,1,2,4,2,2,2,2,1,4,2,2,1,2,2,2,1,2,0,0,0,0,0,0,0
"2022",1,2,3,1,46,30,2,2,2,2,1,0,0,0,0,0,0,0,0,0,0,0,0,0,0,0,0,0,0,0,0,0,4
"2022",1,2,7,6,22,60,1,2,2,2,1,2,2,1,2,2,2,0,0,0,0,0,0,0,0,0,0,0,0,0,0,0,2
"2022",1,2,6,7,47,60,1,2,2,2,2,4,2,2,2,2,1,0,0,0,0,0,0,0,0,0,0,0,0,0,0,0,0
"2022",1,1,2,1,65,60,2,1,1,2,2,0,0,0,0,0,0,4,2,2,2,2,2,2,1,2,3,1,1,2,2,1,0
"2022",1,2,2,7,61,30,1,1,2,2,2,5,2,2,1,2,2,5,2,2,2,2,1,2,2,2,0,0,0,0,0,0,0
"2022",4,2,2,7,68,0,2,2,2,2,2,0,0,0,0,0,0,0,0,0,0,0,0,0,0,0,0,0,0,0,0,0,0
"2022",1,1,7,1,30,60,1,1,2,2,1,1,2,1,2,2,2,2,2,2,1,2,2,2,2,2,0,0,0,0,0,0,2
"2022",1,1,7,1,44,120,1,1,2,1,1,1,2,1,2,2,2,4,2,2,2,2,2,1,2,2,0,0,0,0,0,0,1
"2022",1,1,9,1,68,30,1,1,1,2,1,1,2,1,2,2,2,1,2,2,1,2,2,2,2,2,3,1,1,2,2,2,1
"2022",1,1,2,3,50,10,1,2,1,2,2,4,2,2,2,2,1,0,0,0,0,0,0,0,0,0,4,1,1,1,1,1,0
"2022",1,2,7,1,30,60,1,1,2,1,1,2,2,1,1,2,2,4,2,1,1,2,2,1,2,2,0,0,0,0,0,0,3
"2022",1,2,7,1,41,60,1,1,2,2,1,5,2,2,1,2,2,2,2,2,2,2,1,2,2,2,0,0,0,0,0,0,4
"2022",4,2,3,7,32,0,2,2,2,2,2,0,0,0,0,0,0,0,0,0,0,0,0,0,0,0,0,0,0,0,0,0,0
"2022",2,1,99,1,32,0,2,2,2,2,2,0,0,0,0,0,0,0,0,0,0,0,0,0,0,0,0,0,0,0,0,0,0
"2022",4,1,2,1,58,0,2,2,2,2,2,0,0,0,0,0,0,0,0,0,0,0,0,0,0,0,0,0,0,0,0,0,0
"2022",1,1,2,4,37,60,1,1,2,2,2,4,2,2,2,1,2,4,2,1,2,2,2,2,2,2,0,0,0,0,0,0,0
"2022",4,1,2,1,68,0,2,2,2,2,2,0,0,0,0,0,0,0,0,0,0,0,0,0,0,0,0,0,0,0,0,0,0
"2022",1,1,2,1,46,30,1,1,2,1,2,4,2,2,1,2,2,4,2,2,2,1,2,2,2,2,0,0,0,0,0,0,0
"2022",4,1,7,1,47,0,2,2,2,2,2,0,0,0,0,0,0,0,0,0,0,0,0,0,0,0,0,0,0,0,0,0,0
"2022",1,2,2,8,81,30,1,1,2,2,2,5,2,1,2,2,2,3,2,2,2,2,1,2,2,2,0,0,0,0,0,0,0
"2022",4,1,6,1,41,0,2,2,2,2,2,0,0,0,0,0,0,0,0,0,0,0,0,0,0,0,0,0,0,0,0,0,0
"2022",1,2,2,7,70,20,1,2,2,2,2,5,2,2,2,1,2,0,0,0,0,0,0,0,0,0,0,0,0,0,0,0,0
"2022",4,1,99,1,28,0,2,2,2,2,2,0,0,0,0,0,0,0,0,0,0,0,0,0,0,0,0,0,0,0,0,0,0
"2022",3,2,7,1,51,30,2,2,1,1,1,0,0,0,0,0,0,0,0,0,0,0,0,0,0,0,3,1,2,2,2,1,1
"2022",1,1,2,1,60,30,1,2,1,2,2,1,1,2,2,2,2,0,0,0,0,0,0,0,0,0,1,2,1,1,1,1,0
"2022",4,1,7,1,42,0,2,2,2,2,2,0,0,0,0,0,0,0,0,0,0,0,0,0,0,0,0,0,0,0,0,0,0
"2022",4,2,3,7,37,0,2,2,2,2,2,0,0,0,0,0,0,0,0,0,0,0,0,0,0,0,0,0,0,0,0,0,0
"2022",1,2,7,8,65,60,1,2,2,2,2,4,2,2,2,1,2,0,0,0,0,0,0,0,0,0,0,0,0,0,0,0,0
"2022",1,1,3,1,54,45,1,2,2,2,2,5,2,2,1,2,2,0,0,0,0,0,0,0,0,0,0,0,0,0,0,0,0
"2022",4,2,6,9,87,0,2,2,2,2,2,0,0,0,0,0,0,0,0,0,0,0,0,0,0,0,0,0,0,0,0,0,0
"2022",3,2,6,8,65,20,2,1,2,2,2,0,0,0,0,0,0,4,1,1,2,2,2,2,2,2,0,0,0,0,0,0,0
"2023",4,1,4,1,29,0,2,2,2,2,2,0,0,0,0,0,0,0,0,0,0,0,0,0,0,0,0,0,0,0,0,0,0
"2023",3,1,3,1,53,10,2,2,1,2,2,0,0,0,0,0,0,0,0,0,0,0,0,0,0,0,4,1,1,1,1,1,0
"2023",4,2,2,7,65,0,2,2,2,2,2,0,0,0,0,0,0,0,0,0,0,0,0,0,0,0,0,0,0,0,0,0,0
"2023",4,2,3,7,44,0,2,2,2,2,2,0,0,0,0,0,0,0,0,0,0,0,0,0,0,0,0,0,0,0,0,0,0
"2023",3,1,6,1,52,20,2,2,2,2,1,0,0,0,0,0,0,0,0,0,0,0,0,0,0,0,0,0,0,0,0,0,1
"2023",4,2,3,1,36,0,2,2,2,2,2,0,0,0,0,0,0,0,0,0,0,0,0,0,0,0,0,0,0,0,0,0,0
"2023",1,2,2,7,74,30,1,2,2,2,2,4,2,2,2,1,2,0,0,0,0,0,0,0,0,0,0,0,0,0,0,0,0
"2023",3,1,3,1,53,15,2,2,2,2,1,0,0,0,0,0,0,0,0,0,0,0,0,0,0,0,0,0,0,0,0,0,4
"2023",1,2,7,1,23,30,1,2,2,2,1,2,2,1,2,2,2,0,0,0,0,0,0,0,0,0,0,0,0,0,0,0,2
"2023",4,2,4,1,57,0,2,2,2,2,2,0,0,0,0,0,0,0,0,0,0,0,0,0,0,0,0,0,0,0,0,0,0
"2023",4,1,7,1,53,0,2,2,2,2,2,0,0,0,0,0,0,0,0,0,0,0,0,0,0,0,0,0,0,0,0,0,0
"2023",3,1,4,1,36,20,2,2,2,2,1,0,0,0,0,0,0,0,0,0,0,0,0,0,0,0,0,0,0,0,0,0,4
"2023",1,1,7,1,40,60,1,2,1,2,1,4,2,2,2,1,2,0,0,0,0,0,0,0,0,0,4,1,1,1,1,1,4
"2023",1,1,4,1,22,20,1,2,2,2,1,4,2,2,2,1,2,0,0,0,0,0,0,0,0,0,0,0,0,0,0,0,3
"2023",1,1,4,1,22,30,1,2,2,2,1,4,2,1,2,2,2,0,0,0,0,0,0,0,0,0,0,0,0,0,0,0,4
"2023",4,1,2,1,39,0,2,2,2,2,2,0,0,0,0,0,0,0,0,0,0,0,0,0,0,0,0,0,0,0,0,0,0
"2023",1,2,4,1,28,30,1,2,2,2,1,4,2,2,2,1,2,0,0,0,0,0,0,0,0,0,0,0,0,0,0,0,4
"2023",1,2,3,7,40,30,2,2,1,2,2,0,0,0,0,0,0,0,0,0,0,0,0,0,0,0,4,1,2,1,1,1,0
"2023",4,1,4,1,58,0,2,2,2,2,2,0,0,0,0,0,0,0,0,0,0,0,0,0,0,0,0,0,0,0,0,0,0
"2023",1,2,3,7,55,60,1,2,2,2,2,4,2,2,2,1,2,0,0,0,0,0,0,0,0,0,0,0,0,0,0,0,0
"2023",1,2,3,7,30,20,1,2,2,2,1,4,2,2,2,1,1,0,0,0,0,0,0,0,0,0,0,0,0,0,0,0,4
"2023",3,2,4,1,38,10,1,2,1,2,2,3,2,2,1,2,2,0,0,0,0,0,0,0,0,0,1,1,2,1,1,1,0
"2023",4,2,7,7,54,0,2,2,2,2,2,0,0,0,0,0,0,0,0,0,0,0,0,0,0,0,0,0,0,0,0,0,0
"2023",3,1,5,1,47,30,2,2,1,2,1,0,0,0,0,0,0,0,0,0,0,0,0,0,0,0,4,1,2,1,1,1,4
"2023",1,1,7,1,39,60,1,2,2,2,1,4,2,2,2,2,1,0,0,0,0,0,0,0,0,0,0,0,0,0,0,0,4
"2023",4,2,2,7,40,0,2,2,2,2,2,0,0,0,0,0,0,0,0,0,0,0,0,0,0,0,0,0,0,0,0,0,0
"2023",4,1,3,1,56,0,2,2,2,2,2,0,0,0,0,0,0,0,0,0,0,0,0,0,0,0,0,0,0,0,0,0,0
"2023",3,2,7,1,27,30,2,2,2,2,1,0,0,0,0,0,0,0,0,0,0,0,0,0,0,0,0,0,0,0,0,0,1
"2023",4,2,2,7,56,0,2,2,2,2,2,0,0,0,0,0,0,0,0,0,0,0,0,0,0,0,0,0,0,0,0,0,0
"2023",4,2,6,8,77,0,2,2,2,2,2,0,0,0,0,0,0,0,0,0,0,0,0,0,0,0,0,0,0,0,0,0,0
"2023",3,1,4,1,30,15,2,2,2,2,1,0,0,0,0,0,0,0,0,0,0,0,0,0,0,0,0,0,0,0,0,0,4
"2023",4,1,3,1,49,0,2,2,2,2,2,0,0,0,0,0,0,0,0,0,0,0,0,0,0,0,0,0,0,0,0,0,0
"2023",3,1,3,1,30,10,2,2,2,2,1,0,0,0,0,0,0,0,0,0,0,0,0,0,0,0,0,0,0,0,0,0,4
"2023",4,1,3,1,57,0,2,2,2,2,2,0,0,0,0,0,0,0,0,0,0,0,0,0,0,0,0,0,0,0,0,0,0
"2023",3,1,3,1,60,20,2,2,1,2,2,0,0,0,0,0,0,0,0,0,0,0,0,0,0,0,4,1,2,1,1,1,0
"2023",4,2,3,1,43,0,2,2,2,2,2,0,0,0,0,0,0,0,0,0,0,0,0,0,0,0,0,0,0,0,0,0,0
"2023",4,2,3,7,37,0,2,2,2,2,2,0,0,0,0,0,0,0,0,0,0,0,0,0,0,0,0,0,0,0,0,0,0
"2023",4,2,2,1,58,0,2,2,2,2,2,0,0,0,0,0,0,0,0,0,0,0,0,0,0,0,0,0,0,0,0,0,0
"2023",4,2,2,7,51,0,2,2,2,2,2,0,0,0,0,0,0,0,0,0,0,0,0,0,0,0,0,0,0,0,0,0,0
"2023",3,2,4,7,38,20,2,2,2,2,1,0,0,0,0,0,0,0,0,0,0,0,0,0,0,0,0,0,0,0,0,0,4
"2023",4,2,2,7,50,0,2,2,2,2,2,0,0,0,0,0,0,0,0,0,0,0,0,0,0,0,0,0,0,0,0,0,0
"2023",4,1,7,1,35,0,2,2,2,2,2,0,0,0,0,0,0,0,0,0,0,0,0,0,0,0,0,0,0,0,0,0,0
"2023",1,1,7,1,36,20,1,2,2,2,1,4,2,2,2,2,1,0,0,0,0,0,0,0,0,0,0,0,0,0,0,0,4
"2023",1,1,7,1,55,30,1,2,1,2,1,4,2,2,2,1,2,0,0,0,0,0,0,0,0,0,4,1,2,1,1,1,4
"2023",1,2,7,1,52,15,1,2,2,2,1,4,2,2,2,1,2,0,0,0,0,0,0,0,0,0,0,0,0,0,0,0,4
"2023",3,2,7,1,39,20,2,2,2,2,1,0,0,0,0,0,0,0,0,0,0,0,0,0,0,0,0,0,0,0,0,0,4
"2023",3,1,3,1,24,15,2,2,2,2,1,0,0,0,0,0,0,0,0,0,0,0,0,0,0,0,0,0,0,0,0,0,3
"2023",4,2,2,1,36,0,2,2,2,2,2,0,0,0,0,0,0,0,0,0,0,0,0,0,0,0,0,0,0,0,0,0,0
"2023",4,2,4,1,39,0,2,2,2,2,2,0,0,0,0,0,0,0,0,0,0,0,0,0,0,0,0,0,0,0,0,0,0
"2023",1,1,4,1,35,20,2,2,1,2,1,0,0,0,0,0,0,0,0,0,0,0,0,0,0,0,3,1,1,2,2,1,3
"2023",1,1,3,1,59,15,2,2,1,2,2,0,0,0,0,0,0,0,0,0,0,0,0,0,0,0,3,1,1,1,1,1,0
"2023",1,1,3,1,29,30,2,2,2,2,1,0,0,0,0,0,0,0,0,0,0,0,0,0,0,0,0,0,0,0,0,0,1
"2023",1,2,7,6,20,60,1,1,2,2,1,2,2,1,2,2,2,3,2,2,2,1,2,2,2,2,0,0,0,0,0,0,2
"2023",1,1,4,1,26,40,1,2,2,2,1,2,2,1,2,2,2,0,0,0,0,0,0,0,0,0,0,0,0,0,0,0,4
"2023",4,2,3,7,52,0,2,2,2,2,2,0,0,0,0,0,0,0,0,0,0,0,0,0,0,0,0,0,0,0,0,0,0
"2023",3,2,4,1,23,15,2,2,2,2,1,0,0,0,0,0,0,0,0,0,0,0,0,0,0,0,0,0,0,0,0,0,4
"2023",1,1,4,1,22,30,1,1,2,1,1,4,2,2,2,1,2,4,2,2,2,2,2,2,2,1,0,0,0,0,0,0,4
"2023",2,2,7,1,39,0,2,2,2,2,2,0,0,0,0,0,0,0,0,0,0,0,0,0,0,0,0,0,0,0,0,0,0
"2023",4,1,4,1,46,0,2,2,2,2,2,0,0,0,0,0,0,0,0,0,0,0,0,0,0,0,0,0,0,0,0,0,0
"2023",2,2,2,1,49,0,2,2,2,2,2,0,0,0,0,0,0,0,0,0,0,0,0,0,0,0,0,0,0,0,0,0,0
"2023",4,1,4,1,25,0,2,2,2,2,2,0,0,0,0,0,0,0,0,0,0,0,0,0,0,0,0,0,0,0,0,0,0
"2023",2,2,0,1,59,0,2,2,2,2,2,0,0,0,0,0,0,0,0,0,0,0,0,0,0,0,0,0,0,0,0,0,0
"2023",4,2,3,1,51,0,2,2,2,2,2,0,0,0,0,0,0,0,0,0,0,0,0,0,0,0,0,0,0,0,0,0,0
"2023",4,1,4,1,24,0,2,2,2,2,2,0,0,0,0,0,0,0,0,0,0,0,0,0,0,0,0,0,0,0,0,0,0
"2023",3,1,3,1,25,30,2,2,2,2,1,0,0,0,0,0,0,0,0,0,0,0,0,0,0,0,0,0,0,0,0,0,3
"2023",1,2,7,7,64,30,1,1,2,2,2,3,2,2,2,1,2,4,2,2,2,1,2,2,2,2,0,0,0,0,0,0,0
"2023",1,1,7,1,40,15,1,2,1,2,1,3,2,2,2,1,2,0,0,0,0,0,0,0,0,0,3,1,1,2,2,1,4
"2023",4,1,0,7,59,0,2,2,2,2,2,0,0,0,0,0,0,0,0,0,0,0,0,0,0,0,0,0,0,0,0,0,0
"2023",1,2,3,7,28,60,1,2,2,1,2,2,2,1,2,2,2,0,0,0,0,0,0,0,0,0,0,0,0,0,0,0,0
"2023",4,1,2,4,32,0,2,2,2,2,2,0,0,0,0,0,0,0,0,0,0,0,0,0,0,0,0,0,0,0,0,0,0
"2023",3,1,2,1,38,20,2,2,2,2,1,0,0,0,0,0,0,0,0,0,0,0,0,0,0,0,0,0,0,0,0,0,3
"2023",1,1,2,8,73,15,2,1,2,1,2,0,0,0,0,0,0,3,2,1,2,2,2,2,2,2,0,0,0,0,0,0,0
"2023",1,1,2,1,46,15,2,1,1,2,2,0,0,0,0,0,0,4,2,2,2,2,1,2,2,2,3,1,1,1,1,1,0
"2023",1,2,4,7,35,30,1,2,1,2,1,4,2,2,2,1,2,0,0,0,0,0,0,0,0,0,3,1,1,1,1,1,4
"2023",1,1,4,6,19,30,1,2,2,2,1,2,2,1,2,2,2,0,0,0,0,0,0,0,0,0,0,0,0,0,0,0,3
"2023",1,2,7,1,45,40,1,1,2,2,1,4,2,2,2,1,2,4,2,2,2,1,2,2,2,2,0,0,0,0,0,0,3
"2023",4,2,2,7,77,0,2,2,2,2,2,0,0,0,0,0,0,0,0,0,0,0,0,0,0,0,0,0,0,0,0,0,0
"2023",1,2,3,1,22,120,1,2,2,1,2,5,2,2,1,2,2,0,0,0,0,0,0,0,0,0,0,0,0,0,0,0,0
"2023",1,2,7,1,29,60,2,2,1,1,1,0,0,0,0,0,0,0,0,0,0,0,0,0,0,0,3,2,2,2,2,1,3
"2023",4,2,4,7,22,0,2,2,2,2,2,0,0,0,0,0,0,0,0,0,0,0,0,0,0,0,0,0,0,0,0,0,0
"2023",3,2,4,7,26,15,2,2,2,2,1,0,0,0,0,0,0,0,0,0,0,0,0,0,0,0,0,0,0,0,0,0,4
"2023",1,1,0,1,53,15,2,2,1,2,1,0,0,0,0,0,0,0,0,0,0,0,0,0,0,0,3,1,1,1,1,1,3
"2023",1,2,3,1,36,20,2,1,1,2,1,0,0,0,0,0,0,4,1,2,2,1,2,2,2,2,4,2,1,1,1,1,4
"2023",1,2,4,8,64,40,2,1,2,2,2,0,0,0,0,0,0,4,2,1,2,2,2,2,2,2,0,0,0,0,0,0,0
"2023",1,2,7,7,38,20,2,1,1,1,1,0,0,0,0,0,0,3,2,2,1,2,2,2,2,1,3,1,1,1,1,1,4
"2023",3,1,3,1,29,25,2,2,2,2,1,0,0,0,0,0,0,0,0,0,0,0,0,0,0,0,0,0,0,0,0,0,4
"2023",3,2,4,1,30,40,2,1,2,1,1,0,0,0,0,0,0,4,2,1,2,2,2,2,2,2,0,0,0,0,0,0,4
"2023",1,2,4,1,50,30,2,2,2,2,1,0,0,0,0,0,0,0,0,0,0,0,0,0,0,0,0,0,0,0,0,0,3
"2023",1,2,3,1,43,60,2,1,2,2,1,0,0,0,0,0,0,3,2,2,1,1,2,2,2,2,0,0,0,0,0,0,4
"2023",4,1,3,1,47,0,2,2,2,2,2,0,0,0,0,0,0,0,0,0,0,0,0,0,0,0,0,0,0,0,0,0,0
"2023",0,1,0,1,63,0,0,0,0,0,0,0,0,0,0,0,0,0,0,0,0,0,0,0,0,0,0,0,0,0,0,0,0
"2023",2,1,2,9,62,0,2,2,2,2,2,0,0,0,0,0,0,0,0,0,0,0,0,0,0,0,0,0,0,0,0,0,0
"2023",1,2,7,7,22,30,1,1,2,2,1,5,2,2,1,2,2,3,2,2,1,2,2,2,2,2,0,0,0,0,0,0,2
"2023",1,2,2,8,70,90,1,1,2,2,2,5,2,2,1,2,2,5,2,2,2,2,1,2,2,2,0,0,0,0,0,0,0
"2023",1,2,3,1,44,20,1,2,2,2,2,5,2,2,1,2,2,0,0,0,0,0,0,0,0,0,0,0,0,0,0,0,0
"2023",4,2,7,8,82,0,2,2,2,2,2,0,0,0,0,0,0,0,0,0,0,0,0,0,0,0,0,0,0,0,0,0,0
"2023",1,1,7,1,26,15,1,1,2,2,1,4,2,2,2,1,2,4,2,2,1,2,2,2,2,2,0,0,0,0,0,0,1
"2023",4,1,2,1,58,0,2,2,2,2,2,0,0,0,0,0,0,0,0,0,0,0,0,0,0,0,0,0,0,0,0,0,0
"2023",4,1,2,1,44,0,2,2,2,2,2,0,0,0,0,0,0,0,0,0,0,0,0,0,0,0,0,0,0,0,0,0,0
"2023",3,2,7,1,44,25,2,2,2,2,1,0,0,0,0,0,0,0,0,0,0,0,0,0,0,0,0,0,0,0,0,0,4
"2023",2,1,4,1,48,0,2,2,2,2,2,0,0,0,0,0,0,0,0,0,0,0,0,0,0,0,0,0,0,0,0,0,0
"2023",1,1,4,1,42,20,1,1,2,2,2,3,2,2,1,2,2,3,2,1,2,2,2,2,2,2,0,0,0,0,0,0,0
"2023",1,2,7,1,37,10,1,2,2,2,2,4,2,2,1,2,2,0,0,0,0,0,0,0,0,0,0,0,0,0,0,0,0
"2023",1,1,7,1,51,30,1,2,2,2,2,1,2,1,2,2,2,0,0,0,0,0,0,0,0,0,0,0,0,0,0,0,0
"2023",3,1,3,1,38,20,2,1,2,2,2,0,0,0,0,0,0,3,2,2,2,2,1,2,2,2,0,0,0,0,0,0,0
"2023",1,1,7,6,22,60,1,2,2,2,1,2,2,1,2,2,2,0,0,0,0,0,0,0,0,0,0,0,0,0,0,0,2
"2023",1,1,2,8,77,30,1,2,2,2,2,5,2,1,1,2,2,0,0,0,0,0,0,0,0,0,0,0,0,0,0,0,0
"2023",4,1,3,1,27,0,2,2,2,2,2,0,0,0,0,0,0,0,0,0,0,0,0,0,0,0,0,0,0,0,0,0,0
"2023",4,2,7,1,26,0,2,2,2,2,2,0,0,0,0,0,0,0,0,0,0,0,0,0,0,0,0,0,0,0,0,0,0
"2023",1,2,7,1,47,60,1,2,2,2,1,1,1,2,1,2,2,0,0,0,0,0,0,0,0,0,0,0,0,0,0,0,1
"2023",4,2,3,7,48,0,2,2,2,2,2,0,0,0,0,0,0,0,0,0,0,0,0,0,0,0,0,0,0,0,0,0,0
"2023",1,2,7,1,22,30,1,2,2,2,2,4,2,2,1,1,2,0,0,0,0,0,0,0,0,0,0,0,0,0,0,0,0
"2023",4,2,3,8,75,0,2,2,2,2,2,0,0,0,0,0,0,0,0,0,0,0,0,0,0,0,0,0,0,0,0,0,0
"2023",4,1,2,1,57,0,2,2,2,2,2,0,0,0,0,0,0,0,0,0,0,0,0,0,0,0,0,0,0,0,0,0,0
"2023",1,1,4,1,38,35,2,2,2,2,1,0,0,0,0,0,0,0,0,0,0,0,0,0,0,0,0,0,0,0,0,0,3
"2023",4,1,7,1,35,0,2,2,2,2,2,0,0,0,0,0,0,0,0,0,0,0,0,0,0,0,0,0,0,0,0,0,0
"2023",0,2,0,7,82,0,0,0,0,0,0,0,0,0,0,0,0,0,0,0,0,0,0,0,0,0,0,0,0,0,0,0,0
"2023",4,2,6,1,46,0,2,2,2,2,2,0,0,0,0,0,0,0,0,0,0,0,0,0,0,0,0,0,0,0,0,0,0
"2023",1,2,7,1,24,30,1,2,2,2,1,1,2,1,2,2,2,0,0,0,0,0,0,0,0,0,0,0,0,0,0,0,1
"2023",1,2,3,7,31,20,1,1,2,2,2,4,2,1,2,2,2,4,2,2,1,2,2,2,2,2,0,0,0,0,0,0,0
"2023",1,1,7,1,29,90,1,2,2,2,1,1,2,1,2,2,2,0,0,0,0,0,0,0,0,0,0,0,0,0,0,0,1
"2023",2,1,4,1,42,0,2,2,2,2,2,0,0,0,0,0,0,0,0,0,0,0,0,0,0,0,0,0,0,0,0,0,0
"2023",1,1,7,1,29,40,1,2,2,2,1,4,2,2,2,1,2,0,0,0,0,0,0,0,0,0,0,0,0,0,0,0,4
"2023",4,2,2,8,62,0,2,2,2,2,2,0,0,0,0,0,0,0,0,0,0,0,0,0,0,0,0,0,0,0,0,0,0
"2023",1,1,7,1,37,20,1,2,1,2,2,4,2,2,2,1,2,0,0,0,0,0,0,0,0,0,3,1,2,2,2,1,0
"2023",1,1,7,1,30,35,1,2,2,2,1,2,2,1,2,2,2,0,0,0,0,0,0,0,0,0,0,0,0,0,0,0,2
"2023",1,2,4,7,48,60,1,2,2,2,2,4,1,2,1,1,1,0,0,0,0,0,0,0,0,0,0,0,0,0,0,0,0
"2023",1,1,2,1,63,30,1,2,2,2,2,1,2,1,2,2,2,0,0,0,0,0,0,0,0,0,0,0,0,0,0,0,0
"2023",3,1,7,8,66,30,2,2,1,2,2,0,0,0,0,0,0,0,0,0,0,0,0,0,0,0,3,1,1,2,1,1,0
"2023",4,2,3,7,45,0,2,2,2,2,2,0,0,0,0,0,0,0,0,0,0,0,0,0,0,0,0,0,0,0,0,0,0
"2023",1,2,7,1,28,30,1,2,1,2,1,4,2,2,1,2,2,0,0,0,0,0,0,0,0,0,3,2,2,1,1,1,4
"2023",1,1,3,1,36,30,1,2,2,2,1,5,2,2,1,2,2,0,0,0,0,0,0,0,0,0,0,0,0,0,0,0,3
"2023",3,2,3,1,19,5,2,1,1,2,1,0,0,0,0,0,0,4,2,2,2,2,2,2,2,1,3,2,2,1,2,1,4
"2023",1,2,2,7,62,30,1,2,2,2,1,5,2,2,1,2,2,0,0,0,0,0,0,0,0,0,0,0,0,0,0,0,4
"2023",1,2,7,1,37,15,1,1,2,2,1,3,2,2,1,2,2,3,2,2,2,1,2,2,2,2,0,0,0,0,0,0,3
"2023",1,2,7,1,30,300,1,2,2,1,1,4,1,2,2,1,1,0,0,0,0,0,0,0,0,0,0,0,0,0,0,0,1
"2023",3,1,7,1,30,30,2,2,2,2,1,0,0,0,0,0,0,0,0,0,0,0,0,0,0,0,0,0,0,0,0,0,3
"2023",1,2,3,3,62,60,1,2,2,2,2,5,2,2,1,1,2,0,0,0,0,0,0,0,0,0,0,0,0,0,0,0,0
"2023",1,2,7,1,41,60,1,1,2,2,1,4,2,1,2,1,2,4,2,2,2,2,2,1,2,2,0,0,0,0,0,0,3
"2023",1,1,8,1,36,60,1,1,1,1,1,1,2,1,2,2,2,1,2,1,2,2,2,2,2,2,4,1,1,2,1,2,1
"2023",1,1,7,1,67,30,2,2,2,2,1,0,0,0,0,0,0,0,0,0,0,0,0,0,0,0,0,0,0,0,0,0,3
"2023",1,2,7,1,41,60,2,2,2,2,1,0,0,0,0,0,0,0,0,0,0,0,0,0,0,0,0,0,0,0,0,0,1
"2023",1,2,2,7,65,60,1,2,2,2,1,4,2,2,2,1,2,0,0,0,0,0,0,0,0,0,0,0,0,0,0,0,4
"2023",3,1,3,1,32,5,2,2,2,2,1,0,0,0,0,0,0,0,0,0,0,0,0,0,0,0,0,0,0,0,0,0,4
"2023",1,2,7,1,33,5,2,1,2,2,2,0,0,0,0,0,0,1,2,1,2,2,2,2,2,2,0,0,0,0,0,0,0
"2023",1,2,7,7,32,180,2,2,2,2,1,0,0,0,0,0,0,0,0,0,0,0,0,0,0,0,0,0,0,0,0,0,1
"2023",3,1,3,1,49,30,2,2,2,2,1,0,0,0,0,0,0,0,0,0,0,0,0,0,0,0,0,0,0,0,0,0,3
"2023",1,2,7,3,28,30,1,1,2,2,1,1,2,1,2,2,2,4,2,2,2,2,2,2,2,1,0,0,0,0,0,0,4
"2023",1,1,7,1,55,120,1,2,1,2,1,1,2,1,2,2,2,0,0,0,0,0,0,0,0,0,3,1,1,2,2,1,3
"2023",1,2,2,7,79,10,2,2,1,2,2,0,0,0,0,0,0,0,0,0,0,0,0,0,0,0,3,1,1,1,1,1,0
"2023",1,2,7,7,41,30,1,2,2,2,1,1,2,2,2,2,1,0,0,0,0,0,0,0,0,0,0,0,0,0,0,0,3
"2023",1,1,3,1,57,10,1,2,2,2,1,4,1,2,2,2,1,0,0,0,0,0,0,0,0,0,0,0,0,0,0,0,3
"2023",1,1,3,1,50,15,2,1,2,2,2,0,0,0,0,0,0,3,2,1,2,2,2,2,2,2,0,0,0,0,0,0,0
"2023",1,2,3,1,32,30,1,2,2,2,2,3,2,2,1,1,1,0,0,0,0,0,0,0,0,0,0,0,0,0,0,0,0
"2023",1,1,4,1,31,45,1,1,2,1,1,4,2,2,1,2,2,4,2,1,2,2,2,2,2,2,0,0,0,0,0,0,4
"2023",1,1,7,8,83,60,2,2,1,2,2,0,0,0,0,0,0,0,0,0,0,0,0,0,0,0,3,1,1,1,1,1,0
"2023",1,1,7,1,55,60,1,1,2,2,2,4,2,2,2,2,1,1,2,1,2,2,2,2,2,2,0,0,0,0,0,0,0
"2023",1,1,7,1,31,60,1,2,1,2,1,1,2,1,2,1,2,0,0,0,0,0,0,0,0,0,3,2,1,1,2,1,4
"2023",1,2,2,1,52,15,1,2,2,2,2,4,2,2,1,2,2,0,0,0,0,0,0,0,0,0,0,0,0,0,0,0,0
"2023",3,2,7,8,62,30,2,2,1,2,2,0,0,0,0,0,0,0,0,0,0,0,0,0,0,0,4,2,2,1,1,1,0
"2023",1,2,7,1,32,30,1,2,1,2,1,4,2,2,2,1,2,0,0,0,0,0,0,0,0,0,4,1,1,1,2,1,1
"2023",4,1,6,1,23,0,2,2,2,2,2,0,0,0,0,0,0,0,0,0,0,0,0,0,0,0,0,0,0,0,0,0,0
"2023",1,1,4,1,45,25,1,1,1,2,1,4,2,2,2,1,2,4,2,2,2,2,2,2,2,1,3,1,2,2,2,1,4
"2023",4,1,3,8,62,0,2,2,2,2,2,0,0,0,0,0,0,0,0,0,0,0,0,0,0,0,0,0,0,0,0,0,0
"2023",4,2,3,1,26,0,2,2,2,2,2,0,0,0,0,0,0,0,0,0,0,0,0,0,0,0,0,0,0,0,0,0,0
"2023",1,2,6,7,50,30,1,2,2,2,2,4,2,2,1,2,2,0,0,0,0,0,0,0,0,0,0,0,0,0,0,0,0
"2023",3,2,3,7,38,60,2,2,2,2,1,0,0,0,0,0,0,0,0,0,0,0,0,0,0,0,0,0,0,0,0,0,2
"2023",4,2,3,7,41,0,2,2,2,2,2,0,0,0,0,0,0,0,0,0,0,0,0,0,0,0,0,0,0,0,0,0,0
"2023",1,2,6,7,43,20,1,1,1,2,2,4,2,2,2,1,2,4,2,2,2,2,2,2,2,1,3,1,1,1,1,1,0
"2023",1,2,2,1,22,30,1,2,2,2,2,5,2,2,1,1,2,0,0,0,0,0,0,0,0,0,0,0,0,0,0,0,0
"2023",3,2,2,1,40,20,2,2,2,2,1,0,0,0,0,0,0,0,0,0,0,0,0,0,0,0,0,0,0,0,0,0,4
"2023",1,1,4,4,31,120,2,2,2,2,1,0,0,0,0,0,0,0,0,0,0,0,0,0,0,0,0,0,0,0,0,0,2
"2023",1,2,9,1,43,60,1,1,1,1,1,1,2,2,2,2,1,4,2,2,2,2,2,1,2,2,3,1,1,1,1,1,4
"2023",1,2,2,7,70,10,1,2,2,2,2,5,2,2,1,1,2,0,0,0,0,0,0,0,0,0,0,0,0,0,0,0,0
"2023",4,2,3,7,52,0,2,2,2,2,2,0,0,0,0,0,0,0,0,0,0,0,0,0,0,0,0,0,0,0,0,0,0
"2023",1,1,2,8,88,10,1,2,2,2,2,5,2,2,1,2,2,0,0,0,0,0,0,0,0,0,0,0,0,0,0,0,0
"2023",1,1,2,1,30,30,1,1,2,2,1,4,2,2,1,2,2,4,2,2,2,2,1,2,2,2,0,0,0,0,0,0,4
"2023",1,1,4,1,20,10,2,1,2,2,1,0,0,0,0,0,0,1,2,2,2,2,2,1,2,2,0,0,0,0,0,0,3
"2023",3,2,3,7,35,15,2,2,2,2,1,0,0,0,0,0,0,0,0,0,0,0,0,0,0,0,0,0,0,0,0,0,3
"2023",3,1,4,1,39,60,2,2,2,2,1,0,0,0,0,0,0,0,0,0,0,0,0,0,0,0,0,0,0,0,0,0,1
"2023",1,2,3,7,42,15,2,1,1,1,2,0,0,0,0,0,0,2,2,2,1,2,2,2,2,2,2,2,1,1,1,1,0
"2023",3,2,2,7,20,30,2,2,2,1,1,0,0,0,0,0,0,0,0,0,0,0,0,0,0,0,0,0,0,0,0,0,4
"2023",1,1,7,8,62,45,1,1,1,2,2,4,2,2,2,1,2,4,2,2,2,2,2,2,2,1,4,1,1,2,2,2,0
"2023",1,2,2,1,48,30,1,2,2,2,2,2,2,2,1,2,2,0,0,0,0,0,0,0,0,0,0,0,0,0,0,0,0
"2023",1,2,2,1,65,60,2,1,1,2,2,0,0,0,0,0,0,4,2,2,1,2,2,2,2,2,4,1,1,1,1,1,0
"2023",1,1,7,1,56,40,1,1,1,2,1,1,1,2,2,2,1,1,2,1,2,1,2,2,2,2,4,1,1,1,2,2,3
"2023",4,2,6,1,63,0,2,2,2,2,2,0,0,0,0,0,0,0,0,0,0,0,0,0,0,0,0,0,0,0,0,0,0
"2023",1,1,2,1,51,30,1,2,2,2,1,5,2,2,1,2,2,0,0,0,0,0,0,0,0,0,0,0,0,0,0,0,5
"2023",1,2,7,1,38,30,1,2,2,2,2,4,2,2,2,1,2,0,0,0,0,0,0,0,0,0,0,0,0,0,0,0,0
"2023",3,1,7,1,30,10,2,2,2,2,1,0,0,0,0,0,0,0,0,0,0,0,0,0,0,0,0,0,0,0,0,0,3
"2023",1,1,7,1,65,300,2,1,2,2,1,0,0,0,0,0,0,3,2,2,2,2,2,2,1,2,0,0,0,0,0,0,4
"2023",1,2,7,1,43,5,1,1,2,2,1,3,2,2,2,1,2,4,2,2,2,2,2,2,1,2,0,0,0,0,0,0,3
"2023",1,1,7,1,60,45,1,1,1,2,1,3,2,1,1,2,1,1,2,2,2,2,1,1,2,2,3,1,2,2,2,2,1
"2023",4,2,7,1,41,0,2,2,2,2,2,0,0,0,0,0,0,0,0,0,0,0,0,0,0,0,0,0,0,0,0,0,0
"2023",1,2,6,7,71,45,1,2,2,2,2,4,2,1,2,1,2,0,0,0,0,0,0,0,0,0,0,0,0,0,0,0,0
"2023",1,2,7,7,28,15,2,1,2,2,2,0,0,0,0,0,0,4,2,2,2,2,2,2,2,1,0,0,0,0,0,0,0
"2023",1,2,2,7,46,20,2,1,2,2,1,0,0,0,0,0,0,4,2,2,2,2,2,2,2,1,0,0,0,0,0,0,3
"2023",4,1,2,1,22,0,2,2,2,2,2,0,0,0,0,0,0,0,0,0,0,0,0,0,0,0,0,0,0,0,0,0,0
"2023",1,2,2,7,57,30,1,2,2,2,2,5,2,2,1,2,2,0,0,0,0,0,0,0,0,0,0,0,0,0,0,0,0
"2023",3,1,2,8,74,20,1,1,2,2,2,5,2,1,1,2,2,5,2,2,2,2,1,2,2,2,0,0,0,0,0,0,0
"2023",4,2,3,1,30,0,2,2,2,2,2,0,0,0,0,0,0,0,0,0,0,0,0,0,0,0,0,0,0,0,0,0,0
"2023",1,2,3,7,50,60,1,1,2,2,1,4,2,2,1,2,2,4,2,2,2,2,2,2,1,2,0,0,0,0,0,0,4
"2023",1,2,7,6,19,30,1,1,2,1,1,4,2,2,2,1,1,2,2,2,2,2,2,1,2,2,0,0,0,0,0,0,4
"2023",1,2,0,7,75,30,1,2,2,2,2,5,2,2,1,2,2,0,0,0,0,0,0,0,0,0,0,0,0,0,0,0,0
"2023",0,1,0,9,76,0,0,0,0,0,0,0,0,0,0,0,0,0,0,0,0,0,0,0,0,0,0,0,0,0,0,0,0
"2023",1,2,2,8,71,30,2,1,2,2,2,0,0,0,0,0,0,3,2,2,1,2,2,2,1,2,0,0,0,0,0,0,0
"2023",1,1,3,1,30,20,1,2,1,2,1,5,2,2,1,2,2,0,0,0,0,0,0,0,0,0,3,1,1,2,2,1,3
"2023",1,2,7,1,67,20,1,2,2,2,2,1,2,1,2,2,2,0,0,0,0,0,0,0,0,0,0,0,0,0,0,0,0
"2023",1,1,3,1,55,30,2,1,1,2,2,0,0,0,0,0,0,5,2,2,2,2,1,2,2,2,3,1,2,1,1,1,0
"2023",4,1,7,8,67,0,2,2,2,2,2,0,0,0,0,0,0,0,0,0,0,0,0,0,0,0,0,0,0,0,0,0,0
"2023",4,1,4,8,67,0,2,2,2,2,2,0,0,0,0,0,0,0,0,0,0,0,0,0,0,0,0,0,0,0,0,0,0
"2023",4,2,2,4,31,0,2,2,2,2,2,0,0,0,0,0,0,0,0,0,0,0,0,0,0,0,0,0,0,0,0,0,0
"2023",0,2,0,2,65,0,0,0,0,0,0,0,0,0,0,0,0,0,0,0,0,0,0,0,0,0,0,0,0,0,0,0,0
"2023",4,2,2,7,78,0,2,2,2,2,2,0,0,0,0,0,0,0,0,0,0,0,0,0,0,0,0,0,0,0,0,0,0
"2023",4,1,3,1,35,0,2,2,2,2,2,0,0,0,0,0,0,0,0,0,0,0,0,0,0,0,0,0,0,0,0,0,0
"2023",1,1,4,1,18,120,2,2,2,2,1,0,0,0,0,0,0,0,0,0,0,0,0,0,0,0,0,0,0,0,0,0,4
"2023",1,2,7,4,41,60,1,2,2,2,1,4,2,2,2,1,2,0,0,0,0,0,0,0,0,0,0,0,0,0,0,0,4
"2023",4,2,4,7,53,0,2,2,2,2,2,0,0,0,0,0,0,0,0,0,0,0,0,0,0,0,0,0,0,0,0,0,0
"2023",0,2,2,8,74,0,0,0,0,0,0,0,0,0,0,0,0,0,0,0,0,0,0,0,0,0,0,0,0,0,0,0,0
"2023",1,2,7,1,37,90,1,1,2,2,1,1,2,1,2,2,2,3,2,2,2,1,2,1,2,2,0,0,0,0,0,0,4
"2023",1,2,7,1,36,120,1,1,2,2,1,1,1,1,2,2,2,4,2,2,2,1,2,1,2,2,0,0,0,0,0,0,1
"2023",4,2,4,1,29,0,2,2,2,2,2,0,0,0,0,0,0,0,0,0,0,0,0,0,0,0,0,0,0,0,0,0,0
"2023",4,2,7,5,37,0,2,2,2,2,2,0,0,0,0,0,0,0,0,0,0,0,0,0,0,0,0,0,0,0,0,0,0
"2023",4,1,4,5,54,0,2,2,2,2,2,0,0,0,0,0,0,0,0,0,0,0,0,0,0,0,0,0,0,0,0,0,0
"2023",4,1,4,5,20,0,2,2,2,2,2,0,0,0,0,0,0,0,0,0,0,0,0,0,0,0,0,0,0,0,0,0,0
"2023",4,2,7,7,20,0,2,2,2,2,2,0,0,0,0,0,0,0,0,0,0,0,0,0,0,0,0,0,0,0,0,0,0
"2023",4,2,2,1,76,0,2,2,2,2,2,0,0,0,0,0,0,0,0,0,0,0,0,0,0,0,0,0,0,0,0,0,0
"2023",1,2,7,4,40,90,2,2,2,2,1,0,0,0,0,0,0,0,0,0,0,0,0,0,0,0,0,0,0,0,0,0,4
"2023",4,2,7,1,45,0,2,2,2,2,2,0,0,0,0,0,0,0,0,0,0,0,0,0,0,0,0,0,0,0,0,0,0
"2023",1,2,3,5,35,40,1,2,2,2,1,4,2,2,2,1,2,0,0,0,0,0,0,0,0,0,0,0,0,0,0,0,3
"2023",4,1,2,1,43,0,2,2,2,2,2,0,0,0,0,0,0,0,0,0,0,0,0,0,0,0,0,0,0,0,0,0,0
"2023",0,2,3,1,43,0,0,0,0,0,0,0,0,0,0,0,0,0,0,0,0,0,0,0,0,0,0,0,0,0,0,0,0
"2023",3,1,7,1,27,60,2,2,2,2,1,0,0,0,0,0,0,0,0,0,0,0,0,0,0,0,0,0,0,0,0,0,4
"2023",1,2,7,1,37,60,1,2,2,1,1,1,2,1,2,2,2,0,0,0,0,0,0,0,0,0,0,0,0,0,0,0,4
"2023",1,2,7,1,62,90,1,2,2,2,1,1,1,1,2,2,2,0,0,0,0,0,0,0,0,0,0,0,0,0,0,0,3
"2023",4,2,2,4,49,0,2,2,2,2,2,0,0,0,0,0,0,0,0,0,0,0,0,0,0,0,0,0,0,0,0,0,0
"2023",4,1,2,8,65,0,2,2,2,2,2,0,0,0,0,0,0,0,0,0,0,0,0,0,0,0,0,0,0,0,0,0,0
"2023",4,1,2,1,45,0,2,2,2,2,2,0,0,0,0,0,0,0,0,0,0,0,0,0,0,0,0,0,0,0,0,0,0
"2023",1,2,7,7,27,30,2,1,2,2,1,0,0,0,0,0,0,4,2,2,2,1,2,2,2,1,0,0,0,0,0,0,3
"2023",4,2,4,8,69,0,2,2,2,2,2,0,0,0,0,0,0,0,0,0,0,0,0,0,0,0,0,0,0,0,0,0,0
"2023",4,2,7,8,60,0,2,2,2,2,2,0,0,0,0,0,0,0,0,0,0,0,0,0,0,0,0,0,0,0,0,0,0
"2023",1,2,7,7,52,120,1,2,2,2,2,4,2,2,2,1,1,0,0,0,0,0,0,0,0,0,0,0,0,0,0,0,0
"2023",1,1,9,8,68,60,1,2,1,2,1,4,2,2,2,1,1,0,0,0,0,0,0,0,0,0,3,1,1,1,1,1,4
"2023",4,1,4,1,40,0,2,2,2,2,2,0,0,0,0,0,0,0,0,0,0,0,0,0,0,0,0,0,0,0,0,0,0
"2023",3,2,7,4,20,40,1,2,2,2,2,2,2,1,2,2,2,0,0,0,0,0,0,0,0,0,0,0,0,0,0,0,0
"2023",4,2,3,1,59,0,2,2,2,2,2,0,0,0,0,0,0,0,0,0,0,0,0,0,0,0,0,0,0,0,0,0,0
"2023",4,2,3,1,43,0,2,2,2,2,2,0,0,0,0,0,0,0,0,0,0,0,0,0,0,0,0,0,0,0,0,0,0
"2023",3,2,4,1,27,60,2,2,2,2,1,0,0,0,0,0,0,0,0,0,0,0,0,0,0,0,0,0,0,0,0,0,4
"2023",0,2,3,1,57,0,0,0,0,0,0,0,0,0,0,0,0,0,0,0,0,0,0,0,0,0,0,0,0,0,0,0,0
"2023",4,1,2,1,65,0,2,2,2,2,2,0,0,0,0,0,0,0,0,0,0,0,0,0,0,0,0,0,0,0,0,0,0
"2023",1,2,4,7,51,40,2,1,2,2,2,0,0,0,0,0,0,4,2,2,1,2,2,2,2,1,0,0,0,0,0,0,0
"2023",0,1,2,8,87,0,0,0,0,0,0,0,0,0,0,0,0,0,0,0,0,0,0,0,0,0,0,0,0,0,0,0,0
"2023",4,2,3,7,63,0,2,2,2,2,2,0,0,0,0,0,0,0,0,0,0,0,0,0,0,0,0,0,0,0,0,0,0
"2023",1,1,7,8,59,30,1,2,2,2,2,4,2,2,2,1,2,0,0,0,0,0,0,0,0,0,0,0,0,0,0,0,0
"2023",3,1,7,6,24,15,2,2,2,2,1,0,0,0,0,0,0,0,0,0,0,0,0,0,0,0,0,0,0,0,0,0,4
"2023",3,1,4,1,45,5,2,2,2,2,1,0,0,0,0,0,0,0,0,0,0,0,0,0,0,0,0,0,0,0,0,0,4
"2023",1,2,2,1,40,30,1,2,2,2,1,4,1,2,1,2,1,0,0,0,0,0,0,0,0,0,0,0,0,0,0,0,3
"2023",1,2,7,1,38,20,1,2,2,2,1,4,2,2,1,1,2,0,0,0,0,0,0,0,0,0,0,0,0,0,0,0,3
"2023",1,1,4,2,20,120,1,2,1,2,1,3,2,1,1,1,2,0,0,0,0,0,0,0,0,0,3,1,1,1,2,2,3
"2023",4,1,6,1,53,0,2,2,2,2,2,0,0,0,0,0,0,0,0,0,0,0,0,0,0,0,0,0,0,0,0,0,0
"2023",1,1,7,1,37,30,1,1,2,2,1,1,2,1,2,2,2,1,2,2,2,2,2,1,2,2,0,0,0,0,0,0,4
"2023",1,1,2,1,81,120,1,2,2,2,2,5,2,2,1,2,2,0,0,0,0,0,0,0,0,0,0,0,0,0,0,0,0
"2023",1,1,2,1,42,30,1,2,2,2,2,1,1,2,2,2,2,0,0,0,0,0,0,0,0,0,0,0,0,0,0,0,0
"2023",3,2,7,1,29,30,1,2,2,2,1,3,1,2,2,2,2,0,0,0,0,0,0,0,0,0,0,0,0,0,0,0,4
"2023",1,1,2,10,80,20,1,2,2,2,2,4,2,2,1,2,2,0,0,0,0,0,0,0,0,0,0,0,0,0,0,0,0
"2023",1,2,4,1,20,30,1,2,2,2,2,3,2,2,2,1,2,0,0,0,0,0,0,0,0,0,0,0,0,0,0,0,0
"2023",4,2,4,1,29,0,2,2,2,2,2,0,0,0,0,0,0,0,0,0,0,0,0,0,0,0,0,0,0,0,0,0,0
"2023",1,2,8,1,46,60,1,2,2,2,2,1,2,1,2,2,2,0,0,0,0,0,0,0,0,0,0,0,0,0,0,0,0
"2023",1,2,4,1,29,30,2,1,2,1,1,0,0,0,0,0,0,3,1,2,1,1,2,2,2,2,0,0,0,0,0,0,1
"2023",1,1,4,1,52,30,1,2,2,2,2,5,2,2,1,2,2,0,0,0,0,0,0,0,0,0,0,0,0,0,0,0,0
"2023",4,1,2,9,73,0,2,2,2,2,2,0,0,0,0,0,0,0,0,0,0,0,0,0,0,0,0,0,0,0,0,0,0
"2023",1,2,2,1,68,15,1,1,2,2,1,5,2,2,1,2,2,5,2,2,2,2,1,2,2,2,0,0,0,0,0,0,5
"2023",4,1,3,1,52,0,2,2,2,2,2,0,0,0,0,0,0,0,0,0,0,0,0,0,0,0,0,0,0,0,0,0,0
"2023",1,1,0,1,77,180,1,2,2,2,2,4,2,2,1,2,2,0,0,0,0,0,0,0,0,0,0,0,0,0,0,0,0
"2023",1,1,7,4,51,20,1,1,2,2,1,1,1,1,2,2,2,3,2,2,2,2,2,2,1,2,0,0,0,0,0,0,3
"2023",3,1,2,1,60,5,2,2,1,2,2,0,0,0,0,0,0,0,0,0,0,0,0,0,0,0,4,2,2,2,2,1,0
"2023",1,1,4,1,32,30,1,1,2,2,1,1,1,2,2,2,2,4,2,1,2,2,2,2,2,2,0,0,0,0,0,0,1
"2023",3,1,4,1,24,15,2,2,2,2,1,0,0,0,0,0,0,0,0,0,0,0,0,0,0,0,0,0,0,0,0,0,4
"2023",2,2,2,1,78,0,2,2,2,2,2,0,0,0,0,0,0,0,0,0,0,0,0,0,0,0,0,0,0,0,0,0,0
"2023",4,1,2,10,83,0,2,2,2,2,2,0,0,0,0,0,0,0,0,0,0,0,0,0,0,0,0,0,0,0,0,0,0
"2023",1,2,4,1,30,30,1,2,2,2,1,3,2,1,1,2,2,0,0,0,0,0,0,0,0,0,0,0,0,0,0,0,3
"2023",1,2,5,8,64,30,1,2,2,2,2,5,2,2,1,2,2,0,0,0,0,0,0,0,0,0,0,0,0,0,0,0,0
"2023",1,1,7,1,33,60,1,1,2,2,1,3,2,1,2,1,1,3,2,2,2,1,2,2,2,2,0,0,0,0,0,0,3
"2023",4,2,7,7,37,0,2,2,2,2,2,0,0,0,0,0,0,0,0,0,0,0,0,0,0,0,0,0,0,0,0,0,0
"2023",3,2,6,1,61,10,1,2,2,2,2,5,2,2,1,2,2,0,0,0,0,0,0,0,0,0,0,0,0,0,0,0,0
"2023",1,1,7,1,26,60,1,1,2,1,1,3,1,1,2,2,2,4,2,2,2,2,2,1,1,2,0,0,0,0,0,0,3
"2023",1,1,4,1,57,20,1,2,2,2,2,4,1,2,1,2,1,0,0,0,0,0,0,0,0,0,0,0,0,0,0,0,0
"2023",0,2,0,1,65,0,0,0,0,0,0,0,0,0,0,0,0,0,0,0,0,0,0,0,0,0,0,0,0,0,0,0,0
"2023",1,2,9,1,57,60,1,1,2,2,1,1,2,1,2,1,1,4,2,2,2,2,2,2,2,1,0,0,0,0,0,0,1
"2023",3,1,3,1,64,30,1,1,2,2,2,5,2,2,1,2,2,5,2,2,2,2,1,2,2,2,0,0,0,0,0,0,0
"2023",4,1,3,1,35,0,2,2,2,2,2,0,0,0,0,0,0,0,0,0,0,0,0,0,0,0,0,0,0,0,0,0,0
"2023",1,1,4,1,29,15,2,1,1,2,2,0,0,0,0,0,0,4,2,2,2,2,2,2,2,1,4,2,1,2,2,1,0
"2023",1,2,4,6,21,30,1,1,2,2,1,2,2,1,2,2,2,4,2,2,2,2,2,2,2,1,0,0,0,0,0,0,2
"2023",4,1,4,1,33,0,2,2,2,2,2,0,0,0,0,0,0,0,0,0,0,0,0,0,0,0,0,0,0,0,0,0,0
"2023",1,1,7,1,38,30,1,2,2,2,1,3,2,2,2,1,2,0,0,0,0,0,0,0,0,0,0,0,0,0,0,0,3
"2023",1,2,6,7,47,20,1,2,2,2,2,4,1,1,1,2,2,0,0,0,0,0,0,0,0,0,0,0,0,0,0,0,0
"2023",1,1,2,1,51,20,1,1,2,2,2,1,1,2,2,2,2,1,1,2,2,2,2,2,2,2,0,0,0,0,0,0,0
"2023",1,2,4,1,48,20,1,2,2,2,1,1,2,2,1,1,2,0,0,0,0,0,0,0,0,0,0,0,0,0,0,0,1
"2023",4,2,2,7,66,0,2,2,2,2,2,0,0,0,0,0,0,0,0,0,0,0,0,0,0,0,0,0,0,0,0,0,0
"2023",1,2,0,1,45,20,1,2,2,2,2,5,2,2,1,2,2,0,0,0,0,0,0,0,0,0,0,0,0,0,0,0,0
"2023",4,2,5,8,79,0,2,2,2,2,2,0,0,0,0,0,0,0,0,0,0,0,0,0,0,0,0,0,0,0,0,0,0
"2023",4,2,3,1,50,0,2,2,2,2,2,0,0,0,0,0,0,0,0,0,0,0,0,0,0,0,0,0,0,0,0,0,0
"2023",4,1,6,1,40,0,2,2,2,2,2,0,0,0,0,0,0,0,0,0,0,0,0,0,0,0,0,0,0,0,0,0,0
"2023",4,1,7,1,33,0,2,2,2,2,2,0,0,0,0,0,0,0,0,0,0,0,0,0,0,0,0,0,0,0,0,0,0
"2023",4,2,3,1,54,0,2,2,2,2,2,0,0,0,0,0,0,0,0,0,0,0,0,0,0,0,0,0,0,0,0,0,0
"2023",4,1,6,1,18,0,2,2,2,2,2,0,0,0,0,0,0,0,0,0,0,0,0,0,0,0,0,0,0,0,0,0,0
"2023",4,1,7,6,20,0,2,2,2,2,2,0,0,0,0,0,0,0,0,0,0,0,0,0,0,0,0,0,0,0,0,0,0
"2023",1,2,7,7,31,60,1,2,2,2,2,4,2,2,1,2,2,0,0,0,0,0,0,0,0,0,0,0,0,0,0,0,0
"2023",2,2,3,3,26,0,2,2,2,2,2,0,0,0,0,0,0,0,0,0,0,0,0,0,0,0,0,0,0,0,0,0,0
"2023",1,2,7,1,42,30,1,2,2,2,2,4,2,2,1,2,2,0,0,0,0,0,0,0,0,0,0,0,0,0,0,0,0
"2023",1,2,8,1,42,20,1,1,1,1,2,4,2,2,2,1,2,4,2,1,2,2,2,2,2,2,4,1,1,1,1,1,0
"2023",4,1,4,1,35,0,2,2,2,2,2,0,0,0,0,0,0,0,0,0,0,0,0,0,0,0,0,0,0,0,0,0,0
"2023",4,2,2,7,84,0,2,2,2,2,2,0,0,0,0,0,0,0,0,0,0,0,0,0,0,0,0,0,0,0,0,0,0
"2023",1,2,3,7,70,30,1,2,1,2,2,4,2,2,1,2,2,0,0,0,0,0,0,0,0,0,4,1,1,1,1,1,0
"2023",4,1,2,8,68,0,2,2,2,2,2,0,0,0,0,0,0,0,0,0,0,0,0,0,0,0,0,0,0,0,0,0,0
"2023",4,2,7,1,46,0,2,2,2,2,2,0,0,0,0,0,0,0,0,0,0,0,0,0,0,0,0,0,0,0,0,0,0
"2023",4,1,7,1,25,0,2,2,2,2,2,0,0,0,0,0,0,0,0,0,0,0,0,0,0,0,0,0,0,0,0,0,0
"2023",1,1,7,6,23,42,1,2,2,2,2,2,2,1,2,2,2,0,0,0,0,0,0,0,0,0,0,0,0,0,0,0,0
"2023",1,1,7,6,20,60,1,2,2,1,1,4,2,2,2,1,2,0,0,0,0,0,0,0,0,0,0,0,0,0,0,0,4
"2023",4,1,7,8,57,0,2,2,2,2,2,0,0,0,0,0,0,0,0,0,0,0,0,0,0,0,0,0,0,0,0,0,0
"2023",1,2,4,7,32,20,2,2,2,1,1,0,0,0,0,0,0,0,0,0,0,0,0,0,0,0,0,0,0,0,0,0,4
"2023",4,2,2,8,75,0,2,2,2,2,2,0,0,0,0,0,0,0,0,0,0,0,0,0,0,0,0,0,0,0,0,0,0
"2023",4,1,7,1,49,0,2,2,2,2,2,0,0,0,0,0,0,0,0,0,0,0,0,0,0,0,0,0,0,0,0,0,0
"2023",1,1,7,1,52,20,1,1,1,2,2,3,2,1,2,2,2,3,2,1,2,2,2,2,2,2,3,1,1,1,2,2,0
"2023",1,2,7,6,19,60,1,2,2,2,1,2,2,1,2,2,2,0,0,0,0,0,0,0,0,0,0,0,0,0,0,0,4
"2023",4,2,7,1,47,0,2,2,2,2,2,0,0,0,0,0,0,0,0,0,0,0,0,0,0,0,0,0,0,0,0,0,0
"2023",4,2,3,8,64,0,2,2,2,2,2,0,0,0,0,0,0,0,0,0,0,0,0,0,0,0,0,0,0,0,0,0,0
"2023",4,1,3,1,50,0,2,2,2,2,2,0,0,0,0,0,0,0,0,0,0,0,0,0,0,0,0,0,0,0,0,0,0
"2023",1,2,4,1,19,30,1,2,2,1,2,4,2,2,2,1,2,0,0,0,0,0,0,0,0,0,0,0,0,0,0,0,0
"2023",1,1,9,1,45,120,1,2,1,2,1,4,2,2,2,1,2,0,0,0,0,0,0,0,0,0,1,1,2,2,2,2,1
"2023",1,2,7,1,60,30,1,2,2,2,2,4,2,2,2,1,2,0,0,0,0,0,0,0,0,0,0,0,0,0,0,0,0
"2023",1,2,8,1,76,30,1,2,2,2,2,4,2,2,1,2,2,0,0,0,0,0,0,0,0,0,0,0,0,0,0,0,0
"2023",1,1,7,1,56,40,1,2,2,2,2,4,2,2,2,1,2,0,0,0,0,0,0,0,0,0,0,0,0,0,0,0,0
"2023",4,1,3,1,31,0,2,2,2,2,2,0,0,0,0,0,0,0,0,0,0,0,0,0,0,0,0,0,0,0,0,0,0
"2023",1,1,7,1,23,20,2,1,2,1,1,0,0,0,0,0,0,4,2,2,2,1,2,2,2,2,0,0,0,0,0,0,2
"2023",1,2,3,1,61,20,1,2,2,2,2,4,2,2,1,2,2,0,0,0,0,0,0,0,0,0,0,0,0,0,0,0,0
"2023",1,2,7,7,30,20,2,2,1,2,2,0,0,0,0,0,0,0,0,0,0,0,0,0,0,0,4,2,1,1,1,1,0
"2023",4,2,4,1,41,0,2,2,2,2,2,0,0,0,0,0,0,0,0,0,0,0,0,0,0,0,0,0,0,0,0,0,0
"2023",1,1,3,1,66,60,1,2,2,2,2,4,2,1,2,2,2,0,0,0,0,0,0,0,0,0,0,0,0,0,0,0,0
"2023",1,2,2,7,54,20,1,2,2,2,2,4,2,2,1,2,2,0,0,0,0,0,0,0,0,0,0,0,0,0,0,0,0
"2023",4,2,7,1,63,0,2,2,2,2,2,0,0,0,0,0,0,0,0,0,0,0,0,0,0,0,0,0,0,0,0,0,0
"2023",4,2,3,7,69,0,2,2,2,2,2,0,0,0,0,0,0,0,0,0,0,0,0,0,0,0,0,0,0,0,0,0,0
"2023",4,1,3,1,40,0,2,2,2,2,2,0,0,0,0,0,0,0,0,0,0,0,0,0,0,0,0,0,0,0,0,0,0
"2023",1,1,4,8,64,120,1,2,2,2,1,2,2,1,2,2,2,0,0,0,0,0,0,0,0,0,0,0,0,0,0,0,2
"2023",4,2,2,7,50,0,2,2,2,2,2,0,0,0,0,0,0,0,0,0,0,0,0,0,0,0,0,0,0,0,0,0,0
"2023",1,1,3,1,53,30,2,1,1,2,2,0,0,0,0,0,0,4,2,2,2,2,2,2,1,1,4,1,1,1,1,1,0
"2023",1,2,7,7,43,35,2,1,2,2,2,0,0,0,0,0,0,4,2,2,1,2,2,1,1,1,0,0,0,0,0,0,0
"2023",1,1,3,8,73,30,2,2,1,2,2,0,0,0,0,0,0,0,0,0,0,0,0,0,0,0,4,1,1,1,1,1,0
"2023",4,1,7,1,41,0,2,2,2,2,2,0,0,0,0,0,0,0,0,0,0,0,0,0,0,0,0,0,0,0,0,0,0
"2023",2,1,7,1,52,0,2,2,2,2,2,0,0,0,0,0,0,0,0,0,0,0,0,0,0,0,0,0,0,0,0,0,0
"2023",1,1,7,1,32,60,1,2,2,2,2,2,2,2,2,1,1,0,0,0,0,0,0,0,0,0,0,0,0,0,0,0,0
"2023",2,1,7,1,34,0,2,2,2,2,2,0,0,0,0,0,0,0,0,0,0,0,0,0,0,0,0,0,0,0,0,0,0
"2023",4,1,7,1,40,0,2,2,2,2,2,0,0,0,0,0,0,0,0,0,0,0,0,0,0,0,0,0,0,0,0,0,0
"2023",4,2,3,7,59,0,2,2,2,2,2,0,0,0,0,0,0,0,0,0,0,0,0,0,0,0,0,0,0,0,0,0,0
"2023",4,2,4,7,63,0,2,2,2,2,2,0,0,0,0,0,0,0,0,0,0,0,0,0,0,0,0,0,0,0,0,0,0
"2023",3,1,3,1,33,20,2,2,1,2,2,0,0,0,0,0,0,0,0,0,0,0,0,0,0,0,4,1,1,1,1,1,0
"2023",4,2,7,1,49,0,2,2,2,2,2,0,0,0,0,0,0,0,0,0,0,0,0,0,0,0,0,0,0,0,0,0,0
"2023",1,1,4,1,43,25,1,2,1,2,2,3,2,2,2,1,1,0,0,0,0,0,0,0,0,0,3,1,1,1,1,1,0
"2023",3,1,4,1,31,20,2,2,1,2,2,0,0,0,0,0,0,0,0,0,0,0,0,0,0,0,4,1,1,1,1,1,0
"2023",1,2,7,1,31,60,1,2,1,2,2,3,2,2,2,1,1,0,0,0,0,0,0,0,0,0,3,1,2,1,1,1,0
"2023",4,2,7,7,61,0,2,2,2,2,2,0,0,0,0,0,0,0,0,0,0,0,0,0,0,0,0,0,0,0,0,0,0
"2023",4,1,7,1,49,0,2,2,2,2,2,0,0,0,0,0,0,0,0,0,0,0,0,0,0,0,0,0,0,0,0,0,0
"2023",3,1,8,1,41,30,2,2,2,2,1,0,0,0,0,0,0,0,0,0,0,0,0,0,0,0,0,0,0,0,0,0,4
"2023",1,2,7,7,37,15,2,2,2,2,1,0,0,0,0,0,0,0,0,0,0,0,0,0,0,0,0,0,0,0,0,0,4
"2023",1,2,4,7,37,30,2,1,2,2,1,0,0,0,0,0,0,4,2,2,2,2,2,2,2,1,0,0,0,0,0,0,4
"2023",3,2,4,7,32,30,2,2,2,2,1,0,0,0,0,0,0,0,0,0,0,0,0,0,0,0,0,0,0,0,0,0,3
"2023",4,2,2,7,74,0,2,2,2,2,2,0,0,0,0,0,0,0,0,0,0,0,0,0,0,0,0,0,0,0,0,0,0
"2023",1,1,4,6,20,60,1,2,2,2,1,2,2,1,2,2,2,0,0,0,0,0,0,0,0,0,0,0,0,0,0,0,2
"2023",3,2,4,7,45,20,2,2,2,2,1,0,0,0,0,0,0,0,0,0,0,0,0,0,0,0,0,0,0,0,0,0,4
"2023",4,2,3,7,47,0,2,2,2,2,2,0,0,0,0,0,0,0,0,0,0,0,0,0,0,0,0,0,0,0,0,0,0
"2023",4,2,7,1,27,0,2,2,2,2,2,0,0,0,0,0,0,0,0,0,0,0,0,0,0,0,0,0,0,0,0,0,0
"2023",1,2,7,1,54,35,1,2,1,2,1,4,2,2,2,1,1,0,0,0,0,0,0,0,0,0,3,1,2,2,2,1,3
"2023",1,2,8,1,47,120,2,2,1,2,1,0,0,0,0,0,0,0,0,0,0,0,0,0,0,0,3,1,2,1,1,1,3
"2023",4,2,7,7,43,0,2,2,2,2,2,0,0,0,0,0,0,0,0,0,0,0,0,0,0,0,0,0,0,0,0,0,0
"2023",4,2,2,7,76,0,2,2,2,2,2,0,0,0,0,0,0,0,0,0,0,0,0,0,0,0,0,0,0,0,0,0,0
"2023",3,1,4,1,35,30,2,1,1,2,2,0,0,0,0,0,0,3,2,1,2,2,2,2,2,2,3,1,1,1,2,2,0
"2023",4,2,2,1,77,0,2,2,2,2,2,0,0,0,0,0,0,0,0,0,0,0,0,0,0,0,0,0,0,0,0,0,0
"2023",1,1,7,1,40,90,2,1,1,2,1,0,0,0,0,0,0,1,2,1,2,2,2,1,1,2,3,1,1,1,1,1,3
"2023",1,1,7,1,44,120,1,2,1,2,1,1,2,1,2,2,2,0,0,0,0,0,0,0,0,0,1,1,2,2,2,2,3
"2023",1,1,7,1,53,30,1,2,2,2,2,4,2,2,2,1,2,0,0,0,0,0,0,0,0,0,0,0,0,0,0,0,0
"2023",4,1,4,1,45,0,2,2,2,2,2,0,0,0,0,0,0,0,0,0,0,0,0,0,0,0,0,0,0,0,0,0,0
"2023",1,2,6,7,64,120,1,1,1,2,1,3,2,2,2,1,2,3,2,2,1,2,2,2,2,2,3,1,2,2,1,2,3
"2023",1,1,4,1,31,15,1,2,1,2,1,4,2,2,2,1,2,0,0,0,0,0,0,0,0,0,3,1,1,1,2,1,3
"2023",4,2,2,1,46,0,2,2,2,2,2,0,0,0,0,0,0,0,0,0,0,0,0,0,0,0,0,0,0,0,0,0,0
"2023",1,2,3,7,69,35,1,2,2,2,2,5,2,2,1,2,2,0,0,0,0,0,0,0,0,0,0,0,0,0,0,0,0
"2023",4,2,2,7,70,0,2,2,2,2,2,0,0,0,0,0,0,0,0,0,0,0,0,0,0,0,0,0,0,0,0,0,0
"2023",4,2,2,7,86,0,2,2,2,2,2,0,0,0,0,0,0,0,0,0,0,0,0,0,0,0,0,0,0,0,0,0,0
"2023",4,2,4,7,60,0,2,2,2,2,2,0,0,0,0,0,0,0,0,0,0,0,0,0,0,0,0,0,0,0,0,0,0
"2023",4,2,2,1,61,0,2,2,2,2,2,0,0,0,0,0,0,0,0,0,0,0,0,0,0,0,0,0,0,0,0,0,0
"2023",4,2,6,1,52,0,2,2,2,2,2,0,0,0,0,0,0,0,0,0,0,0,0,0,0,0,0,0,0,0,0,0,0
"2023",1,1,4,1,37,20,1,2,2,2,1,4,2,2,2,1,2,0,0,0,0,0,0,0,0,0,0,0,0,0,0,0,3
"2023",4,2,7,1,40,0,2,2,2,2,2,0,0,0,0,0,0,0,0,0,0,0,0,0,0,0,0,0,0,0,0,0,0
"2023",1,1,4,6,19,60,1,2,2,2,1,2,1,1,2,2,2,0,0,0,0,0,0,0,0,0,0,0,0,0,0,0,4
"2023",4,2,3,1,49,0,2,2,2,2,2,0,0,0,0,0,0,0,0,0,0,0,0,0,0,0,0,0,0,0,0,0,0
"2023",1,1,6,1,36,20,2,2,1,2,1,0,0,0,0,0,0,0,0,0,0,0,0,0,0,0,3,1,2,2,1,1,3
"2023",1,1,4,1,25,45,2,1,2,2,1,0,0,0,0,0,0,4,2,2,2,2,2,1,1,2,0,0,0,0,0,0,4
"2023",4,1,2,8,91,0,2,2,2,2,2,0,0,0,0,0,0,0,0,0,0,0,0,0,0,0,0,0,0,0,0,0,0
"2023",4,2,4,1,57,0,2,2,2,2,2,0,0,0,0,0,0,0,0,0,0,0,0,0,0,0,0,0,0,0,0,0,0
"2023",1,2,7,1,58,25,1,1,1,1,1,4,2,2,2,2,1,4,1,1,1,1,2,1,1,2,4,1,1,1,2,1,4
"2023",1,1,8,6,32,90,1,1,2,2,1,2,2,1,2,1,1,2,2,2,2,2,2,1,2,2,0,0,0,0,0,0,2
"2023",4,2,2,7,57,0,2,2,2,2,2,0,0,0,0,0,0,0,0,0,0,0,0,0,0,0,0,0,0,0,0,0,0
"2023",1,2,4,7,58,30,1,2,2,2,2,3,2,2,1,2,2,0,0,0,0,0,0,0,0,0,0,0,0,0,0,0,0
"2023",1,2,7,1,34,60,1,1,2,2,1,1,2,1,2,2,2,1,2,2,2,2,2,1,2,2,0,0,0,0,0,0,1
"2023",1,2,4,1,43,60,2,2,2,2,1,0,0,0,0,0,0,0,0,0,0,0,0,0,0,0,0,0,0,0,0,0,4
"2023",1,1,7,1,34,40,2,1,2,2,1,0,0,0,0,0,0,4,1,2,2,2,2,2,2,2,0,0,0,0,0,0,4
"2023",4,2,3,1,59,0,2,2,2,2,2,0,0,0,0,0,0,0,0,0,0,0,0,0,0,0,0,0,0,0,0,0,0
"2023",1,2,4,1,44,60,2,1,2,2,2,0,0,0,0,0,0,3,2,2,2,2,2,1,1,2,0,0,0,0,0,0,0
"2023",1,2,4,7,31,120,1,2,2,2,1,2,2,1,2,1,1,0,0,0,0,0,0,0,0,0,0,0,0,0,0,0,4
"2023",1,1,4,1,34,30,2,1,2,2,1,0,0,0,0,0,0,4,2,2,2,1,2,2,2,2,0,0,0,0,0,0,4
"2023",1,1,7,8,60,30,2,1,1,2,2,0,0,0,0,0,0,3,2,1,2,2,2,2,2,2,3,1,1,1,2,1,0
"2023",2,1,4,1,47,0,2,2,2,2,2,0,0,0,0,0,0,0,0,0,0,0,0,0,0,0,0,0,0,0,0,0,0
"2023",3,2,3,7,37,20,2,2,2,2,1,0,0,0,0,0,0,0,0,0,0,0,0,0,0,0,0,0,0,0,0,0,3
"2023",1,1,6,8,73,90,1,2,1,2,2,3,2,2,2,1,1,0,0,0,0,0,0,0,0,0,3,1,1,1,1,1,0
"2023",4,2,2,8,75,0,2,2,2,2,2,0,0,0,0,0,0,0,0,0,0,0,0,0,0,0,0,0,0,0,0,0,0
"2023",1,2,2,8,68,40,2,1,2,2,2,0,0,0,0,0,0,3,2,2,1,2,2,1,1,1,0,0,0,0,0,0,0
"2023",4,2,2,8,87,0,2,2,2,2,2,0,0,0,0,0,0,0,0,0,0,0,0,0,0,0,0,0,0,0,0,0,0
"2023",1,2,6,1,52,20,2,1,1,2,2,0,0,0,0,0,0,4,2,2,2,2,2,2,2,1,4,2,2,1,1,1,0
"2023",1,1,8,1,47,25,1,2,1,2,2,3,2,2,2,1,2,0,0,0,0,0,0,0,0,0,3,1,1,1,1,1,0
"2023",4,2,7,1,53,0,2,2,2,2,2,0,0,0,0,0,0,0,0,0,0,0,0,0,0,0,0,0,0,0,0,0,0
"2023",3,1,6,1,52,10,2,2,1,2,2,0,0,0,0,0,0,0,0,0,0,0,0,0,0,0,4,1,1,1,1,1,0
"2023",4,2,2,7,78,0,2,2,2,2,2,0,0,0,0,0,0,0,0,0,0,0,0,0,0,0,0,0,0,0,0,0,0
"2023",4,2,7,7,78,0,2,2,2,2,2,0,0,0,0,0,0,0,0,0,0,0,0,0,0,0,0,0,0,0,0,0,0
"2023",1,1,4,1,49,30,2,2,1,2,1,0,0,0,0,0,0,0,0,0,0,0,0,0,0,0,4,1,1,2,2,1,4
"2023",4,2,3,7,61,0,2,2,2,2,2,0,0,0,0,0,0,0,0,0,0,0,0,0,0,0,0,0,0,0,0,0,0
"2023",1,1,8,1,29,30,1,1,2,2,1,4,2,1,2,2,2,3,2,2,2,2,2,1,2,2,0,0,0,0,0,0,3
"2023",3,2,4,7,54,20,2,2,2,2,1,0,0,0,0,0,0,0,0,0,0,0,0,0,0,0,0,0,0,0,0,0,3
"2023",4,2,2,1,48,0,2,2,2,2,2,0,0,0,0,0,0,0,0,0,0,0,0,0,0,0,0,0,0,0,0,0,0
"2023",3,1,4,1,24,30,2,1,2,2,1,0,0,0,0,0,0,3,1,2,2,2,2,2,2,2,0,0,0,0,0,0,3
"2023",4,2,2,7,66,0,2,2,2,2,2,0,0,0,0,0,0,0,0,0,0,0,0,0,0,0,0,0,0,0,0,0,0
"2023",4,2,4,1,37,0,2,2,2,2,2,0,0,0,0,0,0,0,0,0,0,0,0,0,0,0,0,0,0,0,0,0,0
"2023",4,2,7,1,65,0,2,2,2,2,2,0,0,0,0,0,0,0,0,0,0,0,0,0,0,0,0,0,0,0,0,0,0
"2023",3,1,7,1,34,20,2,2,1,2,2,0,0,0,0,0,0,0,0,0,0,0,0,0,0,0,4,1,1,1,1,1,0
"2023",1,2,7,1,19,25,1,1,2,2,2,3,2,2,2,1,2,4,2,1,2,1,2,2,2,2,0,0,0,0,0,0,0
"2023",4,2,2,7,83,0,2,2,2,2,2,0,0,0,0,0,0,0,0,0,0,0,0,0,0,0,0,0,0,0,0,0,0
"2023",3,2,3,7,58,30,1,2,2,2,2,5,2,2,1,2,2,0,0,0,0,0,0,0,0,0,0,0,0,0,0,0,0
"2023",4,1,4,1,56,0,2,2,2,2,2,0,0,0,0,0,0,0,0,0,0,0,0,0,0,0,0,0,0,0,0,0,0
"2023",4,2,0,7,60,0,2,2,2,2,2,0,0,0,0,0,0,0,0,0,0,0,0,0,0,0,0,0,0,0,0,0,0
"2023",4,2,3,7,53,0,2,2,2,2,2,0,0,0,0,0,0,0,0,0,0,0,0,0,0,0,0,0,0,0,0,0,0
"2023",4,1,2,1,45,0,2,2,2,2,2,0,0,0,0,0,0,0,0,0,0,0,0,0,0,0,0,0,0,0,0,0,0
"2023",3,1,8,1,52,20,2,2,1,2,2,0,0,0,0,0,0,0,0,0,0,0,0,0,0,0,4,1,1,1,1,1,0
"2023",1,1,7,1,37,30,1,1,1,2,1,3,2,2,2,1,2,4,2,1,2,2,2,2,1,2,4,1,1,1,1,1,3
"2023",1,1,8,1,33,25,2,2,1,2,2,0,0,0,0,0,0,0,0,0,0,0,0,0,0,0,3,1,1,1,1,1,0
"2023",1,1,7,8,80,30,2,2,1,2,2,0,0,0,0,0,0,0,0,0,0,0,0,0,0,0,4,1,1,2,1,1,0
"2023",1,1,7,7,26,60,1,2,2,2,2,2,2,2,2,1,1,0,0,0,0,0,0,0,0,0,0,0,0,0,0,0,0
"2023",2,1,8,1,67,0,2,2,2,2,2,0,0,0,0,0,0,0,0,0,0,0,0,0,0,0,0,0,0,0,0,0,0
"2023",3,1,7,1,34,15,2,2,1,2,2,0,0,0,0,0,0,0,0,0,0,0,0,0,0,0,4,1,1,1,1,1,0
"2023",3,2,3,7,68,25,2,2,1,2,2,0,0,0,0,0,0,0,0,0,0,0,0,0,0,0,4,1,1,1,1,1,0
"2023",4,2,6,1,31,0,2,2,2,2,2,0,0,0,0,0,0,0,0,0,0,0,0,0,0,0,0,0,0,0,0,0,0
"2023",4,2,2,7,59,0,2,2,2,2,2,0,0,0,0,0,0,0,0,0,0,0,0,0,0,0,0,0,0,0,0,0,0
"2023",3,2,7,1,24,10,2,2,2,2,1,0,0,0,0,0,0,0,0,0,0,0,0,0,0,0,0,0,0,0,0,0,4
"2023",1,2,8,8,58,20,1,2,2,2,1,4,2,2,1,2,2,0,0,0,0,0,0,0,0,0,0,0,0,0,0,0,3
"2023",1,2,7,7,32,30,1,2,2,2,1,4,2,2,2,1,1,0,0,0,0,0,0,0,0,0,0,0,0,0,0,0,3
"2023",1,1,4,1,30,30,2,1,2,2,1,0,0,0,0,0,0,4,2,2,1,2,2,2,2,2,0,0,0,0,0,0,4
"2023",3,2,3,1,54,20,2,2,2,2,1,0,0,0,0,0,0,0,0,0,0,0,0,0,0,0,0,0,0,0,0,0,4
"2023",4,2,6,7,66,0,2,2,2,2,2,0,0,0,0,0,0,0,0,0,0,0,0,0,0,0,0,0,0,0,0,0,0
"2023",3,2,2,1,65,20,2,2,1,2,2,0,0,0,0,0,0,0,0,0,0,0,0,0,0,0,3,2,2,1,2,1,0
"2023",3,1,4,1,43,15,2,2,2,2,1,0,0,0,0,0,0,0,0,0,0,0,0,0,0,0,0,0,0,0,0,0,3
"2023",4,2,4,7,25,0,2,2,2,2,2,0,0,0,0,0,0,0,0,0,0,0,0,0,0,0,0,0,0,0,0,0,0
"2023",4,2,6,1,52,0,2,2,2,2,2,0,0,0,0,0,0,0,0,0,0,0,0,0,0,0,0,0,0,0,0,0,0
"2023",4,1,4,1,31,0,2,2,2,2,2,0,0,0,0,0,0,0,0,0,0,0,0,0,0,0,0,0,0,0,0,0,0
"2023",1,1,7,1,36,20,1,2,1,2,2,4,2,2,2,1,2,0,0,0,0,0,0,0,0,0,4,1,1,1,1,1,0
"2023",1,2,8,1,33,60,1,1,1,2,2,4,2,2,2,1,2,4,2,2,1,2,2,2,2,1,3,1,1,1,1,1,0
"2023",1,1,7,8,65,30,1,2,1,2,2,4,2,2,2,1,1,0,0,0,0,0,0,0,0,0,4,1,1,1,1,1,0
"2023",4,2,2,1,36,0,2,2,2,2,2,0,0,0,0,0,0,0,0,0,0,0,0,0,0,0,0,0,0,0,0,0,0
"2023",4,1,3,1,54,0,2,2,2,2,2,0,0,0,0,0,0,0,0,0,0,0,0,0,0,0,0,0,0,0,0,0,0
"2023",4,2,4,1,32,0,2,2,2,2,2,0,0,0,0,0,0,0,0,0,0,0,0,0,0,0,0,0,0,0,0,0,0
"2023",1,2,7,1,32,40,2,1,2,2,1,0,0,0,0,0,0,4,2,2,1,1,2,1,1,2,0,0,0,0,0,0,4
"2023",1,2,4,1,42,60,2,1,2,2,2,0,0,0,0,0,0,4,2,2,1,2,2,1,1,2,0,0,0,0,0,0,0
"2023",1,1,7,1,36,90,1,1,1,2,1,3,2,2,2,1,2,4,1,2,2,2,2,1,1,2,3,1,1,1,1,1,4
"2023",1,2,4,7,30,45,2,1,2,2,1,0,0,0,0,0,0,4,2,2,2,2,2,1,1,2,0,0,0,0,0,0,4
"2023",4,2,2,7,58,0,2,2,2,2,2,0,0,0,0,0,0,0,0,0,0,0,0,0,0,0,0,0,0,0,0,0,0
"2023",4,2,2,7,49,0,2,2,2,2,2,0,0,0,0,0,0,0,0,0,0,0,0,0,0,0,0,0,0,0,0,0,0
"2023",4,1,2,8,62,0,2,2,2,2,2,0,0,0,0,0,0,0,0,0,0,0,0,0,0,0,0,0,0,0,0,0,0
"2023",1,1,7,1,56,30,2,1,2,2,1,0,0,0,0,0,0,3,2,2,2,2,2,2,1,2,0,0,0,0,0,0,4
"2023",3,1,7,1,24,10,2,2,2,2,1,0,0,0,0,0,0,0,0,0,0,0,0,0,0,0,0,0,0,0,0,0,4
"2023",3,2,3,7,32,30,2,1,2,2,1,0,0,0,0,0,0,4,2,2,2,1,2,2,2,1,0,0,0,0,0,0,3
"2023",1,2,4,6,19,120,1,2,1,2,2,2,2,1,2,1,1,0,0,0,0,0,0,0,0,0,2,1,1,1,1,1,0
"2023",1,1,2,1,68,20,2,2,1,2,2,0,0,0,0,0,0,0,0,0,0,0,0,0,0,0,4,1,1,1,1,1,0
"2023",4,2,6,8,81,0,2,2,2,2,2,0,0,0,0,0,0,0,0,0,0,0,0,0,0,0,0,0,0,0,0,0,0
"2023",1,2,7,1,32,30,1,2,1,2,2,2,2,1,2,2,1,0,0,0,0,0,0,0,0,0,1,1,1,1,1,1,0
"2023",4,2,4,1,59,0,2,2,2,2,2,0,0,0,0,0,0,0,0,0,0,0,0,0,0,0,0,0,0,0,0,0,0
"2023",1,1,8,1,40,30,1,2,1,2,2,3,2,2,2,2,1,0,0,0,0,0,0,0,0,0,3,1,1,1,1,1,0
"2023",1,2,8,1,34,35,1,1,2,2,2,3,2,2,2,1,2,4,2,2,2,2,2,2,1,1,0,0,0,0,0,0,0
"2023",4,2,3,1,58,0,2,2,2,2,2,0,0,0,0,0,0,0,0,0,0,0,0,0,0,0,0,0,0,0,0,0,0
"2023",3,2,4,1,37,20,2,2,2,2,1,0,0,0,0,0,0,0,0,0,0,0,0,0,0,0,0,0,0,0,0,0,3
"2023",3,1,3,1,60,15,2,2,2,2,1,0,0,0,0,0,0,0,0,0,0,0,0,0,0,0,0,0,0,0,0,0,3
"2023",1,2,7,1,25,30,2,2,1,2,1,0,0,0,0,0,0,0,0,0,0,0,0,0,0,0,3,1,2,2,2,1,3
"2023",4,1,7,8,83,0,2,2,2,2,2,0,0,0,0,0,0,0,0,0,0,0,0,0,0,0,0,0,0,0,0,0,0
"2023",3,2,3,1,65,15,2,1,2,2,2,0,0,0,0,0,0,4,2,2,2,2,2,2,2,1,0,0,0,0,0,0,0
"2023",3,2,7,7,59,20,2,1,2,2,2,0,0,0,0,0,0,3,2,2,2,2,2,2,2,1,0,0,0,0,0,0,0
"2023",3,2,4,1,56,25,2,2,2,2,1,0,0,0,0,0,0,0,0,0,0,0,0,0,0,0,0,0,0,0,0,0,3
"2023",3,2,7,5,27,15,2,2,2,2,1,0,0,0,0,0,0,0,0,0,0,0,0,0,0,0,0,0,0,0,0,0,3
"2023",4,2,3,1,69,0,2,2,2,2,2,0,0,0,0,0,0,0,0,0,0,0,0,0,0,0,0,0,0,0,0,0,0
"2023",1,1,7,1,48,60,2,1,2,2,2,0,0,0,0,0,0,4,2,2,2,2,2,1,1,2,0,0,0,0,0,0,0
"2023",1,1,3,1,62,30,1,2,1,2,2,4,1,2,2,1,2,0,0,0,0,0,0,0,0,0,3,1,1,1,1,1,0
"2023",1,2,7,7,37,25,2,1,2,2,2,0,0,0,0,0,0,4,2,2,2,2,2,2,2,1,0,0,0,0,0,0,0
"2023",1,2,3,7,22,45,2,1,2,2,1,0,0,0,0,0,0,4,2,2,1,2,2,2,2,1,0,0,0,0,0,0,4
"2023",4,2,4,1,50,0,2,2,2,2,2,0,0,0,0,0,0,0,0,0,0,0,0,0,0,0,0,0,0,0,0,0,0
"2023",4,2,2,7,24,0,2,2,2,2,2,0,0,0,0,0,0,0,0,0,0,0,0,0,0,0,0,0,0,0,0,0,0
"2023",3,2,2,1,58,15,2,2,1,2,2,0,0,0,0,0,0,0,0,0,0,0,0,0,0,0,4,1,1,1,1,1,0
"2023",4,2,6,7,69,0,2,2,2,2,2,0,0,0,0,0,0,0,0,0,0,0,0,0,0,0,0,0,0,0,0,0,0
"2023",1,2,3,7,27,20,2,1,2,2,2,0,0,0,0,0,0,4,2,2,2,2,2,2,2,1,0,0,0,0,0,0,0
"2023",1,1,4,1,42,25,2,2,1,2,2,0,0,0,0,0,0,0,0,0,0,0,0,0,0,0,4,1,1,1,1,1,0
"2023",4,1,4,1,54,0,2,2,2,2,2,0,0,0,0,0,0,0,0,0,0,0,0,0,0,0,0,0,0,0,0,0,0
"2023",4,2,3,7,41,0,2,2,2,2,2,0,0,0,0,0,0,0,0,0,0,0,0,0,0,0,0,0,0,0,0,0,0
"2023",1,2,3,1,50,60,1,1,2,2,2,3,2,2,2,1,2,4,2,2,1,1,2,2,2,2,0,0,0,0,0,0,0
"2023",1,1,7,1,41,60,2,2,1,2,2,0,0,0,0,0,0,0,0,0,0,0,0,0,0,0,4,1,1,1,1,1,0
"2023",4,1,4,1,51,0,2,2,2,2,2,0,0,0,0,0,0,0,0,0,0,0,0,0,0,0,0,0,0,0,0,0,0
"2023",1,2,4,7,29,25,2,1,2,2,1,0,0,0,0,0,0,4,2,2,2,2,2,2,2,1,0,0,0,0,0,0,3
"2023",1,2,0,8,59,40,2,1,2,2,2,0,0,0,0,0,0,4,2,2,1,2,2,2,2,1,0,0,0,0,0,0,0
"2023",1,1,3,1,30,40,2,1,2,2,1,0,0,0,0,0,0,4,1,2,2,2,2,2,2,2,0,0,0,0,0,0,4
"2023",1,2,3,1,37,20,2,1,2,2,2,0,0,0,0,0,0,4,2,2,2,2,2,2,2,1,0,0,0,0,0,0,0
"2023",1,1,3,1,65,60,2,1,1,2,2,0,0,0,0,0,0,4,2,2,1,2,2,2,1,2,3,1,1,1,1,1,0
"2023",4,2,8,1,65,0,2,2,2,2,2,0,0,0,0,0,0,0,0,0,0,0,0,0,0,0,0,0,0,0,0,0,0
"2023",4,2,7,7,61,0,2,2,2,2,2,0,0,0,0,0,0,0,0,0,0,0,0,0,0,0,0,0,0,0,0,0,0
"2023",4,1,4,1,58,0,2,2,2,2,2,0,0,0,0,0,0,0,0,0,0,0,0,0,0,0,0,0,0,0,0,0,0
"2023",4,1,3,2,50,0,2,2,2,2,2,0,0,0,0,0,0,0,0,0,0,0,0,0,0,0,0,0,0,0,0,0,0
"2023",4,2,6,7,59,0,2,2,2,2,2,0,0,0,0,0,0,0,0,0,0,0,0,0,0,0,0,0,0,0,0,0,0
"2023",4,2,7,1,55,0,2,2,2,2,2,0,0,0,0,0,0,0,0,0,0,0,0,0,0,0,0,0,0,0,0,0,0
"2023",1,2,4,6,19,40,1,1,1,2,1,2,2,1,2,2,2,4,2,2,2,1,2,2,1,1,3,1,1,1,1,1,2
"2023",4,2,4,7,29,0,2,2,2,2,2,0,0,0,0,0,0,0,0,0,0,0,0,0,0,0,0,0,0,0,0,0,0
"2023",4,2,2,7,76,0,2,2,2,2,2,0,0,0,0,0,0,0,0,0,0,0,0,0,0,0,0,0,0,0,0,0,0
"2023",1,2,7,8,60,30,1,1,2,2,2,3,2,2,2,1,2,4,2,2,1,2,2,2,2,2,0,0,0,0,0,0,0
"2023",1,1,4,1,38,90,2,1,1,2,2,0,0,0,0,0,0,4,1,2,2,2,2,2,2,2,4,1,1,1,1,1,0
"2023",1,1,7,1,52,25,2,1,2,2,2,0,0,0,0,0,0,4,2,2,2,2,2,2,2,1,0,0,0,0,0,0,0
"2023",1,2,2,1,69,60,1,1,2,2,2,3,2,2,2,1,1,4,2,2,2,2,2,2,1,1,0,0,0,0,0,0,0
"2023",1,1,4,8,71,60,1,2,1,2,2,3,2,2,2,1,2,0,0,0,0,0,0,0,0,0,4,1,1,1,1,1,0
"2023",0,2,2,1,75,0,0,0,0,0,0,0,0,0,0,0,0,0,0,0,0,0,0,0,0,0,0,0,0,0,0,0,0
"2023",4,2,3,1,45,0,2,2,2,2,2,0,0,0,0,0,0,0,0,0,0,0,0,0,0,0,0,0,0,0,0,0,0
"2023",4,2,0,7,72,0,2,2,2,2,2,0,0,0,0,0,0,0,0,0,0,0,0,0,0,0,0,0,0,0,0,0,0
"2023",1,1,7,1,61,30,2,2,1,2,2,0,0,0,0,0,0,0,0,0,0,0,0,0,0,0,4,1,1,1,1,1,0
"2023",1,2,9,1,67,120,1,2,1,2,2,1,2,2,2,1,1,0,0,0,0,0,0,0,0,0,1,1,1,1,1,1,0
"2023",4,2,4,7,49,0,2,2,2,2,2,0,0,0,0,0,0,0,0,0,0,0,0,0,0,0,0,0,0,0,0,0,0
"2023",4,1,7,1,36,0,2,2,2,2,2,0,0,0,0,0,0,0,0,0,0,0,0,0,0,0,0,0,0,0,0,0,0
"2023",1,2,3,8,65,30,2,2,2,2,1,0,0,0,0,0,0,0,0,0,0,0,0,0,0,0,0,0,0,0,0,0,4
"2023",4,2,7,1,53,0,2,2,2,2,2,0,0,0,0,0,0,0,0,0,0,0,0,0,0,0,0,0,0,0,0,0,0
"2023",4,2,7,7,59,0,2,2,2,2,2,0,0,0,0,0,0,0,0,0,0,0,0,0,0,0,0,0,0,0,0,0,0
"2023",1,2,4,7,56,30,2,1,2,2,1,0,0,0,0,0,0,4,2,2,2,1,2,1,2,2,0,0,0,0,0,0,4
"2023",4,2,4,1,36,0,2,2,2,2,2,0,0,0,0,0,0,0,0,0,0,0,0,0,0,0,0,0,0,0,0,0,0
"2023",1,1,4,1,44,30,2,2,1,2,2,0,0,0,0,0,0,0,0,0,0,0,0,0,0,0,3,1,1,1,1,1,0
"2023",1,1,8,1,36,40,2,2,1,2,2,0,0,0,0,0,0,0,0,0,0,0,0,0,0,0,3,1,1,1,1,1,0
"2023",1,1,7,1,37,120,1,1,1,2,2,3,2,1,2,1,1,3,2,1,2,2,2,1,1,2,3,1,1,1,1,1,0
"2023",4,1,4,1,59,0,2,2,2,2,2,0,0,0,0,0,0,0,0,0,0,0,0,0,0,0,0,0,0,0,0,0,0
"2023",4,1,3,1,61,0,2,2,2,2,2,0,0,0,0,0,0,0,0,0,0,0,0,0,0,0,0,0,0,0,0,0,0
"2023",4,2,2,7,75,0,2,2,2,2,2,0,0,0,0,0,0,0,0,0,0,0,0,0,0,0,0,0,0,0,0,0,0
"2023",4,2,4,7,22,0,2,2,2,2,2,0,0,0,0,0,0,0,0,0,0,0,0,0,0,0,0,0,0,0,0,0,0
"2023",4,2,2,7,57,0,2,2,2,2,2,0,0,0,0,0,0,0,0,0,0,0,0,0,0,0,0,0,0,0,0,0,0
"2023",4,1,3,1,56,0,2,2,2,2,2,0,0,0,0,0,0,0,0,0,0,0,0,0,0,0,0,0,0,0,0,0,0
"2023",1,1,3,1,38,30,2,1,2,2,2,0,0,0,0,0,0,4,1,2,2,2,2,1,1,2,0,0,0,0,0,0,0
"2023",4,2,4,7,30,0,2,2,2,2,2,0,0,0,0,0,0,0,0,0,0,0,0,0,0,0,0,0,0,0,0,0,0
"2023",1,1,3,8,75,25,2,2,1,2,2,0,0,0,0,0,0,0,0,0,0,0,0,0,0,0,4,1,1,1,1,1,0
"2023",1,1,4,1,28,40,2,2,2,2,1,0,0,0,0,0,0,0,0,0,0,0,0,0,0,0,0,0,0,0,0,0,4
"2023",4,2,4,1,21,0,2,2,2,2,2,0,0,0,0,0,0,0,0,0,0,0,0,0,0,0,0,0,0,0,0,0,0
"2023",3,2,4,7,51,30,2,2,1,2,2,0,0,0,0,0,0,0,0,0,0,0,0,0,0,0,4,2,2,2,1,1,0
"2023",4,2,3,7,64,0,2,2,2,2,2,0,0,0,0,0,0,0,0,0,0,0,0,0,0,0,0,0,0,0,0,0,0
"2023",1,1,7,5,29,40,2,2,1,2,1,0,0,0,0,0,0,0,0,0,0,0,0,0,0,0,4,1,1,2,2,1,3
"2023",1,1,3,1,48,30,2,1,1,2,1,0,0,0,0,0,0,4,2,2,2,1,2,2,2,2,3,2,1,1,2,1,4
"2023",1,1,4,1,27,30,1,2,1,1,2,4,2,2,2,1,2,0,0,0,0,0,0,0,0,0,4,2,2,2,2,1,0
"2023",1,1,7,1,26,60,2,1,1,1,1,0,0,0,0,0,0,1,2,1,2,2,2,2,2,2,1,1,2,2,1,1,1
"2023",4,2,2,1,62,0,2,2,2,2,2,0,0,0,0,0,0,0,0,0,0,0,0,0,0,0,0,0,0,0,0,0,0
"2023",1,1,4,1,48,20,2,2,1,2,2,0,0,0,0,0,0,0,0,0,0,0,0,0,0,0,4,1,1,1,2,1,0
"2023",4,2,4,6,19,0,2,2,2,2,2,0,0,0,0,0,0,0,0,0,0,0,0,0,0,0,0,0,0,0,0,0,0
"2023",1,1,7,8,66,30,1,2,2,2,2,4,2,2,2,1,2,0,0,0,0,0,0,0,0,0,0,0,0,0,0,0,0
"2023",1,2,4,7,41,40,2,1,1,2,1,0,0,0,0,0,0,4,1,2,2,2,2,2,2,2,3,1,1,2,2,1,1
"2023",1,2,7,7,48,30,1,2,2,2,2,4,2,2,1,2,2,0,0,0,0,0,0,0,0,0,0,0,0,0,0,0,0
"2023",1,2,4,1,38,60,1,2,1,2,2,4,2,2,1,1,2,0,0,0,0,0,0,0,0,0,3,1,1,1,1,1,0
"2023",1,2,4,7,52,30,1,2,2,2,1,2,2,2,1,2,2,0,0,0,0,0,0,0,0,0,0,0,0,0,0,0,3
"2023",1,1,3,1,52,30,2,1,1,2,2,0,0,0,0,0,0,5,2,2,2,2,1,2,2,2,3,1,1,2,2,1,0
"2023",3,2,7,1,52,60,2,2,2,2,1,0,0,0,0,0,0,0,0,0,0,0,0,0,0,0,0,0,0,0,0,0,1
"2023",2,2,4,7,57,0,2,2,2,2,2,0,0,0,0,0,0,0,0,0,0,0,0,0,0,0,0,0,0,0,0,0,0
"2023",4,1,3,1,33,0,2,2,2,2,2,0,0,0,0,0,0,0,0,0,0,0,0,0,0,0,0,0,0,0,0,0,0
"2023",4,1,3,1,77,0,2,2,2,2,2,0,0,0,0,0,0,0,0,0,0,0,0,0,0,0,0,0,0,0,0,0,0
"2023",1,2,7,6,21,60,1,2,2,2,1,2,2,1,2,2,2,0,0,0,0,0,0,0,0,0,0,0,0,0,0,0,2
"2023",4,1,7,1,42,0,2,2,2,2,2,0,0,0,0,0,0,0,0,0,0,0,0,0,0,0,0,0,0,0,0,0,0
"2023",4,1,4,1,36,0,2,2,2,2,2,0,0,0,0,0,0,0,0,0,0,0,0,0,0,0,0,0,0,0,0,0,0
"2023",1,1,3,1,51,30,2,2,1,2,2,0,0,0,0,0,0,0,0,0,0,0,0,0,0,0,4,1,1,2,2,1,0
"2023",1,1,8,1,57,35,1,1,1,2,2,4,2,2,2,2,1,4,2,1,2,2,2,2,2,2,3,1,1,1,2,1,0
"2023",1,1,7,1,33,30,1,2,2,2,1,1,2,1,2,2,2,0,0,0,0,0,0,0,0,0,0,0,0,0,0,0,1
"2023",4,2,3,7,44,0,2,2,2,2,2,0,0,0,0,0,0,0,0,0,0,0,0,0,0,0,0,0,0,0,0,0,0
"2023",4,1,3,1,19,0,2,2,2,2,2,0,0,0,0,0,0,0,0,0,0,0,0,0,0,0,0,0,0,0,0,0,0
"2023",1,2,7,6,20,60,1,2,1,2,1,2,2,1,2,2,2,0,0,0,0,0,0,0,0,0,4,2,2,2,1,1,2
"2023",4,1,2,1,66,0,2,2,2,2,2,0,0,0,0,0,0,0,0,0,0,0,0,0,0,0,0,0,0,0,0,0,0
"2023",1,1,4,1,52,40,2,2,1,2,2,0,0,0,0,0,0,0,0,0,0,0,0,0,0,0,4,1,2,2,2,1,0
"2023",1,2,7,1,67,30,1,2,1,2,2,3,2,2,2,1,2,0,0,0,0,0,0,0,0,0,3,1,2,1,2,1,0
"2023",1,1,2,1,69,35,2,1,1,2,2,0,0,0,0,0,0,4,2,2,2,2,2,1,2,2,3,2,1,2,2,1,0
"2023",4,2,3,1,25,0,2,2,2,2,2,0,0,0,0,0,0,0,0,0,0,0,0,0,0,0,0,0,0,0,0,0,0
"2023",1,1,4,6,19,60,1,2,2,2,1,2,2,1,2,2,2,0,0,0,0,0,0,0,0,0,0,0,0,0,0,0,2
"2023",4,2,3,7,46,0,2,2,2,2,2,0,0,0,0,0,0,0,0,0,0,0,0,0,0,0,0,0,0,0,0,0,0
"2023",4,1,4,1,22,0,2,2,2,2,2,0,0,0,0,0,0,0,0,0,0,0,0,0,0,0,0,0,0,0,0,0,0
"2023",1,1,3,1,40,40,2,2,1,2,2,0,0,0,0,0,0,0,0,0,0,0,0,0,0,0,4,1,2,2,2,1,0
"2023",1,1,7,1,28,40,1,2,2,2,1,2,2,1,2,2,2,0,0,0,0,0,0,0,0,0,0,0,0,0,0,0,2
"2023",1,2,4,1,32,30,2,1,1,2,1,0,0,0,0,0,0,3,2,2,1,1,2,2,2,2,4,2,2,2,1,1,4
"2023",1,2,7,7,33,60,2,2,1,1,1,0,0,0,0,0,0,0,0,0,0,0,0,0,0,0,2,2,2,1,1,2,4
"2023",4,2,6,7,74,0,2,2,2,2,2,0,0,0,0,0,0,0,0,0,0,0,0,0,0,0,0,0,0,0,0,0,0
"2023",1,2,7,8,71,30,1,2,2,2,2,4,2,2,1,1,2,0,0,0,0,0,0,0,0,0,0,0,0,0,0,0,0
"2023",1,2,7,1,50,120,1,2,2,2,1,4,2,1,2,2,2,0,0,0,0,0,0,0,0,0,0,0,0,0,0,0,1
"2023",1,1,8,1,40,30,1,1,1,2,1,4,2,2,2,2,1,4,2,2,2,2,2,1,2,2,3,2,2,1,2,2,1
"2023",4,1,4,1,28,0,2,2,2,2,2,0,0,0,0,0,0,0,0,0,0,0,0,0,0,0,0,0,0,0,0,0,0
"2023",4,2,2,7,66,0,2,2,2,2,2,0,0,0,0,0,0,0,0,0,0,0,0,0,0,0,0,0,0,0,0,0,0
"2023",3,1,7,1,23,30,2,1,2,2,1,0,0,0,0,0,0,4,2,1,2,2,2,2,2,2,0,0,0,0,0,0,3
"2023",4,1,3,1,48,0,2,2,2,2,2,0,0,0,0,0,0,0,0,0,0,0,0,0,0,0,0,0,0,0,0,0,0
"2023",1,1,4,1,44,45,1,1,1,2,1,1,2,1,2,2,2,4,2,2,2,1,2,2,2,2,3,1,1,1,1,1,3
"2023",4,2,2,1,22,0,2,2,2,2,2,0,0,0,0,0,0,0,0,0,0,0,0,0,0,0,0,0,0,0,0,0,0
"2023",1,2,6,1,49,45,1,1,2,2,1,4,2,1,2,1,2,4,2,2,2,1,2,2,2,2,0,0,0,0,0,0,3
"2023",4,2,3,7,23,0,2,2,2,2,2,0,0,0,0,0,0,0,0,0,0,0,0,0,0,0,0,0,0,0,0,0,0
"2023",1,1,7,1,37,40,1,2,1,2,2,1,2,1,2,2,2,0,0,0,0,0,0,0,0,0,3,1,1,1,1,2,0
"2023",3,1,7,1,54,30,1,2,2,2,2,1,1,2,2,2,2,0,0,0,0,0,0,0,0,0,0,0,0,0,0,0,0
"2023",1,2,7,7,56,45,1,2,2,2,2,4,2,2,1,2,2,0,0,0,0,0,0,0,0,0,0,0,0,0,0,0,0
"2023",4,1,2,1,64,0,2,2,2,2,2,0,0,0,0,0,0,0,0,0,0,0,0,0,0,0,0,0,0,0,0,0,0
"2023",4,2,3,7,58,0,2,2,2,2,2,0,0,0,0,0,0,0,0,0,0,0,0,0,0,0,0,0,0,0,0,0,0
"2023",1,1,7,1,21,60,1,2,2,2,2,3,2,1,2,2,2,0,0,0,0,0,0,0,0,0,0,0,0,0,0,0,0
"2023",1,2,4,7,48,20,2,2,1,2,2,0,0,0,0,0,0,0,0,0,0,0,0,0,0,0,3,1,1,1,1,2,0
"2023",4,1,2,1,69,0,2,2,2,2,2,0,0,0,0,0,0,0,0,0,0,0,0,0,0,0,0,0,0,0,0,0,0
"2023",4,1,3,1,49,0,2,2,2,2,2,0,0,0,0,0,0,0,0,0,0,0,0,0,0,0,0,0,0,0,0,0,0
"2023",3,2,2,1,42,20,2,1,2,2,2,0,0,0,0,0,0,4,2,2,2,2,2,2,2,1,0,0,0,0,0,0,0
"2023",1,2,3,1,55,15,1,2,2,2,2,3,2,2,1,1,1,0,0,0,0,0,0,0,0,0,0,0,0,0,0,0,0
"2023",4,2,2,7,72,0,2,2,2,2,2,0,0,0,0,0,0,0,0,0,0,0,0,0,0,0,0,0,0,0,0,0,0
"2023",1,1,2,1,69,30,2,2,1,2,2,0,0,0,0,0,0,0,0,0,0,0,0,0,0,0,4,1,1,2,2,1,0
"2023",0,1,2,10,65,0,0,0,0,0,0,0,0,0,0,0,0,0,0,0,0,0,0,0,0,0,0,0,0,0,0,0,0
"2023",1,2,7,1,25,120,1,2,2,2,2,1,2,1,2,1,2,0,0,0,0,0,0,0,0,0,0,0,0,0,0,0,0
"2023",1,1,3,1,32,30,2,2,2,1,2,0,0,0,0,0,0,0,0,0,0,0,0,0,0,0,0,0,0,0,0,0,0
"2023",2,2,3,7,47,0,2,2,2,2,2,0,0,0,0,0,0,0,0,0,0,0,0,0,0,0,0,0,0,0,0,0,0
"2023",3,1,2,1,57,15,2,1,2,2,2,0,0,0,0,0,0,5,2,2,2,2,1,2,2,2,0,0,0,0,0,0,0
"2023",4,1,3,1,22,0,2,2,2,2,2,0,0,0,0,0,0,0,0,0,0,0,0,0,0,0,0,0,0,0,0,0,0
"2023",3,2,3,1,50,10,2,2,1,2,1,0,0,0,0,0,0,0,0,0,0,0,0,0,0,0,3,1,2,1,2,1,3
"2023",1,2,2,7,30,60,2,2,1,2,2,0,0,0,0,0,0,0,0,0,0,0,0,0,0,0,4,1,1,1,1,1,0
"2023",1,1,4,1,40,40,1,2,1,2,2,4,2,2,2,1,2,0,0,0,0,0,0,0,0,0,3,1,1,1,1,1,0
"2023",4,1,3,1,33,0,2,2,2,2,2,0,0,0,0,0,0,0,0,0,0,0,0,0,0,0,0,0,0,0,0,0,0
"2023",1,1,3,1,42,30,2,2,1,2,2,0,0,0,0,0,0,0,0,0,0,0,0,0,0,0,3,1,1,1,2,1,0
"2023",1,2,2,1,43,45,1,2,1,2,2,5,2,2,1,2,2,0,0,0,0,0,0,0,0,0,3,1,2,1,1,1,0
"2023",1,2,6,7,36,90,1,1,2,2,2,4,2,2,2,2,1,4,2,1,2,2,2,2,2,2,0,0,0,0,0,0,0
"2023",4,2,3,1,43,0,2,2,2,2,2,0,0,0,0,0,0,0,0,0,0,0,0,0,0,0,0,0,0,0,0,0,0
"2023",1,2,2,7,71,30,2,1,2,2,2,0,0,0,0,0,0,5,2,2,2,2,1,2,2,2,0,0,0,0,0,0,0
"2023",4,2,2,7,68,0,2,2,2,2,2,0,0,0,0,0,0,0,0,0,0,0,0,0,0,0,0,0,0,0,0,0,0
"2023",4,2,3,1,35,0,2,2,2,2,2,0,0,0,0,0,0,0,0,0,0,0,0,0,0,0,0,0,0,0,0,0,0
"2023",1,1,3,1,39,25,2,2,1,2,2,0,0,0,0,0,0,0,0,0,0,0,0,0,0,0,4,1,1,1,1,1,0
"2023",4,1,3,1,39,0,2,2,2,2,2,0,0,0,0,0,0,0,0,0,0,0,0,0,0,0,0,0,0,0,0,0,0
"2023",1,2,4,1,22,25,2,2,2,2,1,0,0,0,0,0,0,0,0,0,0,0,0,0,0,0,0,0,0,0,0,0,4
"2023",1,2,7,1,32,60,1,2,2,2,1,4,2,2,2,1,2,0,0,0,0,0,0,0,0,0,0,0,0,0,0,0,1
"2023",1,2,7,1,64,60,1,2,2,2,1,3,2,1,2,2,1,0,0,0,0,0,0,0,0,0,0,0,0,0,0,0,3
"2023",1,2,8,1,61,30,1,1,2,2,1,4,2,2,2,2,1,4,2,2,2,2,2,1,2,2,0,0,0,0,0,0,4
"2023",1,2,4,7,56,60,1,2,2,2,1,4,2,2,2,2,1,0,0,0,0,0,0,0,0,0,0,0,0,0,0,0,4
"2023",1,2,8,7,40,20,1,1,2,2,1,4,2,2,1,2,2,4,2,2,2,2,2,2,1,2,0,0,0,0,0,0,4
"2023",1,1,4,1,38,30,1,2,2,2,1,4,2,2,2,2,1,0,0,0,0,0,0,0,0,0,0,0,0,0,0,0,4
"2023",1,1,6,1,43,20,2,2,1,2,1,0,0,0,0,0,0,0,0,0,0,0,0,0,0,0,3,2,1,1,2,1,1
"2023",4,2,3,1,50,0,2,2,2,2,2,0,0,0,0,0,0,0,0,0,0,0,0,0,0,0,0,0,0,0,0,0,0
"2023",1,2,6,1,45,15,2,2,2,2,1,0,0,0,0,0,0,0,0,0,0,0,0,0,0,0,0,0,0,0,0,0,4
"2023",1,1,7,1,39,5,1,2,2,1,1,4,2,2,2,2,1,0,0,0,0,0,0,0,0,0,0,0,0,0,0,0,3
"2023",1,1,7,1,32,120,1,2,2,2,1,4,1,1,1,2,1,0,0,0,0,0,0,0,0,0,0,0,0,0,0,0,1
"2023",1,2,3,7,57,20,1,2,2,2,2,4,2,2,1,2,2,0,0,0,0,0,0,0,0,0,0,0,0,0,0,0,0
"2023",1,1,7,6,19,30,1,2,2,2,1,2,2,1,2,2,2,0,0,0,0,0,0,0,0,0,0,0,0,0,0,0,2
"2023",4,2,3,7,62,0,2,2,2,2,2,0,0,0,0,0,0,0,0,0,0,0,0,0,0,0,0,0,0,0,0,0,0
"2023",1,1,7,1,63,30,2,2,2,2,1,0,0,0,0,0,0,0,0,0,0,0,0,0,0,0,0,0,0,0,0,0,1
"2023",1,1,8,1,59,180,1,1,2,2,1,1,2,1,2,2,2,1,2,2,2,1,2,1,2,2,0,0,0,0,0,0,3
"2023",1,2,7,7,33,30,2,2,2,2,1,0,0,0,0,0,0,0,0,0,0,0,0,0,0,0,0,0,0,0,0,0,3
"2023",4,1,4,1,47,0,2,2,2,2,2,0,0,0,0,0,0,0,0,0,0,0,0,0,0,0,0,0,0,0,0,0,0
"2023",4,1,3,1,47,0,2,2,2,2,2,0,0,0,0,0,0,0,0,0,0,0,0,0,0,0,0,0,0,0,0,0,0
"2023",1,1,7,1,58,60,1,2,1,2,2,1,2,1,2,2,2,0,0,0,0,0,0,0,0,0,3,1,1,1,1,1,0
"2023",4,2,6,7,78,0,2,2,2,2,2,0,0,0,0,0,0,0,0,0,0,0,0,0,0,0,0,0,0,0,0,0,0
"2023",1,1,7,1,46,60,1,2,2,2,1,1,1,2,2,2,1,0,0,0,0,0,0,0,0,0,0,0,0,0,0,0,3
"2023",3,2,3,1,33,25,2,2,2,2,1,0,0,0,0,0,0,0,0,0,0,0,0,0,0,0,0,0,0,0,0,0,4
"2023",4,1,4,1,19,0,2,2,2,2,2,0,0,0,0,0,0,0,0,0,0,0,0,0,0,0,0,0,0,0,0,0,0
"2023",1,1,2,8,68,20,2,2,1,2,2,0,0,0,0,0,0,0,0,0,0,0,0,0,0,0,3,1,1,1,1,1,0
"2023",4,2,3,1,48,0,2,2,2,2,2,0,0,0,0,0,0,0,0,0,0,0,0,0,0,0,0,0,0,0,0,0,0
"2023",4,1,99,1,59,0,2,2,2,2,2,0,0,0,0,0,0,0,0,0,0,0,0,0,0,0,0,0,0,0,0,0,0
"2023",4,1,3,1,61,0,2,2,2,2,2,0,0,0,0,0,0,0,0,0,0,0,0,0,0,0,0,0,0,0,0,0,0
"2023",1,2,7,1,44,60,1,2,2,2,2,1,2,1,2,2,2,0,0,0,0,0,0,0,0,0,0,0,0,0,0,0,0
"2023",4,2,3,1,41,0,2,2,2,2,2,0,0,0,0,0,0,0,0,0,0,0,0,0,0,0,0,0,0,0,0,0,0
"2023",3,2,3,1,56,15,2,1,2,2,2,0,0,0,0,0,0,4,2,2,2,2,2,2,2,1,0,0,0,0,0,0,0
"2023",4,2,4,1,40,0,2,2,2,2,2,0,0,0,0,0,0,0,0,0,0,0,0,0,0,0,0,0,0,0,0,0,0
"2023",4,1,2,8,69,0,2,2,2,2,2,0,0,0,0,0,0,0,0,0,0,0,0,0,0,0,0,0,0,0,0,0,0
"2023",1,1,8,1,54,40,1,2,2,2,2,4,2,2,2,1,1,0,0,0,0,0,0,0,0,0,0,0,0,0,0,0,0
"2023",3,2,4,7,22,20,2,1,2,2,2,0,0,0,0,0,0,4,2,2,2,2,2,2,2,1,0,0,0,0,0,0,0
"2023",4,2,3,1,39,0,2,2,2,2,2,0,0,0,0,0,0,0,0,0,0,0,0,0,0,0,0,0,0,0,0,0,0
"2023",4,1,3,1,32,0,2,2,2,2,2,0,0,0,0,0,0,0,0,0,0,0,0,0,0,0,0,0,0,0,0,0,0
"2023",3,2,3,7,47,30,2,1,2,2,2,0,0,0,0,0,0,4,2,2,2,2,2,2,2,1,0,0,0,0,0,0,0
"2023",1,1,4,1,25,35,1,2,2,2,2,4,2,2,1,1,2,0,0,0,0,0,0,0,0,0,0,0,0,0,0,0,0
"2023",3,1,3,1,43,15,2,2,1,2,2,0,0,0,0,0,0,0,0,0,0,0,0,0,0,0,3,2,1,2,2,1,0
"2023",1,2,7,4,27,30,1,2,2,2,2,4,2,2,2,1,2,0,0,0,0,0,0,0,0,0,0,0,0,0,0,0,0
"2023",4,2,3,1,25,0,2,2,2,2,2,0,0,0,0,0,0,0,0,0,0,0,0,0,0,0,0,0,0,0,0,0,0
"2023",4,1,3,1,30,0,2,2,2,2,2,0,0,0,0,0,0,0,0,0,0,0,0,0,0,0,0,0,0,0,0,0,0
"2023",4,2,4,1,33,0,2,2,2,2,2,0,0,0,0,0,0,0,0,0,0,0,0,0,0,0,0,0,0,0,0,0,0
"2023",1,1,7,1,58,60,1,2,2,2,2,4,2,2,2,1,2,0,0,0,0,0,0,0,0,0,0,0,0,0,0,0,0
"2023",1,2,4,1,41,40,1,1,2,2,2,4,2,2,2,1,2,4,2,2,2,1,2,2,2,1,0,0,0,0,0,0,0
"2023",1,2,7,1,39,60,1,2,2,2,2,1,2,1,2,1,2,0,0,0,0,0,0,0,0,0,0,0,0,0,0,0,0
"2023",4,2,4,7,55,0,2,2,2,2,2,0,0,0,0,0,0,0,0,0,0,0,0,0,0,0,0,0,0,0,0,0,0
"2023",4,1,2,8,64,0,2,2,2,2,2,0,0,0,0,0,0,0,0,0,0,0,0,0,0,0,0,0,0,0,0,0,0
"2023",4,2,4,1,35,0,2,2,2,2,2,0,0,0,0,0,0,0,0,0,0,0,0,0,0,0,0,0,0,0,0,0,0
"2023",1,2,3,7,42,30,1,2,2,2,2,3,2,2,2,1,2,0,0,0,0,0,0,0,0,0,0,0,0,0,0,0,0
"2023",4,2,3,1,51,0,2,2,2,2,2,0,0,0,0,0,0,0,0,0,0,0,0,0,0,0,0,0,0,0,0,0,0
"2023",1,2,4,7,23,60,2,2,1,2,2,0,0,0,0,0,0,0,0,0,0,0,0,0,0,0,3,2,2,1,2,1,0
"2023",4,1,3,7,66,0,2,2,2,2,2,0,0,0,0,0,0,0,0,0,0,0,0,0,0,0,0,0,0,0,0,0,0
"2023",4,2,2,1,46,0,2,2,2,2,2,0,0,0,0,0,0,0,0,0,0,0,0,0,0,0,0,0,0,0,0,0,0
"2023",4,1,2,8,71,0,2,2,2,2,2,0,0,0,0,0,0,0,0,0,0,0,0,0,0,0,0,0,0,0,0,0,0
"2023",1,2,4,7,43,30,2,1,2,2,2,0,0,0,0,0,0,4,2,2,2,1,2,2,2,1,0,0,0,0,0,0,0
"2023",4,2,2,1,53,0,2,2,2,2,2,0,0,0,0,0,0,0,0,0,0,0,0,0,0,0,0,0,0,0,0,0,0
"2023",3,1,3,1,47,10,2,2,1,2,2,0,0,0,0,0,0,0,0,0,0,0,0,0,0,0,4,1,1,2,2,1,0
"2023",4,1,4,1,57,0,2,2,2,2,2,0,0,0,0,0,0,0,0,0,0,0,0,0,0,0,0,0,0,0,0,0,0
"2023",4,1,7,1,43,0,2,2,2,2,2,0,0,0,0,0,0,0,0,0,0,0,0,0,0,0,0,0,0,0,0,0,0
"2023",3,2,4,7,62,25,2,1,2,2,2,0,0,0,0,0,0,4,2,2,2,2,2,2,2,1,0,0,0,0,0,0,0
"2023",3,2,3,1,43,25,2,1,2,2,2,0,0,0,0,0,0,4,2,2,2,2,2,2,2,1,0,0,0,0,0,0,0
"2023",3,2,3,7,35,30,2,1,2,2,2,0,0,0,0,0,0,4,2,2,2,2,2,2,2,1,0,0,0,0,0,0,0
"2023",4,1,4,1,19,0,2,2,2,2,2,0,0,0,0,0,0,0,0,0,0,0,0,0,0,0,0,0,0,0,0,0,0
"2023",4,2,4,1,40,0,2,2,2,2,2,0,0,0,0,0,0,0,0,0,0,0,0,0,0,0,0,0,0,0,0,0,0
"2023",0,2,0,8,77,0,0,0,0,0,0,0,0,0,0,0,0,0,0,0,0,0,0,0,0,0,0,0,0,0,0,0,0
"2023",1,2,3,7,48,35,1,2,2,2,2,4,2,2,1,2,2,0,0,0,0,0,0,0,0,0,0,0,0,0,0,0,0
"2023",1,2,4,7,31,30,1,1,2,2,2,4,2,2,1,2,2,4,2,2,1,2,1,2,2,2,0,0,0,0,0,0,0
"2023",4,1,2,1,63,0,2,2,2,2,2,0,0,0,0,0,0,0,0,0,0,0,0,0,0,0,0,0,0,0,0,0,0
"2023",3,2,4,1,49,25,2,1,1,2,2,0,0,0,0,0,0,4,2,2,2,2,2,2,2,1,3,2,2,1,1,1,0
"2023",4,2,4,1,40,0,2,2,2,2,2,0,0,0,0,0,0,0,0,0,0,0,0,0,0,0,0,0,0,0,0,0,0
"2023",1,2,3,8,58,40,1,2,2,2,2,4,2,2,2,1,2,0,0,0,0,0,0,0,0,0,0,0,0,0,0,0,0
"2023",1,1,7,1,23,60,1,1,2,2,1,2,1,1,2,2,2,2,2,2,2,2,2,1,2,2,0,0,0,0,0,0,1
"2023",1,2,7,7,25,40,1,1,2,2,1,2,2,1,1,2,2,3,2,2,1,2,2,2,1,2,0,0,0,0,0,0,2
"2023",4,1,7,1,30,0,2,2,2,2,2,0,0,0,0,0,0,0,0,0,0,0,0,0,0,0,0,0,0,0,0,0,0
"2023",4,2,2,7,70,0,2,2,2,2,2,0,0,0,0,0,0,0,0,0,0,0,0,0,0,0,0,0,0,0,0,0,0
"2023",1,1,4,8,67,30,1,2,1,2,2,3,2,2,1,1,2,0,0,0,0,0,0,0,0,0,3,1,2,1,2,2,0
"2023",1,1,3,1,60,30,1,2,2,2,2,1,1,2,2,2,2,0,0,0,0,0,0,0,0,0,0,0,0,0,0,0,0
"2023",3,1,4,6,19,30,1,2,2,2,1,2,2,1,2,2,2,0,0,0,0,0,0,0,0,0,0,0,0,0,0,0,3
"2023",1,1,8,1,38,60,1,2,2,2,1,3,1,1,2,1,2,0,0,0,0,0,0,0,0,0,0,0,0,0,0,0,3
"2023",4,2,7,7,53,0,2,2,2,2,2,0,0,0,0,0,0,0,0,0,0,0,0,0,0,0,0,0,0,0,0,0,0
"2023",1,2,7,1,50,30,1,1,2,2,2,3,2,2,1,1,2,3,2,2,2,1,2,2,2,2,0,0,0,0,0,0,0
"2023",1,2,3,1,42,30,1,2,2,2,1,5,2,2,1,2,2,0,0,0,0,0,0,0,0,0,0,0,0,0,0,0,3
"2023",3,2,2,7,66,60,1,2,2,2,2,4,1,2,1,2,2,0,0,0,0,0,0,0,0,0,0,0,0,0,0,0,0
"2023",1,2,6,1,41,120,1,2,2,2,2,4,2,2,2,1,2,0,0,0,0,0,0,0,0,0,0,0,0,0,0,0,0
"2023",1,1,4,1,30,40,1,2,1,2,2,1,1,2,2,2,2,0,0,0,0,0,0,0,0,0,3,1,1,1,2,1,0
"2023",3,1,2,8,72,20,2,2,1,2,2,0,0,0,0,0,0,0,0,0,0,0,0,0,0,0,4,2,1,2,2,1,0
"2023",1,1,2,8,83,20,1,2,2,2,2,3,2,2,2,2,1,0,0,0,0,0,0,0,0,0,0,0,0,0,0,0,0
"2023",0,2,0,7,79,0,0,0,0,0,0,0,0,0,0,0,0,0,0,0,0,0,0,0,0,0,0,0,0,0,0,0,0
"2023",0,2,0,7,52,0,0,0,0,0,0,0,0,0,0,0,0,0,0,0,0,0,0,0,0,0,0,0,0,0,0,0,0
"2023",1,1,7,7,30,90,2,2,1,2,1,0,0,0,0,0,0,0,0,0,0,0,0,0,0,0,3,1,2,1,2,1,3
"2023",1,1,3,1,24,10,2,1,2,2,1,0,0,0,0,0,0,3,2,2,2,2,2,1,2,2,0,0,0,0,0,0,3
"2023",1,1,4,1,19,30,1,2,2,2,1,2,2,1,2,2,2,0,0,0,0,0,0,0,0,0,0,0,0,0,0,0,2
"2023",1,2,7,8,63,90,1,2,2,2,1,5,2,2,1,2,2,0,0,0,0,0,0,0,0,0,0,0,0,0,0,0,3
"2023",1,2,2,1,62,60,1,2,1,2,2,3,1,2,2,1,1,0,0,0,0,0,0,0,0,0,3,1,1,1,1,1,0
"2023",1,2,7,8,58,30,1,1,2,2,2,4,2,2,2,2,1,4,2,2,1,1,2,2,2,2,0,0,0,0,0,0,0
"2023",1,1,7,1,35,30,1,1,2,2,2,3,2,1,2,2,1,3,2,2,2,2,2,2,1,2,0,0,0,0,0,0,0
"2023",1,1,8,8,72,30,1,1,2,2,1,3,2,2,2,2,1,4,2,2,2,2,2,2,1,2,0,0,0,0,0,0,3
"2023",1,2,7,1,66,60,1,1,1,2,1,3,2,2,2,1,1,4,2,1,2,2,2,2,2,2,3,1,2,2,1,2,3
"2023",4,1,4,1,74,0,2,2,2,2,2,0,0,0,0,0,0,0,0,0,0,0,0,0,0,0,0,0,0,0,0,0,0
"2023",1,2,7,2,36,60,1,1,2,2,1,3,1,1,2,2,2,3,2,2,2,2,2,2,2,1,0,0,0,0,0,0,4
"2023",1,1,6,8,76,60,1,1,1,2,2,4,2,2,2,2,1,4,2,2,2,2,2,2,1,1,3,2,1,1,2,1,0
"2023",1,2,8,1,35,20,1,2,1,2,1,3,1,2,1,2,2,0,0,0,0,0,0,0,0,0,3,1,1,2,2,1,4
"2023",4,2,3,1,35,0,2,2,2,2,2,0,0,0,0,0,0,0,0,0,0,0,0,0,0,0,0,0,0,0,0,0,0
"2023",1,2,2,7,51,20,2,1,1,1,2,0,0,0,0,0,0,3,2,2,2,1,2,1,2,2,3,2,1,1,2,2,0
"2023",4,1,3,1,34,0,2,2,2,2,2,0,0,0,0,0,0,0,0,0,0,0,0,0,0,0,0,0,0,0,0,0,0
"2023",1,1,3,1,59,30,2,2,1,2,2,0,0,0,0,0,0,0,0,0,0,0,0,0,0,0,3,1,1,2,2,1,0
"2023",4,1,3,8,78,0,2,2,2,2,2,0,0,0,0,0,0,0,0,0,0,0,0,0,0,0,0,0,0,0,0,0,0
"2023",1,2,2,1,37,60,1,1,1,2,2,3,1,2,2,1,2,4,2,1,2,2,2,2,2,1,3,1,1,1,1,1,0
"2023",1,2,7,1,69,40,1,2,2,2,2,3,2,2,2,1,2,0,0,0,0,0,0,0,0,0,0,0,0,0,0,0,0
"2023",4,2,2,7,55,0,2,2,2,2,2,0,0,0,0,0,0,0,0,0,0,0,0,0,0,0,0,0,0,0,0,0,0
"2023",1,1,7,8,64,30,1,2,2,2,2,4,2,1,2,2,2,0,0,0,0,0,0,0,0,0,0,0,0,0,0,0,0
"2023",4,1,4,1,52,0,2,2,2,2,2,0,0,0,0,0,0,0,0,0,0,0,0,0,0,0,0,0,0,0,0,0,0
"2023",4,2,4,1,41,0,2,2,2,2,2,0,0,0,0,0,0,0,0,0,0,0,0,0,0,0,0,0,0,0,0,0,0
"2023",3,2,4,1,50,10,2,1,2,2,2,0,0,0,0,0,0,4,2,2,2,1,2,2,2,1,0,0,0,0,0,0,0
"2023",0,2,0,7,70,0,0,0,0,0,0,0,0,0,0,0,0,0,0,0,0,0,0,0,0,0,0,0,0,0,0,0,0
"2023",4,1,2,1,31,0,2,2,2,2,2,0,0,0,0,0,0,0,0,0,0,0,0,0,0,0,0,0,0,0,0,0,0
"2023",4,2,2,7,37,0,2,2,2,2,2,0,0,0,0,0,0,0,0,0,0,0,0,0,0,0,0,0,0,0,0,0,0
"2023",1,1,7,1,69,90,1,2,2,2,1,3,2,1,2,2,1,0,0,0,0,0,0,0,0,0,0,0,0,0,0,0,1
"2023",3,1,6,1,41,15,2,2,1,2,2,0,0,0,0,0,0,0,0,0,0,0,0,0,0,0,3,1,1,2,2,1,0
"2023",4,1,7,1,49,0,2,2,2,2,2,0,0,0,0,0,0,0,0,0,0,0,0,0,0,0,0,0,0,0,0,0,0
"2023",1,2,3,1,58,60,1,2,2,2,2,5,2,2,1,2,2,0,0,0,0,0,0,0,0,0,0,0,0,0,0,0,0
"2023",1,2,6,4,25,30,1,2,2,2,1,4,1,2,2,1,2,0,0,0,0,0,0,0,0,0,0,0,0,0,0,0,3
"2023",1,1,6,1,32,30,1,2,2,2,2,3,2,1,2,2,2,0,0,0,0,0,0,0,0,0,0,0,0,0,0,0,0
"2023",1,2,2,7,50,10,1,2,2,2,2,4,2,2,1,2,2,0,0,0,0,0,0,0,0,0,0,0,0,0,0,0,0
"2023",4,2,3,7,58,0,2,2,2,2,2,0,0,0,0,0,0,0,0,0,0,0,0,0,0,0,0,0,0,0,0,0,0
"2023",4,2,4,1,24,0,2,2,2,2,2,0,0,0,0,0,0,0,0,0,0,0,0,0,0,0,0,0,0,0,0,0,0
"2023",1,2,4,7,57,10,2,2,1,2,2,0,0,0,0,0,0,0,0,0,0,0,0,0,0,0,3,1,1,1,1,1,0
"2023",3,1,7,1,29,15,2,2,2,2,1,0,0,0,0,0,0,0,0,0,0,0,0,0,0,0,0,0,0,0,0,0,1
"2023",4,1,7,1,51,0,2,2,2,2,2,0,0,0,0,0,0,0,0,0,0,0,0,0,0,0,0,0,0,0,0,0,0
"2023",3,2,7,1,44,20,1,1,2,2,1,4,2,2,2,1,1,4,2,2,2,2,2,2,2,1,0,0,0,0,0,0,4
"2023",4,2,2,7,68,0,2,2,2,2,2,0,0,0,0,0,0,0,0,0,0,0,0,0,0,0,0,0,0,0,0,0,0
"2023",1,2,2,7,52,60,2,1,2,2,1,0,0,0,0,0,0,4,2,2,1,2,2,2,2,2,0,0,0,0,0,0,4
"2023",3,2,6,1,37,5,2,2,1,2,2,0,0,0,0,0,0,0,0,0,0,0,0,0,0,0,1,2,2,1,2,2,0
"2023",1,2,2,2,64,60,1,1,2,2,1,5,2,2,1,2,2,5,2,2,1,2,1,2,2,2,0,0,0,0,0,0,4
"2023",1,2,4,1,32,30,1,2,2,2,2,4,2,2,2,1,2,0,0,0,0,0,0,0,0,0,0,0,0,0,0,0,0
"2023",2,2,3,1,49,0,2,2,2,2,2,0,0,0,0,0,0,0,0,0,0,0,0,0,0,0,0,0,0,0,0,0,0
"2023",4,2,2,8,84,0,2,2,2,2,2,0,0,0,0,0,0,0,0,0,0,0,0,0,0,0,0,0,0,0,0,0,0
"2023",1,1,3,8,72,360,1,2,2,2,2,4,2,2,1,2,2,0,0,0,0,0,0,0,0,0,0,0,0,0,0,0,0
"2023",4,1,2,8,85,0,2,2,2,2,2,0,0,0,0,0,0,0,0,0,0,0,0,0,0,0,0,0,0,0,0,0,0
"2023",4,1,2,1,53,0,2,2,2,2,2,0,0,0,0,0,0,0,0,0,0,0,0,0,0,0,0,0,0,0,0,0,0
"2023",1,1,7,1,42,30,1,1,1,2,1,4,2,2,1,2,2,4,1,1,2,2,2,1,1,2,3,1,1,2,2,2,4
"2023",3,1,7,1,31,15,2,2,1,2,2,0,0,0,0,0,0,0,0,0,0,0,0,0,0,0,4,1,1,1,2,1,0
"2023",3,1,4,1,52,15,2,2,1,2,2,0,0,0,0,0,0,0,0,0,0,0,0,0,0,0,4,1,1,2,2,2,0
"2023",1,2,3,1,31,40,1,2,2,2,2,3,2,1,2,2,2,0,0,0,0,0,0,0,0,0,0,0,0,0,0,0,0
"2023",3,2,4,7,51,20,2,1,2,2,2,0,0,0,0,0,0,5,2,2,2,2,1,2,2,2,0,0,0,0,0,0,0
"2023",1,2,2,1,26,30,1,2,2,2,2,3,2,1,2,2,2,0,0,0,0,0,0,0,0,0,0,0,0,0,0,0,0
"2023",4,1,4,1,41,0,2,2,2,2,2,0,0,0,0,0,0,0,0,0,0,0,0,0,0,0,0,0,0,0,0,0,0
"2023",3,1,7,1,27,30,1,2,2,2,2,3,2,2,2,1,2,0,0,0,0,0,0,0,0,0,0,0,0,0,0,0,0
"2023",1,2,7,1,29,30,1,2,2,2,2,4,2,1,2,2,2,0,0,0,0,0,0,0,0,0,0,0,0,0,0,0,0
"2023",1,1,7,1,73,60,1,2,2,2,2,4,2,1,2,1,1,0,0,0,0,0,0,0,0,0,0,0,0,0,0,0,0
"2023",4,1,7,8,66,0,2,2,2,2,2,0,0,0,0,0,0,0,0,0,0,0,0,0,0,0,0,0,0,0,0,0,0
"2023",1,1,7,4,31,90,1,2,2,2,1,4,2,2,1,2,2,0,0,0,0,0,0,0,0,0,0,0,0,0,0,0,3
"2023",1,1,3,8,75,180,2,2,1,2,2,0,0,0,0,0,0,0,0,0,0,0,0,0,0,0,3,1,1,1,1,1,0
"2023",3,2,6,8,72,20,2,1,2,2,2,0,0,0,0,0,0,5,2,2,2,2,1,2,2,2,0,0,0,0,0,0,0
"2023",1,1,7,1,34,30,2,2,1,2,1,0,0,0,0,0,0,0,0,0,0,0,0,0,0,0,3,1,1,2,2,1,1
"2023",4,2,7,7,41,0,2,2,2,2,2,0,0,0,0,0,0,0,0,0,0,0,0,0,0,0,0,0,0,0,0,0,0
"2023",3,2,3,1,21,30,2,1,2,2,2,0,0,0,0,0,0,4,2,2,2,2,2,2,2,1,0,0,0,0,0,0,0
"2023",3,2,3,1,23,20,2,1,2,2,2,0,0,0,0,0,0,4,2,2,2,2,2,2,2,1,0,0,0,0,0,0,0
"2023",4,2,2,1,54,0,2,2,2,2,2,0,0,0,0,0,0,0,0,0,0,0,0,0,0,0,0,0,0,0,0,0,0
"2023",4,2,2,1,64,0,2,2,2,2,2,0,0,0,0,0,0,0,0,0,0,0,0,0,0,0,0,0,0,0,0,0,0
"2023",3,2,4,1,32,20,2,1,2,2,2,0,0,0,0,0,0,4,2,2,2,2,2,2,2,1,0,0,0,0,0,0,0
"2023",3,1,8,1,40,30,1,2,2,2,1,1,1,2,2,2,2,0,0,0,0,0,0,0,0,0,0,0,0,0,0,0,1
"2023",1,2,4,2,28,15,1,2,2,2,2,3,2,2,1,2,2,0,0,0,0,0,0,0,0,0,0,0,0,0,0,0,0
"2023",1,1,4,1,29,30,1,2,2,2,2,4,2,2,2,2,1,0,0,0,0,0,0,0,0,0,0,0,0,0,0,0,0
"2023",1,2,2,7,80,15,2,1,2,2,2,0,0,0,0,0,0,5,2,2,2,2,1,2,2,2,0,0,0,0,0,0,0
"2023",4,1,4,8,70,0,2,2,2,2,2,0,0,0,0,0,0,0,0,0,0,0,0,0,0,0,0,0,0,0,0,0,0
"2023",0,2,0,7,18,0,0,0,0,0,0,0,0,0,0,0,0,0,0,0,0,0,0,0,0,0,0,0,0,0,0,0,0
"2023",1,2,3,7,23,60,1,2,2,1,2,4,2,2,1,1,2,0,0,0,0,0,0,0,0,0,0,0,0,0,0,0,0
"2023",4,2,2,1,34,0,2,2,2,2,2,0,0,0,0,0,0,0,0,0,0,0,0,0,0,0,0,0,0,0,0,0,0
"2023",4,1,2,1,70,0,2,2,2,2,2,0,0,0,0,0,0,0,0,0,0,0,0,0,0,0,0,0,0,0,0,0,0
"2023",1,1,7,1,67,45,1,2,2,2,2,4,2,2,2,1,2,0,0,0,0,0,0,0,0,0,0,0,0,0,0,0,0
"2023",1,2,7,6,22,30,2,2,2,2,1,0,0,0,0,0,0,0,0,0,0,0,0,0,0,0,0,0,0,0,0,0,3
"2023",1,1,7,1,42,120,1,1,2,2,1,4,2,1,2,1,1,4,2,1,2,2,2,1,2,1,0,0,0,0,0,0,4
"2023",1,2,7,1,39,25,1,2,2,2,1,3,2,2,2,1,2,0,0,0,0,0,0,0,0,0,0,0,0,0,0,0,4
"2023",4,2,2,1,49,0,2,2,2,2,2,0,0,0,0,0,0,0,0,0,0,0,0,0,0,0,0,0,0,0,0,0,0
"2023",1,2,4,1,50,30,1,1,2,2,2,3,2,1,2,2,2,5,2,2,2,2,1,2,2,2,0,0,0,0,0,0,0
"2023",4,2,6,1,59,0,2,2,2,2,2,0,0,0,0,0,0,0,0,0,0,0,0,0,0,0,0,0,0,0,0,0,0
"2023",3,2,2,7,46,10,2,1,2,2,2,0,0,0,0,0,0,4,2,2,2,2,2,2,2,1,0,0,0,0,0,0,0
"2023",3,2,4,1,40,30,1,2,2,2,2,4,2,2,2,1,2,0,0,0,0,0,0,0,0,0,0,0,0,0,0,0,0
"2023",4,2,4,7,29,0,2,2,2,2,2,0,0,0,0,0,0,0,0,0,0,0,0,0,0,0,0,0,0,0,0,0,0
"2023",1,1,4,1,24,30,1,1,2,2,1,4,2,2,2,1,2,4,1,2,2,2,2,2,2,2,0,0,0,0,0,0,3
"2023",4,2,4,1,46,0,2,2,2,2,2,0,0,0,0,0,0,0,0,0,0,0,0,0,0,0,0,0,0,0,0,0,0
"2023",3,1,4,1,33,15,2,2,1,2,2,0,0,0,0,0,0,0,0,0,0,0,0,0,0,0,4,2,1,2,2,2,0
"2023",1,2,4,1,54,15,2,2,2,2,1,0,0,0,0,0,0,0,0,0,0,0,0,0,0,0,0,0,0,0,0,0,4
"2023",1,2,2,7,61,30,1,2,2,2,2,4,2,1,1,2,2,0,0,0,0,0,0,0,0,0,0,0,0,0,0,0,0
"2023",1,2,3,7,23,30,1,2,2,2,2,4,2,1,2,2,1,0,0,0,0,0,0,0,0,0,0,0,0,0,0,0,0
"2023",3,2,2,7,19,15,2,2,2,2,1,0,0,0,0,0,0,0,0,0,0,0,0,0,0,0,0,0,0,0,0,0,3
"2023",1,2,7,1,43,60,1,2,2,2,1,3,2,2,2,2,1,0,0,0,0,0,0,0,0,0,0,0,0,0,0,0,4
"2023",4,2,4,7,43,0,2,2,2,2,2,0,0,0,0,0,0,0,0,0,0,0,0,0,0,0,0,0,0,0,0,0,0
"2023",4,1,3,1,56,0,2,2,2,2,2,0,0,0,0,0,0,0,0,0,0,0,0,0,0,0,0,0,0,0,0,0,0
"2023",4,1,4,3,49,0,2,2,2,2,2,0,0,0,0,0,0,0,0,0,0,0,0,0,0,0,0,0,0,0,0,0,0
"2023",1,1,7,1,25,15,2,1,1,2,1,0,0,0,0,0,0,4,2,2,2,1,2,2,2,2,3,2,1,2,2,2,3
"2023",1,2,7,1,58,30,1,2,2,2,1,3,2,1,2,2,2,0,0,0,0,0,0,0,0,0,0,0,0,0,0,0,1
"2023",1,1,7,1,23,45,1,2,2,2,1,2,2,1,2,1,2,0,0,0,0,0,0,0,0,0,0,0,0,0,0,0,2
"2023",3,1,7,1,44,40,2,2,2,2,1,0,0,0,0,0,0,0,0,0,0,0,0,0,0,0,0,0,0,0,0,0,4
"2023",1,2,7,7,49,25,1,2,2,2,2,4,2,2,2,1,2,0,0,0,0,0,0,0,0,0,0,0,0,0,0,0,0
"2023",1,2,2,7,80,60,1,2,2,2,2,4,2,2,1,2,2,0,0,0,0,0,0,0,0,0,0,0,0,0,0,0,0
"2023",1,2,4,7,47,10,1,2,2,2,2,5,2,2,1,2,2,0,0,0,0,0,0,0,0,0,0,0,0,0,0,0,0
"2023",3,1,7,1,34,30,1,2,2,2,2,4,2,2,2,1,2,0,0,0,0,0,0,0,0,0,0,0,0,0,0,0,0
"2023",1,2,7,6,22,240,1,2,2,2,1,4,2,2,2,1,2,0,0,0,0,0,0,0,0,0,0,0,0,0,0,0,2
"2023",4,2,2,1,60,0,2,2,2,2,2,0,0,0,0,0,0,0,0,0,0,0,0,0,0,0,0,0,0,0,0,0,0
"2023",4,2,3,7,37,0,2,2,2,2,2,0,0,0,0,0,0,0,0,0,0,0,0,0,0,0,0,0,0,0,0,0,0
"2023",1,1,7,10,74,30,1,2,2,2,2,4,2,2,2,1,1,0,0,0,0,0,0,0,0,0,0,0,0,0,0,0,0
"2023",1,1,7,1,24,30,1,2,2,2,1,4,2,1,2,2,2,0,0,0,0,0,0,0,0,0,0,0,0,0,0,0,4
"2023",4,2,4,1,24,0,2,2,2,2,2,0,0,0,0,0,0,0,0,0,0,0,0,0,0,0,0,0,0,0,0,0,0
"2023",3,1,3,1,49,10,2,2,1,2,2,0,0,0,0,0,0,0,0,0,0,0,0,0,0,0,4,2,1,2,2,2,0
"2023",1,1,7,1,26,20,1,1,2,2,1,4,2,2,2,2,1,4,2,2,2,1,2,2,1,2,0,0,0,0,0,0,3
"2023",1,2,2,7,76,30,1,2,2,2,2,4,2,1,2,1,2,0,0,0,0,0,0,0,0,0,0,0,0,0,0,0,0
"2023",1,1,6,8,71,30,1,2,2,2,2,3,2,1,2,1,2,0,0,0,0,0,0,0,0,0,0,0,0,0,0,0,0
"2023",1,2,4,1,29,30,1,2,2,2,1,4,2,2,2,1,1,0,0,0,0,0,0,0,0,0,0,0,0,0,0,0,4
"2023",1,2,4,7,63,25,1,2,2,2,2,4,2,2,1,2,2,0,0,0,0,0,0,0,0,0,0,0,0,0,0,0,0
"2023",1,2,4,1,28,15,2,1,2,2,2,0,0,0,0,0,0,4,2,2,2,2,2,2,2,1,0,0,0,0,0,0,0
"2023",1,2,7,1,23,25,1,2,2,2,1,4,2,2,1,2,2,0,0,0,0,0,0,0,0,0,0,0,0,0,0,0,4
"2023",4,2,4,7,27,0,2,2,2,2,2,0,0,0,0,0,0,0,0,0,0,0,0,0,0,0,0,0,0,0,0,0,0
"2023",1,2,7,1,25,60,1,2,2,1,1,4,1,2,2,1,2,0,0,0,0,0,0,0,0,0,0,0,0,0,0,0,3
"2023",1,1,7,1,62,120,1,1,2,2,2,3,1,1,1,1,1,3,2,1,1,2,1,1,2,2,0,0,0,0,0,0,0
"2023",4,1,4,1,59,0,2,2,2,2,2,0,0,0,0,0,0,0,0,0,0,0,0,0,0,0,0,0,0,0,0,0,0
"2023",1,1,7,1,26,20,2,2,2,1,1,0,0,0,0,0,0,0,0,0,0,0,0,0,0,0,0,0,0,0,0,0,4
"2023",4,2,5,8,56,0,2,2,2,2,2,0,0,0,0,0,0,0,0,0,0,0,0,0,0,0,0,0,0,0,0,0,0
"2023",4,2,7,1,36,0,2,2,2,2,2,0,0,0,0,0,0,0,0,0,0,0,0,0,0,0,0,0,0,0,0,0,0
"2023",4,2,2,7,71,0,2,2,2,2,2,0,0,0,0,0,0,0,0,0,0,0,0,0,0,0,0,0,0,0,0,0,0
"2023",3,1,4,1,20,45,1,2,2,2,1,1,2,1,2,1,2,0,0,0,0,0,0,0,0,0,0,0,0,0,0,0,3
"2023",3,2,3,1,32,30,1,2,2,2,2,4,2,2,2,1,2,0,0,0,0,0,0,0,0,0,0,0,0,0,0,0,0
"2023",1,2,4,1,62,20,2,2,1,2,2,0,0,0,0,0,0,0,0,0,0,0,0,0,0,0,4,1,2,1,1,2,0
"2023",4,1,4,1,42,0,2,2,2,2,2,0,0,0,0,0,0,0,0,0,0,0,0,0,0,0,0,0,0,0,0,0,0
"2023",3,2,3,1,34,30,1,2,2,2,2,4,2,2,2,1,2,0,0,0,0,0,0,0,0,0,0,0,0,0,0,0,0
"2023",2,2,7,1,64,0,2,2,2,2,2,0,0,0,0,0,0,0,0,0,0,0,0,0,0,0,0,0,0,0,0,0,0
"2023",1,1,2,1,50,20,1,2,2,2,2,3,2,2,1,2,2,0,0,0,0,0,0,0,0,0,0,0,0,0,0,0,0
"2023",3,2,4,6,24,30,1,2,2,2,2,3,2,2,2,1,2,0,0,0,0,0,0,0,0,0,0,0,0,0,0,0,0
"2023",4,2,3,1,35,0,2,2,2,2,2,0,0,0,0,0,0,0,0,0,0,0,0,0,0,0,0,0,0,0,0,0,0
"2023",1,2,3,1,31,40,1,2,2,2,2,4,2,2,2,1,2,0,0,0,0,0,0,0,0,0,0,0,0,0,0,0,0
"2023",4,2,4,7,35,0,2,2,2,2,2,0,0,0,0,0,0,0,0,0,0,0,0,0,0,0,0,0,0,0,0,0,0
"2023",4,2,3,1,36,0,2,2,2,2,2,0,0,0,0,0,0,0,0,0,0,0,0,0,0,0,0,0,0,0,0,0,0
"2023",4,2,2,7,86,0,2,2,2,2,2,0,0,0,0,0,0,0,0,0,0,0,0,0,0,0,0,0,0,0,0,0,0
"2023",4,1,4,1,42,0,2,2,2,2,2,0,0,0,0,0,0,0,0,0,0,0,0,0,0,0,0,0,0,0,0,0,0
"2023",1,1,4,1,42,10,2,1,2,2,2,0,0,0,0,0,0,4,2,2,2,2,2,2,1,2,0,0,0,0,0,0,0
"2023",4,2,2,1,53,0,2,2,2,2,2,0,0,0,0,0,0,0,0,0,0,0,0,0,0,0,0,0,0,0,0,0,0
"2023",4,2,6,7,58,0,2,2,2,2,2,0,0,0,0,0,0,0,0,0,0,0,0,0,0,0,0,0,0,0,0,0,0
"2023",1,2,4,7,29,30,1,2,2,2,2,4,2,2,1,2,2,0,0,0,0,0,0,0,0,0,0,0,0,0,0,0,0
"2023",1,1,2,8,79,30,1,2,2,2,2,4,2,1,2,2,2,0,0,0,0,0,0,0,0,0,0,0,0,0,0,0,0
"2023",1,2,3,7,20,30,1,2,2,2,1,4,2,2,2,1,2,0,0,0,0,0,0,0,0,0,0,0,0,0,0,0,3
"2023",1,1,6,1,44,35,1,2,2,2,2,4,2,2,2,1,1,0,0,0,0,0,0,0,0,0,0,0,0,0,0,0,0
"2023",4,2,2,7,71,0,2,2,2,2,2,0,0,0,0,0,0,0,0,0,0,0,0,0,0,0,0,0,0,0,0,0,0
"2023",3,2,7,1,58,5,2,1,2,2,2,0,0,0,0,0,0,4,2,2,2,2,2,2,1,2,0,0,0,0,0,0,0
"2023",1,2,8,1,59,30,1,2,1,2,2,3,2,1,2,2,2,0,0,0,0,0,0,0,0,0,4,1,2,2,2,1,0
"2023",4,2,4,7,31,0,2,2,2,2,2,0,0,0,0,0,0,0,0,0,0,0,0,0,0,0,0,0,0,0,0,0,0
"2023",1,2,3,7,44,40,2,1,2,2,2,0,0,0,0,0,0,5,2,2,2,2,1,2,2,2,0,0,0,0,0,0,0
"2023",1,2,7,1,43,60,1,2,2,2,2,4,2,2,2,1,1,0,0,0,0,0,0,0,0,0,0,0,0,0,0,0,0
"2023",3,2,2,7,72,15,1,2,2,2,2,5,2,2,1,2,2,0,0,0,0,0,0,0,0,0,0,0,0,0,0,0,0
"2023",3,1,7,1,27,20,2,1,2,2,1,0,0,0,0,0,0,3,2,2,2,2,2,2,2,1,0,0,0,0,0,0,4
"2023",4,2,2,7,47,0,2,2,2,2,2,0,0,0,0,0,0,0,0,0,0,0,0,0,0,0,0,0,0,0,0,0,0
"2023",4,2,4,4,26,0,2,2,2,2,2,0,0,0,0,0,0,0,0,0,0,0,0,0,0,0,0,0,0,0,0,0,0
"2023",1,2,7,1,24,40,1,1,2,2,1,3,2,2,2,2,1,4,2,2,2,1,2,2,2,1,0,0,0,0,0,0,3
"2023",4,2,3,2,38,0,2,2,2,2,2,0,0,0,0,0,0,0,0,0,0,0,0,0,0,0,0,0,0,0,0,0,0
"2023",4,2,4,1,47,0,2,2,2,2,2,0,0,0,0,0,0,0,0,0,0,0,0,0,0,0,0,0,0,0,0,0,0
"2023",1,2,3,1,40,40,1,1,2,2,2,4,2,2,1,2,2,4,2,2,2,2,2,2,2,1,0,0,0,0,0,0,0
"2023",3,2,4,1,43,20,1,2,2,2,2,3,2,2,1,2,2,0,0,0,0,0,0,0,0,0,0,0,0,0,0,0,0
"2023",3,2,4,1,38,15,1,2,2,2,2,3,2,2,1,1,2,0,0,0,0,0,0,0,0,0,0,0,0,0,0,0,0
"2023",4,1,3,1,37,0,2,2,2,2,2,0,0,0,0,0,0,0,0,0,0,0,0,0,0,0,0,0,0,0,0,0,0
"2023",4,2,3,1,37,0,2,2,2,2,2,0,0,0,0,0,0,0,0,0,0,0,0,0,0,0,0,0,0,0,0,0,0
"2023",1,1,7,1,26,25,1,2,2,2,2,3,2,1,2,1,2,0,0,0,0,0,0,0,0,0,0,0,0,0,0,0,0
"2023",1,1,7,1,33,30,1,2,2,2,2,3,2,2,2,2,1,0,0,0,0,0,0,0,0,0,0,0,0,0,0,0,0
"2023",1,2,4,1,28,120,1,2,2,2,2,1,2,1,2,2,2,0,0,0,0,0,0,0,0,0,0,0,0,0,0,0,0
"2023",1,2,7,7,37,60,1,2,2,2,2,3,2,2,2,1,1,0,0,0,0,0,0,0,0,0,0,0,0,0,0,0,0
"2023",1,2,7,1,59,180,1,2,2,2,1,1,2,1,2,2,1,0,0,0,0,0,0,0,0,0,0,0,0,0,0,0,4
"2023",1,2,7,6,21,35,1,2,2,2,1,3,2,2,2,1,1,0,0,0,0,0,0,0,0,0,0,0,0,0,0,0,3
"2023",4,2,6,7,72,0,2,2,2,2,2,0,0,0,0,0,0,0,0,0,0,0,0,0,0,0,0,0,0,0,0,0,0
"2023",1,2,8,1,46,35,1,2,2,2,1,1,2,1,2,2,2,0,0,0,0,0,0,0,0,0,0,0,0,0,0,0,1
"2023",4,2,2,1,32,0,2,2,2,2,2,0,0,0,0,0,0,0,0,0,0,0,0,0,0,0,0,0,0,0,0,0,0
"2023",4,2,2,7,57,0,2,2,2,2,2,0,0,0,0,0,0,0,0,0,0,0,0,0,0,0,0,0,0,0,0,0,0
"2023",4,2,2,7,70,0,2,2,2,2,2,0,0,0,0,0,0,0,0,0,0,0,0,0,0,0,0,0,0,0,0,0,0
"2023",1,1,3,1,50,25,1,2,2,2,1,4,2,2,2,2,1,0,0,0,0,0,0,0,0,0,0,0,0,0,0,0,3
"2023",4,2,4,1,44,0,2,2,2,2,2,0,0,0,0,0,0,0,0,0,0,0,0,0,0,0,0,0,0,0,0,0,0
"2023",1,2,4,1,49,30,1,2,2,2,2,3,2,2,2,2,1,0,0,0,0,0,0,0,0,0,0,0,0,0,0,0,0
"2023",4,2,4,1,39,0,2,2,2,2,2,0,0,0,0,0,0,0,0,0,0,0,0,0,0,0,0,0,0,0,0,0,0
"2023",1,1,7,1,27,90,1,2,2,2,2,4,2,1,2,2,1,0,0,0,0,0,0,0,0,0,0,0,0,0,0,0,0
"2023",1,2,7,7,64,30,1,2,2,2,2,4,2,1,2,2,1,0,0,0,0,0,0,0,0,0,0,0,0,0,0,0,0
"2023",1,2,7,1,63,30,1,2,2,2,1,3,2,2,2,1,2,0,0,0,0,0,0,0,0,0,0,0,0,0,0,0,4
"2023",1,2,7,1,50,240,1,2,2,2,1,2,2,1,2,2,2,0,0,0,0,0,0,0,0,0,0,0,0,0,0,0,2
"2023",1,2,2,7,63,30,1,1,2,2,2,5,2,2,1,2,2,3,2,2,2,2,1,2,2,2,0,0,0,0,0,0,0
"2023",3,2,3,1,38,10,2,2,2,2,1,0,0,0,0,0,0,0,0,0,0,0,0,0,0,0,0,0,0,0,0,0,4
"2023",4,2,2,2,47,0,2,2,2,2,2,0,0,0,0,0,0,0,0,0,0,0,0,0,0,0,0,0,0,0,0,0,0
"2023",1,2,7,1,48,120,1,2,1,2,1,4,2,1,1,1,2,0,0,0,0,0,0,0,0,0,3,2,2,1,1,1,3
"2023",1,2,7,1,45,30,1,2,1,2,1,4,2,2,2,1,2,0,0,0,0,0,0,0,0,0,3,1,2,1,2,1,4
"2023",3,1,7,1,37,30,2,1,1,2,1,0,0,0,0,0,0,1,2,2,2,2,2,1,1,2,4,1,1,1,1,1,1
"2023",4,1,6,1,59,0,2,2,2,2,2,0,0,0,0,0,0,0,0,0,0,0,0,0,0,0,0,0,0,0,0,0,0
"2023",1,2,4,6,21,20,1,2,2,2,1,2,2,1,2,1,1,0,0,0,0,0,0,0,0,0,0,0,0,0,0,0,2
"2023",1,2,7,1,26,45,1,2,2,2,1,4,2,2,2,2,1,0,0,0,0,0,0,0,0,0,0,0,0,0,0,0,2
"2023",1,2,3,7,68,20,1,2,1,2,2,4,2,2,2,1,2,0,0,0,0,0,0,0,0,0,3,2,1,2,2,1,0
"2023",1,2,2,8,78,30,2,1,2,2,2,0,0,0,0,0,0,5,2,2,2,2,1,2,1,2,0,0,0,0,0,0,0
"2023",4,2,6,8,63,0,2,2,2,2,2,0,0,0,0,0,0,0,0,0,0,0,0,0,0,0,0,0,0,0,0,0,0
"2023",1,2,2,8,72,15,2,1,2,2,2,0,0,0,0,0,0,4,2,2,2,2,1,2,2,2,0,0,0,0,0,0,0
"2023",0,2,0,7,72,0,0,0,0,0,0,0,0,0,0,0,0,0,0,0,0,0,0,0,0,0,0,0,0,0,0,0,0
"2023",4,2,4,7,65,0,2,2,2,2,2,0,0,0,0,0,0,0,0,0,0,0,0,0,0,0,0,0,0,0,0,0,0
"2023",4,2,2,7,47,0,2,2,2,2,2,0,0,0,0,0,0,0,0,0,0,0,0,0,0,0,0,0,0,0,0,0,0
"2023",3,1,4,1,25,30,2,2,2,2,1,0,0,0,0,0,0,0,0,0,0,0,0,0,0,0,0,0,0,0,0,0,4
"2023",1,2,7,1,24,60,1,2,2,2,1,2,2,1,2,1,2,0,0,0,0,0,0,0,0,0,0,0,0,0,0,0,3
"2023",4,1,3,1,47,0,2,2,2,2,2,0,0,0,0,0,0,0,0,0,0,0,0,0,0,0,0,0,0,0,0,0,0
"2023",3,2,7,1,37,15,2,2,2,2,1,0,0,0,0,0,0,0,0,0,0,0,0,0,0,0,0,0,0,0,0,0,4
"2023",3,1,7,1,37,30,1,2,2,2,1,3,2,2,2,2,1,0,0,0,0,0,0,0,0,0,0,0,0,0,0,0,1
"2023",4,2,7,7,38,0,2,2,2,2,2,0,0,0,0,0,0,0,0,0,0,0,0,0,0,0,0,0,0,0,0,0,0
"2023",3,2,4,1,53,10,2,1,2,2,2,0,0,0,0,0,0,4,2,2,2,2,2,2,2,1,0,0,0,0,0,0,0
"2023",1,1,2,8,79,30,1,2,2,2,2,4,2,2,2,2,1,0,0,0,0,0,0,0,0,0,0,0,0,0,0,0,0
"2023",4,2,4,1,30,0,2,2,2,2,2,0,0,0,0,0,0,0,0,0,0,0,0,0,0,0,0,0,0,0,0,0,0
"2023",2,1,2,8,73,0,2,2,2,2,2,0,0,0,0,0,0,0,0,0,0,0,0,0,0,0,0,0,0,0,0,0,0
"2023",4,1,3,1,57,0,2,2,2,2,2,0,0,0,0,0,0,0,0,0,0,0,0,0,0,0,0,0,0,0,0,0,0
"2023",1,2,8,1,32,20,1,2,2,2,1,3,2,2,2,2,1,0,0,0,0,0,0,0,0,0,0,0,0,0,0,0,4
"2023",4,2,3,1,44,0,2,2,2,2,2,0,0,0,0,0,0,0,0,0,0,0,0,0,0,0,0,0,0,0,0,0,0
"2023",4,2,2,10,71,0,2,2,2,2,2,0,0,0,0,0,0,0,0,0,0,0,0,0,0,0,0,0,0,0,0,0,0
"2023",4,2,3,1,22,0,2,2,2,2,2,0,0,0,0,0,0,0,0,0,0,0,0,0,0,0,0,0,0,0,0,0,0
"2023",1,2,7,1,61,15,2,1,2,2,2,0,0,0,0,0,0,4,2,2,2,2,2,2,1,2,0,0,0,0,0,0,0
"2023",1,2,3,7,55,30,1,2,2,2,2,4,2,2,2,1,1,0,0,0,0,0,0,0,0,0,0,0,0,0,0,0,0
"2023",1,1,7,1,51,90,1,2,2,2,2,4,2,1,2,1,1,0,0,0,0,0,0,0,0,0,0,0,0,0,0,0,0
"2023",1,1,6,1,33,30,1,2,2,2,2,3,2,1,2,2,2,0,0,0,0,0,0,0,0,0,0,0,0,0,0,0,0
"2023",1,1,4,1,46,20,2,2,1,2,2,0,0,0,0,0,0,0,0,0,0,0,0,0,0,0,4,1,1,1,1,1,0
"2023",4,2,3,7,33,0,2,2,2,2,2,0,0,0,0,0,0,0,0,0,0,0,0,0,0,0,0,0,0,0,0,0,0
"2023",1,1,4,1,32,120,1,2,2,2,2,3,1,1,2,2,2,0,0,0,0,0,0,0,0,0,0,0,0,0,0,0,0
"2023",3,2,3,1,61,30,1,2,2,2,2,4,2,2,2,1,2,0,0,0,0,0,0,0,0,0,0,0,0,0,0,0,0
"2023",3,2,4,1,41,20,1,2,2,2,2,4,2,2,2,1,2,0,0,0,0,0,0,0,0,0,0,0,0,0,0,0,0
"2023",4,2,3,7,42,0,2,2,2,2,2,0,0,0,0,0,0,0,0,0,0,0,0,0,0,0,0,0,0,0,0,0,0
"2023",3,2,2,7,66,20,1,2,2,2,2,5,2,2,2,1,2,0,0,0,0,0,0,0,0,0,0,0,0,0,0,0,0
"2023",4,2,4,1,48,0,2,2,2,2,2,0,0,0,0,0,0,0,0,0,0,0,0,0,0,0,0,0,0,0,0,0,0
"2023",4,2,3,7,55,0,2,2,2,2,2,0,0,0,0,0,0,0,0,0,0,0,0,0,0,0,0,0,0,0,0,0,0
"2023",1,2,3,7,39,30,1,2,2,2,2,4,2,1,1,2,2,0,0,0,0,0,0,0,0,0,0,0,0,0,0,0,0
"2023",4,2,3,7,77,0,2,2,2,2,2,0,0,0,0,0,0,0,0,0,0,0,0,0,0,0,0,0,0,0,0,0,0
"2023",1,1,7,8,68,20,2,2,1,2,2,0,0,0,0,0,0,0,0,0,0,0,0,0,0,0,3,1,1,2,1,1,0
"2023",1,2,4,1,57,120,1,2,2,2,1,4,2,2,1,2,2,0,0,0,0,0,0,0,0,0,0,0,0,0,0,0,3
"2023",1,2,6,7,78,60,1,1,2,2,2,4,2,2,2,1,1,4,2,2,2,1,2,2,2,1,0,0,0,0,0,0,0
"2023",1,1,6,1,58,30,1,2,2,2,2,3,2,2,2,1,2,0,0,0,0,0,0,0,0,0,0,0,0,0,0,0,0
"2023",1,1,7,1,26,30,1,2,2,2,1,4,2,2,2,1,1,0,0,0,0,0,0,0,0,0,0,0,0,0,0,0,3
"2023",1,1,4,1,36,20,1,2,2,2,2,4,2,2,2,1,2,0,0,0,0,0,0,0,0,0,0,0,0,0,0,0,0
"2023",1,2,3,1,38,60,1,2,2,2,2,1,2,2,1,2,2,0,0,0,0,0,0,0,0,0,0,0,0,0,0,0,0
"2023",1,1,4,1,70,20,1,2,2,2,2,4,2,2,2,2,1,0,0,0,0,0,0,0,0,0,0,0,0,0,0,0,0
"2023",1,2,4,1,22,15,2,2,2,2,1,0,0,0,0,0,0,0,0,0,0,0,0,0,0,0,0,0,0,0,0,0,4
"2023",4,2,3,8,63,0,2,2,2,2,2,0,0,0,0,0,0,0,0,0,0,0,0,0,0,0,0,0,0,0,0,0,0
"2023",1,2,4,7,44,60,1,2,2,2,2,4,2,2,2,1,2,0,0,0,0,0,0,0,0,0,0,0,0,0,0,0,0
"2023",4,2,4,7,65,0,2,2,2,2,2,0,0,0,0,0,0,0,0,0,0,0,0,0,0,0,0,0,0,0,0,0,0
"2023",1,1,8,1,36,180,1,1,1,2,1,2,2,1,2,2,2,3,2,2,2,1,2,1,1,2,3,1,1,1,1,2,1
"2023",1,2,8,1,44,120,1,1,2,2,1,4,2,2,1,2,2,3,2,2,2,2,2,1,2,2,0,0,0,0,0,0,1
"2023",1,2,3,7,27,20,1,2,2,1,1,4,2,2,2,1,2,0,0,0,0,0,0,0,0,0,0,0,0,0,0,0,4
"2023",1,2,4,1,26,30,1,2,2,2,1,4,2,2,2,1,2,0,0,0,0,0,0,0,0,0,0,0,0,0,0,0,4
"2023",4,2,4,7,29,0,2,2,2,2,2,0,0,0,0,0,0,0,0,0,0,0,0,0,0,0,0,0,0,0,0,0,0
"2023",1,2,4,1,41,30,1,2,2,2,2,4,1,2,2,2,2,0,0,0,0,0,0,0,0,0,0,0,0,0,0,0,0
"2023",1,2,6,7,48,30,1,2,2,2,2,3,2,2,1,2,1,0,0,0,0,0,0,0,0,0,0,0,0,0,0,0,0
"2023",1,2,4,7,21,30,1,2,2,2,2,3,2,2,2,1,2,0,0,0,0,0,0,0,0,0,0,0,0,0,0,0,0
"2023",1,2,3,7,27,20,1,2,2,1,1,4,2,2,2,1,2,0,0,0,0,0,0,0,0,0,0,0,0,0,0,0,4
"2023",4,2,3,7,46,0,2,2,2,2,2,0,0,0,0,0,0,0,0,0,0,0,0,0,0,0,0,0,0,0,0,0,0
"2023",1,1,2,8,65,60,1,1,2,2,2,4,2,2,2,2,1,4,2,2,2,1,2,2,2,1,0,0,0,0,0,0,0
"2023",4,2,4,1,27,0,2,2,2,2,2,0,0,0,0,0,0,0,0,0,0,0,0,0,0,0,0,0,0,0,0,0,0
"2023",1,2,3,1,46,20,2,2,2,2,1,0,0,0,0,0,0,0,0,0,0,0,0,0,0,0,0,0,0,0,0,0,3
"2023",1,1,4,1,42,40,1,2,1,2,1,4,2,2,2,1,1,0,0,0,0,0,0,0,0,0,3,1,1,2,1,1,3
"2023",4,2,3,7,85,0,2,2,2,2,2,0,0,0,0,0,0,0,0,0,0,0,0,0,0,0,0,0,0,0,0,0,0
"2023",1,2,7,6,29,30,2,2,1,2,2,0,0,0,0,0,0,0,0,0,0,0,0,0,0,0,3,2,1,2,2,1,0
"2023",1,2,4,7,26,20,1,2,2,2,2,4,2,2,2,2,1,0,0,0,0,0,0,0,0,0,0,0,0,0,0,0,0
"2023",4,1,3,1,36,0,2,2,2,2,2,0,0,0,0,0,0,0,0,0,0,0,0,0,0,0,0,0,0,0,0,0,0
"2023",1,1,3,1,47,40,2,2,2,2,1,0,0,0,0,0,0,0,0,0,0,0,0,0,0,0,0,0,0,0,0,0,4
"2023",4,2,2,1,59,0,2,2,2,2,2,0,0,0,0,0,0,0,0,0,0,0,0,0,0,0,0,0,0,0,0,0,0
"2023",1,1,4,1,38,30,2,2,1,2,2,0,0,0,0,0,0,0,0,0,0,0,0,0,0,0,3,2,1,2,2,1,0
"2023",1,2,4,1,41,40,2,2,2,2,1,0,0,0,0,0,0,0,0,0,0,0,0,0,0,0,0,0,0,0,0,0,4
"2023",1,2,3,8,63,30,2,2,2,2,1,0,0,0,0,0,0,0,0,0,0,0,0,0,0,0,0,0,0,0,0,0,4
"2023",1,1,4,10,38,20,1,2,2,2,1,4,2,2,2,1,2,0,0,0,0,0,0,0,0,0,0,0,0,0,0,0,3
"2023",4,2,4,7,31,0,2,2,2,2,2,0,0,0,0,0,0,0,0,0,0,0,0,0,0,0,0,0,0,0,0,0,0
"2023",4,1,4,1,48,0,2,2,2,2,2,0,0,0,0,0,0,0,0,0,0,0,0,0,0,0,0,0,0,0,0,0,0
"2023",0,2,0,8,87,0,0,0,0,0,0,0,0,0,0,0,0,0,0,0,0,0,0,0,0,0,0,0,0,0,0,0,0
"2023",1,1,7,1,28,30,2,2,1,2,2,0,0,0,0,0,0,0,0,0,0,0,0,0,0,0,3,2,1,1,2,1,0
"2023",1,2,3,1,38,60,2,1,2,2,2,0,0,0,0,0,0,4,2,2,2,2,2,2,2,1,0,0,0,0,0,0,0
"2023",4,2,4,7,39,0,2,2,2,2,2,0,0,0,0,0,0,0,0,0,0,0,0,0,0,0,0,0,0,0,0,0,0
"2023",4,2,3,7,37,0,2,2,2,2,2,0,0,0,0,0,0,0,0,0,0,0,0,0,0,0,0,0,0,0,0,0,0
"2023",1,1,3,8,64,30,1,1,1,2,1,4,2,2,2,1,2,4,2,2,2,2,2,2,2,1,3,1,1,1,2,1,4
"2023",1,2,3,7,32,40,1,1,2,2,1,5,2,2,1,2,2,4,2,2,2,2,2,2,1,2,0,0,0,0,0,0,4
"2023",1,1,2,1,65,30,2,2,1,2,2,0,0,0,0,0,0,0,0,0,0,0,0,0,0,0,3,1,1,2,2,1,0
"2023",1,2,7,6,25,60,1,1,2,2,1,4,2,2,2,2,1,4,2,2,2,2,2,2,1,2,0,0,0,0,0,0,2
"2023",4,1,4,1,20,0,2,2,2,2,2,0,0,0,0,0,0,0,0,0,0,0,0,0,0,0,0,0,0,0,0,0,0
"2023",1,1,7,1,24,25,2,2,1,1,1,0,0,0,0,0,0,0,0,0,0,0,0,0,0,0,4,2,1,2,2,2,3
"2023",1,2,7,1,32,40,1,2,2,2,1,3,2,1,2,1,2,0,0,0,0,0,0,0,0,0,0,0,0,0,0,0,3
"2023",1,2,3,7,32,10,2,1,2,1,2,0,0,0,0,0,0,4,2,2,2,2,2,2,2,1,0,0,0,0,0,0,0
"2023",4,1,3,10,57,0,2,2,2,2,2,0,0,0,0,0,0,0,0,0,0,0,0,0,0,0,0,0,0,0,0,0,0
"2023",1,2,4,7,36,30,1,1,2,2,1,4,2,2,1,2,2,4,2,2,2,2,2,1,2,1,0,0,0,0,0,0,4
"2023",4,2,3,7,60,0,2,2,2,2,2,0,0,0,0,0,0,0,0,0,0,0,0,0,0,0,0,0,0,0,0,0,0
"2023",4,2,4,7,21,0,2,2,2,2,2,0,0,0,0,0,0,0,0,0,0,0,0,0,0,0,0,0,0,0,0,0,0
"2023",1,1,4,1,18,30,2,1,2,2,1,0,0,0,0,0,0,4,2,2,2,2,2,2,2,1,0,0,0,0,0,0,4
"2023",1,2,4,7,31,60,1,1,2,2,1,4,2,2,2,1,2,4,2,2,2,1,2,2,1,2,0,0,0,0,0,0,4
"2023",4,2,7,1,68,0,2,2,2,2,2,0,0,0,0,0,0,0,0,0,0,0,0,0,0,0,0,0,0,0,0,0,0
"2023",1,1,4,1,52,20,1,2,2,2,2,4,2,2,2,1,2,0,0,0,0,0,0,0,0,0,0,0,0,0,0,0,0
"2023",1,2,6,7,67,20,2,1,2,2,2,0,0,0,0,0,0,4,2,2,1,2,2,2,2,2,0,0,0,0,0,0,0
"2023",1,2,4,1,51,20,1,2,2,2,1,3,2,2,2,2,1,0,0,0,0,0,0,0,0,0,0,0,0,0,0,0,3
"2023",1,2,3,7,55,60,2,2,2,2,1,0,0,0,0,0,0,0,0,0,0,0,0,0,0,0,0,0,0,0,0,0,3
"2023",1,1,7,6,26,20,1,2,1,2,1,4,2,1,2,1,1,0,0,0,0,0,0,0,0,0,3,1,2,2,2,2,3
"2023",1,2,4,7,24,20,1,1,2,2,2,2,2,2,2,2,1,3,2,2,1,2,2,2,2,2,0,0,0,0,0,0,0
"2023",1,2,4,1,52,60,2,2,2,2,1,0,0,0,0,0,0,0,0,0,0,0,0,0,0,0,0,0,0,0,0,0,4
"2023",4,2,6,1,56,0,2,2,2,2,2,0,0,0,0,0,0,0,0,0,0,0,0,0,0,0,0,0,0,0,0,0,0
"2023",4,2,7,7,31,0,2,2,2,2,2,0,0,0,0,0,0,0,0,0,0,0,0,0,0,0,0,0,0,0,0,0,0
"2023",4,2,7,1,36,0,2,2,2,2,2,0,0,0,0,0,0,0,0,0,0,0,0,0,0,0,0,0,0,0,0,0,0
"2023",1,1,4,6,19,20,1,2,2,2,2,4,2,2,2,2,1,0,0,0,0,0,0,0,0,0,0,0,0,0,0,0,0
"2023",4,2,2,1,66,0,2,2,2,2,2,0,0,0,0,0,0,0,0,0,0,0,0,0,0,0,0,0,0,0,0,0,0
"2023",1,1,2,8,79,30,1,2,2,2,2,4,2,2,2,2,1,0,0,0,0,0,0,0,0,0,0,0,0,0,0,0,0
"2023",4,1,3,1,40,0,2,2,2,2,2,0,0,0,0,0,0,0,0,0,0,0,0,0,0,0,0,0,0,0,0,0,0
"2023",4,2,5,7,71,0,2,2,2,2,2,0,0,0,0,0,0,0,0,0,0,0,0,0,0,0,0,0,0,0,0,0,0
"2023",4,2,2,7,68,0,2,2,2,2,2,0,0,0,0,0,0,0,0,0,0,0,0,0,0,0,0,0,0,0,0,0,0
"2023",1,2,3,7,35,30,2,1,2,1,2,0,0,0,0,0,0,3,2,2,2,2,2,2,1,2,0,0,0,0,0,0,0
"2023",4,2,3,7,48,0,2,2,2,2,2,0,0,0,0,0,0,0,0,0,0,0,0,0,0,0,0,0,0,0,0,0,0
"2023",1,2,7,7,41,30,1,2,2,2,2,4,2,1,2,2,2,0,0,0,0,0,0,0,0,0,0,0,0,0,0,0,0
"2023",4,2,2,1,72,0,2,2,2,2,2,0,0,0,0,0,0,0,0,0,0,0,0,0,0,0,0,0,0,0,0,0,0
"2023",4,1,2,8,62,0,2,2,2,2,2,0,0,0,0,0,0,0,0,0,0,0,0,0,0,0,0,0,0,0,0,0,0
"2023",1,1,3,1,44,60,1,2,2,2,1,3,2,2,1,2,2,0,0,0,0,0,0,0,0,0,0,0,0,0,0,0,4
"2023",1,2,2,1,67,20,2,2,1,2,1,0,0,0,0,0,0,0,0,0,0,0,0,0,0,0,3,2,2,1,1,1,3
"2023",1,1,4,1,51,30,1,2,1,2,2,1,1,2,2,2,2,0,0,0,0,0,0,0,0,0,4,1,1,1,2,2,0
"2023",0,1,0,10,76,0,0,0,0,0,0,0,0,0,0,0,0,0,0,0,0,0,0,0,0,0,0,0,0,0,0,0,0
"2023",4,1,4,4,56,0,2,2,2,2,2,0,0,0,0,0,0,0,0,0,0,0,0,0,0,0,0,0,0,0,0,0,0
"2023",4,1,7,8,73,0,2,2,2,2,2,0,0,0,0,0,0,0,0,0,0,0,0,0,0,0,0,0,0,0,0,0,0
"2023",1,2,6,1,45,60,2,1,2,2,2,0,0,0,0,0,0,3,2,2,1,2,2,2,1,2,0,0,0,0,0,0,0
"2023",1,2,6,7,37,20,2,1,2,2,2,0,0,0,0,0,0,4,2,2,2,2,2,2,2,1,0,0,0,0,0,0,0
"2023",1,1,4,1,53,30,1,2,2,1,2,4,2,2,2,1,1,0,0,0,0,0,0,0,0,0,0,0,0,0,0,0,0
"2023",1,2,2,7,65,10,2,2,2,2,1,0,0,0,0,0,0,0,0,0,0,0,0,0,0,0,0,0,0,0,0,0,4
"2023",1,1,7,1,25,30,1,2,1,1,1,1,1,2,2,2,2,0,0,0,0,0,0,0,0,0,3,1,2,1,2,1,1
"2023",4,2,2,1,31,0,2,2,2,2,2,0,0,0,0,0,0,0,0,0,0,0,0,0,0,0,0,0,0,0,0,0,0
"2023",1,1,3,1,53,40,2,2,2,2,1,0,0,0,0,0,0,0,0,0,0,0,0,0,0,0,0,0,0,0,0,0,4
"2023",0,2,0,7,57,0,0,0,0,0,0,0,0,0,0,0,0,0,0,0,0,0,0,0,0,0,0,0,0,0,0,0,0
"2023",4,2,2,1,48,0,2,2,2,2,2,0,0,0,0,0,0,0,0,0,0,0,0,0,0,0,0,0,0,0,0,0,0
"2023",1,2,3,7,57,30,2,2,1,2,2,0,0,0,0,0,0,0,0,0,0,0,0,0,0,0,3,2,1,2,2,1,0
"2023",4,1,4,1,50,0,2,2,2,2,2,0,0,0,0,0,0,0,0,0,0,0,0,0,0,0,0,0,0,0,0,0,0
"2023",4,2,3,7,32,0,2,2,2,2,2,0,0,0,0,0,0,0,0,0,0,0,0,0,0,0,0,0,0,0,0,0,0
"2023",1,1,3,1,28,20,2,2,2,2,1,0,0,0,0,0,0,0,0,0,0,0,0,0,0,0,0,0,0,0,0,0,4
"2023",4,1,2,10,74,0,2,2,2,2,2,0,0,0,0,0,0,0,0,0,0,0,0,0,0,0,0,0,0,0,0,0,0
"2023",1,2,3,7,44,10,1,1,2,1,2,4,2,2,2,2,1,4,2,2,2,2,2,2,2,1,0,0,0,0,0,0,0
"2023",4,1,3,1,65,0,2,2,2,2,2,0,0,0,0,0,0,0,0,0,0,0,0,0,0,0,0,0,0,0,0,0,0
"2023",4,1,7,1,60,0,2,2,2,2,2,0,0,0,0,0,0,0,0,0,0,0,0,0,0,0,0,0,0,0,0,0,0
"2023",4,1,7,1,35,0,2,2,2,2,2,0,0,0,0,0,0,0,0,0,0,0,0,0,0,0,0,0,0,0,0,0,0
"2023",1,1,4,9,49,20,2,2,2,2,1,0,0,0,0,0,0,0,0,0,0,0,0,0,0,0,0,0,0,0,0,0,4
"2023",4,1,4,1,41,0,2,2,2,2,2,0,0,0,0,0,0,0,0,0,0,0,0,0,0,0,0,0,0,0,0,0,0
"2023",1,1,7,1,48,30,1,1,2,2,1,4,2,2,1,2,2,2,1,2,2,2,2,1,2,2,0,0,0,0,0,0,1
"2023",4,2,3,7,28,0,2,2,2,2,2,0,0,0,0,0,0,0,0,0,0,0,0,0,0,0,0,0,0,0,0,0,0
"2023",4,2,7,7,26,0,2,2,2,2,2,0,0,0,0,0,0,0,0,0,0,0,0,0,0,0,0,0,0,0,0,0,0
"2023",1,2,3,7,75,20,2,2,1,2,2,0,0,0,0,0,0,0,0,0,0,0,0,0,0,0,4,2,2,1,1,1,0
"2023",4,2,2,1,63,0,2,2,2,2,2,0,0,0,0,0,0,0,0,0,0,0,0,0,0,0,0,0,0,0,0,0,0
"2023",1,2,4,1,64,30,2,2,1,2,1,0,0,0,0,0,0,0,0,0,0,0,0,0,0,0,4,2,2,1,1,2,3
"2023",4,2,3,1,38,0,2,2,2,2,2,0,0,0,0,0,0,0,0,0,0,0,0,0,0,0,0,0,0,0,0,0,0
"2023",1,2,7,1,31,20,1,1,2,2,2,1,2,1,2,2,2,4,2,2,1,2,2,2,2,2,0,0,0,0,0,0,0
"2023",1,1,4,6,21,30,1,1,2,2,1,4,2,2,2,1,2,2,2,2,2,2,2,1,2,2,0,0,0,0,0,0,3
"2023",4,2,2,10,60,0,2,2,2,2,2,0,0,0,0,0,0,0,0,0,0,0,0,0,0,0,0,0,0,0,0,0,0
"2023",1,2,4,1,43,30,1,2,2,2,2,4,2,2,1,2,1,0,0,0,0,0,0,0,0,0,0,0,0,0,0,0,0
"2023",4,2,7,7,59,0,2,2,2,2,2,0,0,0,0,0,0,0,0,0,0,0,0,0,0,0,0,0,0,0,0,0,0
"2023",1,2,4,1,34,40,2,2,1,1,1,0,0,0,0,0,0,0,0,0,0,0,0,0,0,0,3,2,2,1,1,2,2
"2023",1,2,9,1,41,20,1,2,2,2,1,1,2,1,2,2,2,0,0,0,0,0,0,0,0,0,0,0,0,0,0,0,1
"2023",4,2,3,1,51,0,2,2,2,2,2,0,0,0,0,0,0,0,0,0,0,0,0,0,0,0,0,0,0,0,0,0,0
"2023",0,2,0,1,54,0,0,0,0,0,0,0,0,0,0,0,0,0,0,0,0,0,0,0,0,0,0,0,0,0,0,0,0
"2023",1,2,7,8,69,60,1,2,2,2,2,3,2,1,2,2,2,0,0,0,0,0,0,0,0,0,0,0,0,0,0,0,0
"2023",1,2,7,1,31,30,1,2,2,2,2,4,2,2,2,1,2,0,0,0,0,0,0,0,0,0,0,0,0,0,0,0,0
"2023",4,2,4,1,33,0,2,2,2,2,2,0,0,0,0,0,0,0,0,0,0,0,0,0,0,0,0,0,0,0,0,0,0
"2023",4,1,2,8,77,0,2,2,2,2,2,0,0,0,0,0,0,0,0,0,0,0,0,0,0,0,0,0,0,0,0,0,0
"2023",4,1,2,7,82,0,2,2,2,2,2,0,0,0,0,0,0,0,0,0,0,0,0,0,0,0,0,0,0,0,0,0,0
"2023",4,1,3,1,37,0,2,2,2,2,2,0,0,0,0,0,0,0,0,0,0,0,0,0,0,0,0,0,0,0,0,0,0
"2023",4,2,2,7,64,0,2,2,2,2,2,0,0,0,0,0,0,0,0,0,0,0,0,0,0,0,0,0,0,0,0,0,0
"2023",1,2,3,1,19,60,1,2,2,2,2,4,2,2,2,1,2,0,0,0,0,0,0,0,0,0,0,0,0,0,0,0,0
"2023",1,1,4,1,69,40,1,2,2,2,2,4,2,2,2,1,2,0,0,0,0,0,0,0,0,0,0,0,0,0,0,0,0
"2023",0,2,0,1,54,0,0,0,0,0,0,0,0,0,0,0,0,0,0,0,0,0,0,0,0,0,0,0,0,0,0,0,0
"2023",1,2,4,7,54,60,1,2,2,2,2,3,2,2,2,1,2,0,0,0,0,0,0,0,0,0,0,0,0,0,0,0,0
"2023",1,2,8,1,29,60,1,2,2,2,1,3,1,2,2,2,2,0,0,0,0,0,0,0,0,0,0,0,0,0,0,0,1
"2023",1,1,7,1,72,120,1,2,2,2,1,1,2,1,2,2,2,0,0,0,0,0,0,0,0,0,0,0,0,0,0,0,1
"2023",1,1,7,8,65,40,1,2,1,2,2,4,2,2,2,1,2,0,0,0,0,0,0,0,0,0,4,1,1,1,1,1,0
"2023",1,1,9,1,57,120,1,2,2,2,1,1,2,1,2,2,2,0,0,0,0,0,0,0,0,0,0,0,0,0,0,0,1
"2023",0,2,0,7,64,0,0,0,0,0,0,0,0,0,0,0,0,0,0,0,0,0,0,0,0,0,0,0,0,0,0,0,0
"2023",1,2,7,1,36,60,1,1,2,2,1,4,2,2,2,1,2,3,2,2,1,2,2,2,2,2,0,0,0,0,0,0,3
"2023",4,1,3,1,18,0,2,2,2,2,2,0,0,0,0,0,0,0,0,0,0,0,0,0,0,0,0,0,0,0,0,0,0
"2023",1,1,4,6,18,120,1,2,2,2,1,2,2,1,2,2,2,0,0,0,0,0,0,0,0,0,0,0,0,0,0,0,2
"2023",1,1,7,1,40,30,1,2,1,2,1,4,2,2,2,1,2,0,0,0,0,0,0,0,0,0,3,1,1,2,2,2,4
"2023",4,2,3,1,44,0,2,2,2,2,2,0,0,0,0,0,0,0,0,0,0,0,0,0,0,0,0,0,0,0,0,0,0
"2023",4,1,2,1,72,0,2,2,2,2,2,0,0,0,0,0,0,0,0,0,0,0,0,0,0,0,0,0,0,0,0,0,0
"2023",4,2,3,1,46,0,2,2,2,2,2,0,0,0,0,0,0,0,0,0,0,0,0,0,0,0,0,0,0,0,0,0,0
"2023",1,2,2,7,60,30,2,2,2,2,1,0,0,0,0,0,0,0,0,0,0,0,0,0,0,0,0,0,0,0,0,0,3
"2023",4,2,3,1,49,0,2,2,2,2,2,0,0,0,0,0,0,0,0,0,0,0,0,0,0,0,0,0,0,0,0,0,0
"2023",4,1,3,1,47,0,2,2,2,2,2,0,0,0,0,0,0,0,0,0,0,0,0,0,0,0,0,0,0,0,0,0,0
"2023",1,1,7,6,21,120,1,2,2,2,1,2,2,1,2,2,2,0,0,0,0,0,0,0,0,0,0,0,0,0,0,0,2
"2023",4,2,7,1,23,0,2,2,2,2,2,0,0,0,0,0,0,0,0,0,0,0,0,0,0,0,0,0,0,0,0,0,0
"2023",4,2,4,1,29,0,2,2,2,2,2,0,0,0,0,0,0,0,0,0,0,0,0,0,0,0,0,0,0,0,0,0,0
"2023",4,2,3,1,58,0,2,2,2,2,2,0,0,0,0,0,0,0,0,0,0,0,0,0,0,0,0,0,0,0,0,0,0
"2023",1,1,7,8,63,45,1,2,1,2,1,4,2,2,2,1,1,0,0,0,0,0,0,0,0,0,3,1,1,2,2,1,4
"2023",1,1,7,1,35,30,1,2,2,2,1,1,2,1,2,2,2,0,0,0,0,0,0,0,0,0,0,0,0,0,0,0,1
"2023",4,1,3,1,42,0,2,2,2,2,2,0,0,0,0,0,0,0,0,0,0,0,0,0,0,0,0,0,0,0,0,0,0
"2023",1,1,7,6,21,60,2,2,2,1,1,0,0,0,0,0,0,0,0,0,0,0,0,0,0,0,0,0,0,0,0,0,1
"2023",1,1,7,1,48,40,1,2,2,2,1,4,2,2,2,1,1,0,0,0,0,0,0,0,0,0,0,0,0,0,0,0,4
"2023",4,2,6,1,45,0,2,2,2,2,2,0,0,0,0,0,0,0,0,0,0,0,0,0,0,0,0,0,0,0,0,0,0
"2023",1,1,7,1,57,30,1,1,2,1,1,3,2,1,2,2,2,4,2,1,2,1,2,2,2,2,0,0,0,0,0,0,3
"2023",4,1,7,1,29,0,2,2,2,2,2,0,0,0,0,0,0,0,0,0,0,0,0,0,0,0,0,0,0,0,0,0,0
"2023",4,2,3,7,36,0,2,2,2,2,2,0,0,0,0,0,0,0,0,0,0,0,0,0,0,0,0,0,0,0,0,0,0
"2023",1,2,3,1,35,30,2,1,2,2,2,0,0,0,0,0,0,4,2,2,2,2,2,2,2,1,0,0,0,0,0,0,0
"2023",0,2,0,1,86,0,0,0,0,0,0,0,0,0,0,0,0,0,0,0,0,0,0,0,0,0,0,0,0,0,0,0,0
"2023",4,1,2,1,43,0,2,2,2,2,2,0,0,0,0,0,0,0,0,0,0,0,0,0,0,0,0,0,0,0,0,0,0
"2023",4,1,4,1,55,0,2,2,2,2,2,0,0,0,0,0,0,0,0,0,0,0,0,0,0,0,0,0,0,0,0,0,0
"2023",1,1,4,1,31,30,2,2,2,2,1,0,0,0,0,0,0,0,0,0,0,0,0,0,0,0,0,0,0,0,0,0,1
"2023",1,1,7,1,44,90,1,2,2,2,2,1,2,1,2,2,2,0,0,0,0,0,0,0,0,0,0,0,0,0,0,0,0
"2023",1,2,2,7,49,30,1,2,2,2,1,3,2,2,1,2,2,0,0,0,0,0,0,0,0,0,0,0,0,0,0,0,4
"2023",2,1,2,1,60,0,2,2,2,2,2,0,0,0,0,0,0,0,0,0,0,0,0,0,0,0,0,0,0,0,0,0,0
"2023",4,2,2,7,69,0,2,2,2,2,2,0,0,0,0,0,0,0,0,0,0,0,0,0,0,0,0,0,0,0,0,0,0
"2023",4,2,99,1,44,0,2,2,2,2,2,0,0,0,0,0,0,0,0,0,0,0,0,0,0,0,0,0,0,0,0,0,0
"2023",1,1,4,1,38,20,1,1,2,2,1,4,2,2,1,2,2,4,2,2,2,2,2,2,1,2,0,0,0,0,0,0,3
"2023",1,2,0,1,68,60,1,1,2,2,2,5,2,2,1,2,2,5,2,2,2,2,1,2,2,2,0,0,0,0,0,0,0
"2023",4,2,7,1,28,0,2,2,2,2,2,0,0,0,0,0,0,0,0,0,0,0,0,0,0,0,0,0,0,0,0,0,0
"2023",4,1,7,1,64,0,2,2,2,2,2,0,0,0,0,0,0,0,0,0,0,0,0,0,0,0,0,0,0,0,0,0,0
"2023",1,2,7,7,46,60,1,2,2,2,2,4,2,2,2,1,2,0,0,0,0,0,0,0,0,0,0,0,0,0,0,0,0
"2023",1,1,7,1,61,180,2,2,2,2,1,0,0,0,0,0,0,0,0,0,0,0,0,0,0,0,0,0,0,0,0,0,1
"2023",1,1,7,1,40,120,1,2,2,2,1,4,1,2,1,1,2,0,0,0,0,0,0,0,0,0,0,0,0,0,0,0,4
"2023",1,1,6,8,62,30,1,2,2,2,1,3,1,2,2,2,2,0,0,0,0,0,0,0,0,0,0,0,0,0,0,0,3
"2023",1,2,3,7,55,60,2,2,2,2,1,0,0,0,0,0,0,0,0,0,0,0,0,0,0,0,0,0,0,0,0,0,3
"2023",1,2,2,7,56,30,1,2,2,2,2,2,2,1,2,2,2,0,0,0,0,0,0,0,0,0,0,0,0,0,0,0,0
"2023",4,2,2,7,86,0,2,2,2,2,2,0,0,0,0,0,0,0,0,0,0,0,0,0,0,0,0,0,0,0,0,0,0
"2023",1,2,4,1,58,60,1,2,2,2,1,2,2,1,2,2,2,0,0,0,0,0,0,0,0,0,0,0,0,0,0,0,3
"2023",4,1,4,1,65,0,2,2,2,2,2,0,0,0,0,0,0,0,0,0,0,0,0,0,0,0,0,0,0,0,0,0,0
"2023",1,2,7,1,32,10,2,2,2,2,1,0,0,0,0,0,0,0,0,0,0,0,0,0,0,0,0,0,0,0,0,0,4
"2023",4,2,3,1,58,0,2,2,2,2,2,0,0,0,0,0,0,0,0,0,0,0,0,0,0,0,0,0,0,0,0,0,0
"2023",1,2,9,1,42,240,1,1,2,2,2,1,2,1,2,2,2,4,2,2,2,2,2,2,1,2,0,0,0,0,0,0,0
"2023",1,2,7,6,22,120,1,2,2,2,1,3,2,1,2,1,2,0,0,0,0,0,0,0,0,0,0,0,0,0,0,0,2
"2023",1,2,8,1,40,40,1,1,1,2,2,4,2,2,2,2,1,4,2,2,2,1,2,2,2,2,3,1,2,1,1,1,0
"2023",1,1,4,1,57,60,1,2,2,2,2,2,2,1,2,2,2,0,0,0,0,0,0,0,0,0,0,0,0,0,0,0,0
"2023",1,2,7,1,34,180,1,2,2,2,2,4,2,2,2,1,2,0,0,0,0,0,0,0,0,0,0,0,0,0,0,0,0
"2023",1,2,4,6,19,60,1,2,2,2,1,2,2,1,2,2,2,0,0,0,0,0,0,0,0,0,0,0,0,0,0,0,2
"2023",4,1,3,1,52,0,2,2,2,2,2,0,0,0,0,0,0,0,0,0,0,0,0,0,0,0,0,0,0,0,0,0,0
"2023",2,2,4,7,38,0,2,2,2,2,2,0,0,0,0,0,0,0,0,0,0,0,0,0,0,0,0,0,0,0,0,0,0
"2023",1,2,3,1,55,60,1,2,2,2,2,3,2,2,1,2,2,0,0,0,0,0,0,0,0,0,0,0,0,0,0,0,0
"2023",1,2,7,1,32,30,2,2,2,2,1,0,0,0,0,0,0,0,0,0,0,0,0,0,0,0,0,0,0,0,0,0,1
"2023",1,1,6,8,69,90,1,2,2,2,2,3,2,2,2,2,1,0,0,0,0,0,0,0,0,0,0,0,0,0,0,0,0
"2023",2,2,6,1,49,0,2,2,2,2,2,0,0,0,0,0,0,0,0,0,0,0,0,0,0,0,0,0,0,0,0,0,0
"2023",1,1,7,1,26,30,1,1,1,2,2,1,2,1,2,2,2,4,2,1,2,2,2,2,2,2,1,1,1,1,1,1,0
"2023",4,2,4,1,48,0,2,2,2,2,2,0,0,0,0,0,0,0,0,0,0,0,0,0,0,0,0,0,0,0,0,0,0
"2023",4,2,3,1,19,0,2,2,2,2,2,0,0,0,0,0,0,0,0,0,0,0,0,0,0,0,0,0,0,0,0,0,0
"2023",4,2,2,2,56,0,2,2,2,2,2,0,0,0,0,0,0,0,0,0,0,0,0,0,0,0,0,0,0,0,0,0,0
"2023",3,1,3,1,29,15,2,2,1,2,2,0,0,0,0,0,0,0,0,0,0,0,0,0,0,0,3,1,1,1,1,1,0
"2023",1,2,7,1,62,60,1,2,2,2,2,4,2,2,2,2,1,0,0,0,0,0,0,0,0,0,0,0,0,0,0,0,0
"2023",1,1,7,1,33,20,1,2,2,2,2,3,2,2,2,2,1,0,0,0,0,0,0,0,0,0,0,0,0,0,0,0,0
"2023",1,1,3,1,54,30,1,2,2,2,2,4,2,2,2,2,1,0,0,0,0,0,0,0,0,0,0,0,0,0,0,0,0
"2023",1,2,4,7,24,10,2,1,2,2,2,0,0,0,0,0,0,4,2,2,2,2,2,2,2,1,0,0,0,0,0,0,0
"2023",1,1,7,6,22,60,1,1,1,1,1,2,2,1,2,2,2,3,1,2,2,2,2,2,1,1,3,1,1,1,2,2,3
"2023",1,1,3,1,68,240,1,1,2,2,1,3,2,2,2,2,1,3,2,1,2,2,2,2,1,2,0,0,0,0,0,0,3
"2023",1,2,4,7,40,30,1,2,2,2,1,4,2,2,2,1,2,0,0,0,0,0,0,0,0,0,0,0,0,0,0,0,4
"2023",1,1,7,4,27,5,2,2,2,2,1,0,0,0,0,0,0,0,0,0,0,0,0,0,0,0,0,0,0,0,0,0,4
"2023",1,2,7,8,73,30,1,1,1,2,2,3,2,2,1,2,2,4,2,2,2,2,2,2,2,1,3,2,2,2,2,1,0
"2023",1,2,7,6,20,120,1,2,1,2,1,2,2,1,2,2,2,0,0,0,0,0,0,0,0,0,3,1,2,1,1,1,3
"2023",3,2,3,2,45,5,1,2,2,2,2,5,2,2,1,2,2,0,0,0,0,0,0,0,0,0,0,0,0,0,0,0,0
"2023",1,1,3,1,37,10,2,2,2,2,1,0,0,0,0,0,0,0,0,0,0,0,0,0,0,0,0,0,0,0,0,0,4
"2023",1,1,3,1,21,30,1,2,2,2,2,4,2,2,2,1,2,0,0,0,0,0,0,0,0,0,0,0,0,0,0,0,0
"2023",1,2,3,1,32,30,1,2,2,2,1,4,2,2,2,1,2,0,0,0,0,0,0,0,0,0,0,0,0,0,0,0,3
"2023",1,1,3,1,35,30,1,2,2,1,1,4,2,2,2,1,2,0,0,0,0,0,0,0,0,0,0,0,0,0,0,0,4
"2023",1,1,7,1,27,30,1,1,2,1,1,4,2,2,2,1,2,4,1,2,2,2,2,2,2,2,0,0,0,0,0,0,4
"2023",0,1,0,1,67,0,0,0,0,0,0,0,0,0,0,0,0,0,0,0,0,0,0,0,0,0,0,0,0,0,0,0,0
"2023",1,1,7,1,25,60,2,1,1,2,2,0,0,0,0,0,0,4,2,2,2,2,2,1,2,2,3,1,1,1,1,1,0
"2023",1,1,7,1,63,45,1,2,2,2,2,4,2,2,2,1,2,0,0,0,0,0,0,0,0,0,0,0,0,0,0,0,0
"2023",4,2,6,1,51,0,2,2,2,2,2,0,0,0,0,0,0,0,0,0,0,0,0,0,0,0,0,0,0,0,0,0,0
"2023",3,1,2,1,63,15,1,1,2,2,2,5,2,2,1,2,2,5,2,2,2,2,1,2,2,2,0,0,0,0,0,0,0
"2023",1,1,8,1,30,30,2,1,2,2,1,0,0,0,0,0,0,3,2,2,2,2,2,2,1,2,0,0,0,0,0,0,3
"2023",1,2,3,1,52,10,2,2,2,2,1,0,0,0,0,0,0,0,0,0,0,0,0,0,0,0,0,0,0,0,0,0,1
"2023",1,2,6,7,71,10,2,1,2,2,2,0,0,0,0,0,0,4,2,2,2,1,2,2,2,1,0,0,0,0,0,0,0
"2023",1,2,4,1,31,20,1,2,2,2,1,4,2,2,1,2,2,0,0,0,0,0,0,0,0,0,0,0,0,0,0,0,4
"2023",4,1,0,1,41,0,2,2,2,2,2,0,0,0,0,0,0,0,0,0,0,0,0,0,0,0,0,0,0,0,0,0,0
"2023",1,1,8,1,32,30,1,2,2,2,2,4,2,2,2,2,1,0,0,0,0,0,0,0,0,0,0,0,0,0,0,0,0
"2023",4,2,0,1,66,0,2,2,2,2,2,0,0,0,0,0,0,0,0,0,0,0,0,0,0,0,0,0,0,0,0,0,0
"2023",1,2,7,1,66,30,1,2,2,2,1,3,2,2,2,2,1,0,0,0,0,0,0,0,0,0,0,0,0,0,0,0,4
"2023",4,1,2,1,59,0,2,2,2,2,2,0,0,0,0,0,0,0,0,0,0,0,0,0,0,0,0,0,0,0,0,0,0
"2023",1,1,7,1,38,60,1,1,1,2,2,4,2,1,2,2,2,4,1,2,2,2,2,2,2,2,3,2,1,1,1,1,0
"2023",1,2,3,7,40,30,1,2,2,2,1,3,2,1,2,2,2,0,0,0,0,0,0,0,0,0,0,0,0,0,0,0,3
"2023",4,2,4,1,60,0,2,2,2,2,2,0,0,0,0,0,0,0,0,0,0,0,0,0,0,0,0,0,0,0,0,0,0
"2023",4,1,2,1,38,0,2,2,2,2,2,0,0,0,0,0,0,0,0,0,0,0,0,0,0,0,0,0,0,0,0,0,0
"2023",3,2,5,7,64,60,1,2,2,2,2,4,2,2,2,1,2,0,0,0,0,0,0,0,0,0,0,0,0,0,0,0,0
"2023",4,1,3,1,48,0,2,2,2,2,2,0,0,0,0,0,0,0,0,0,0,0,0,0,0,0,0,0,0,0,0,0,0
"2023",4,2,3,7,63,0,2,2,2,2,2,0,0,0,0,0,0,0,0,0,0,0,0,0,0,0,0,0,0,0,0,0,0
"2023",1,2,7,1,30,25,1,2,2,2,2,4,2,2,2,1,2,0,0,0,0,0,0,0,0,0,0,0,0,0,0,0,0
"2023",1,1,7,1,50,20,2,1,2,2,2,0,0,0,0,0,0,3,2,2,2,2,2,2,1,2,0,0,0,0,0,0,0
"2023",1,1,7,1,41,60,2,1,2,2,2,0,0,0,0,0,0,4,2,1,2,2,2,2,2,2,0,0,0,0,0,0,0
"2023",1,1,3,1,36,30,1,1,2,2,1,3,2,2,2,2,1,3,2,2,2,1,2,2,2,2,0,0,0,0,0,0,3
"2023",3,2,7,1,24,10,2,1,2,2,2,0,0,0,0,0,0,3,2,2,2,1,2,2,2,2,0,0,0,0,0,0,0
"2023",4,2,2,7,73,0,2,2,2,2,2,0,0,0,0,0,0,0,0,0,0,0,0,0,0,0,0,0,0,0,0,0,0
"2023",1,2,3,1,37,60,1,2,2,2,2,4,2,2,2,2,1,0,0,0,0,0,0,0,0,0,0,0,0,0,0,0,0
"2023",3,2,4,1,29,15,2,1,2,2,2,0,0,0,0,0,0,4,2,2,2,2,2,2,2,1,0,0,0,0,0,0,0
"2023",1,1,4,1,23,60,1,1,2,2,1,4,2,2,1,2,2,4,2,2,2,2,1,2,2,2,0,0,0,0,0,0,4
"2023",1,1,3,1,32,20,1,2,2,2,2,4,2,2,2,1,2,0,0,0,0,0,0,0,0,0,0,0,0,0,0,0,0
"2023",4,1,3,1,49,0,2,2,2,2,2,0,0,0,0,0,0,0,0,0,0,0,0,0,0,0,0,0,0,0,0,0,0
"2023",1,2,3,1,68,40,1,2,2,2,2,5,2,2,1,2,2,0,0,0,0,0,0,0,0,0,0,0,0,0,0,0,0
"2023",1,1,8,1,35,30,1,1,2,1,1,2,2,1,2,2,2,1,2,2,2,2,2,1,2,2,0,0,0,0,0,0,4
"2023",1,2,8,8,70,30,1,2,2,2,2,4,2,2,1,2,2,0,0,0,0,0,0,0,0,0,0,0,0,0,0,0,0
"2023",4,1,99,3,48,0,2,2,2,2,2,0,0,0,0,0,0,0,0,0,0,0,0,0,0,0,0,0,0,0,0,0,0
"2023",4,1,2,8,65,0,2,2,2,2,2,0,0,0,0,0,0,0,0,0,0,0,0,0,0,0,0,0,0,0,0,0,0
"2023",4,2,2,7,69,0,2,2,2,2,2,0,0,0,0,0,0,0,0,0,0,0,0,0,0,0,0,0,0,0,0,0,0
"2023",1,1,7,1,67,60,1,2,2,2,1,4,2,2,2,2,1,0,0,0,0,0,0,0,0,0,0,0,0,0,0,0,3
"2023",2,2,3,1,45,0,2,2,2,2,2,0,0,0,0,0,0,0,0,0,0,0,0,0,0,0,0,0,0,0,0,0,0
"2023",4,1,2,1,35,0,2,2,2,2,2,0,0,0,0,0,0,0,0,0,0,0,0,0,0,0,0,0,0,0,0,0,0
"2023",0,2,2,7,57,0,0,0,0,0,0,0,0,0,0,0,0,0,0,0,0,0,0,0,0,0,0,0,0,0,0,0,0
"2023",4,2,3,1,40,0,2,2,2,2,2,0,0,0,0,0,0,0,0,0,0,0,0,0,0,0,0,0,0,0,0,0,0
"2023",4,2,4,1,59,0,2,2,2,2,2,0,0,0,0,0,0,0,0,0,0,0,0,0,0,0,0,0,0,0,0,0,0
"2023",4,1,4,1,51,0,2,2,2,2,2,0,0,0,0,0,0,0,0,0,0,0,0,0,0,0,0,0,0,0,0,0,0
"2023",4,2,3,1,38,0,2,2,2,2,2,0,0,0,0,0,0,0,0,0,0,0,0,0,0,0,0,0,0,0,0,0,0
"2023",1,1,4,1,26,30,1,2,2,2,1,4,2,1,2,2,2,0,0,0,0,0,0,0,0,0,0,0,0,0,0,0,4
"2023",1,1,7,1,29,60,1,2,2,2,2,1,2,1,2,2,2,0,0,0,0,0,0,0,0,0,0,0,0,0,0,0,0
"2023",1,1,8,1,49,30,1,1,1,2,2,4,2,1,2,2,2,3,2,2,1,2,2,1,2,2,3,1,1,2,2,1,0
"2023",1,1,7,1,38,40,1,1,2,2,2,3,2,2,2,1,2,3,2,2,2,1,2,2,2,2,0,0,0,0,0,0,0
"2023",2,2,7,1,62,0,2,2,2,2,2,0,0,0,0,0,0,0,0,0,0,0,0,0,0,0,0,0,0,0,0,0,0
"2023",1,2,4,7,49,30,2,1,2,2,2,0,0,0,0,0,0,3,2,2,1,1,2,2,2,2,0,0,0,0,0,0,0
"2023",1,1,7,8,66,10,2,1,2,2,2,0,0,0,0,0,0,5,2,2,2,2,1,2,2,2,0,0,0,0,0,0,0
"2023",2,2,7,1,48,0,2,2,2,2,2,0,0,0,0,0,0,0,0,0,0,0,0,0,0,0,0,0,0,0,0,0,0
"2023",1,2,3,1,34,30,2,1,2,2,2,0,0,0,0,0,0,4,2,2,1,1,2,2,1,2,0,0,0,0,0,0,0
"2023",1,2,3,1,37,60,1,1,2,2,2,2,2,1,2,2,2,2,2,2,2,1,2,2,2,2,0,0,0,0,0,0,0
"2023",1,2,3,8,59,120,1,1,2,2,1,3,2,2,1,2,2,3,2,2,2,1,2,2,2,2,0,0,0,0,0,0,3
"2023",1,2,2,7,60,60,1,2,2,2,1,3,2,2,1,2,2,0,0,0,0,0,0,0,0,0,0,0,0,0,0,0,3
"2023",1,2,7,1,36,120,1,1,2,2,1,4,2,2,2,1,2,1,2,2,2,2,2,1,2,2,0,0,0,0,0,0,1
"2023",2,2,2,7,67,0,2,2,2,2,2,0,0,0,0,0,0,0,0,0,0,0,0,0,0,0,0,0,0,0,0,0,0
"2023",4,1,7,1,28,0,2,2,2,2,2,0,0,0,0,0,0,0,0,0,0,0,0,0,0,0,0,0,0,0,0,0,0
"2023",4,2,4,7,21,0,2,2,2,2,2,0,0,0,0,0,0,0,0,0,0,0,0,0,0,0,0,0,0,0,0,0,0
"2023",2,2,2,1,55,0,2,2,2,2,2,0,0,0,0,0,0,0,0,0,0,0,0,0,0,0,0,0,0,0,0,0,0
"2023",4,2,3,1,53,0,2,2,2,2,2,0,0,0,0,0,0,0,0,0,0,0,0,0,0,0,0,0,0,0,0,0,0
"2023",1,2,3,1,76,15,1,2,2,2,2,5,2,2,1,2,2,0,0,0,0,0,0,0,0,0,0,0,0,0,0,0,0
"2023",1,1,8,1,55,10,1,1,1,2,2,3,2,2,1,2,2,1,2,2,2,2,2,1,2,2,3,1,1,1,2,1,0
"2023",1,1,7,1,41,480,2,2,2,2,1,0,0,0,0,0,0,0,0,0,0,0,0,0,0,0,0,0,0,0,0,0,1
"2023",1,2,6,7,80,60,1,1,2,2,2,4,2,2,1,2,2,4,2,2,2,1,2,2,2,2,0,0,0,0,0,0,0
"2023",3,1,7,8,69,25,2,2,2,2,1,0,0,0,0,0,0,0,0,0,0,0,0,0,0,0,0,0,0,0,0,0,3
"2023",1,2,2,8,68,15,1,1,1,1,2,4,2,2,2,1,2,4,2,2,1,2,2,2,2,2,4,1,2,2,2,1,0
"2023",4,1,2,8,65,0,2,2,2,2,2,0,0,0,0,0,0,0,0,0,0,0,0,0,0,0,0,0,0,0,0,0,0
"2023",1,2,3,7,38,20,2,1,2,2,2,0,0,0,0,0,0,4,2,2,2,2,2,2,2,1,0,0,0,0,0,0,0
"2023",1,2,3,7,39,60,1,1,2,2,2,4,2,2,1,1,2,4,2,2,2,2,1,2,2,2,0,0,0,0,0,0,0
"2023",1,1,7,1,50,120,2,1,1,2,2,0,0,0,0,0,0,3,2,1,2,2,2,2,2,2,4,1,1,1,1,1,0
"2023",3,2,7,1,33,15,2,2,2,2,1,0,0,0,0,0,0,0,0,0,0,0,0,0,0,0,0,0,0,0,0,0,3
"2023",4,2,2,7,75,0,2,2,2,2,2,0,0,0,0,0,0,0,0,0,0,0,0,0,0,0,0,0,0,0,0,0,0
"2023",4,2,3,7,41,0,2,2,2,2,2,0,0,0,0,0,0,0,0,0,0,0,0,0,0,0,0,0,0,0,0,0,0
"2023",1,2,3,7,54,30,2,2,2,2,1,0,0,0,0,0,0,0,0,0,0,0,0,0,0,0,0,0,0,0,0,0,4
"2023",1,1,7,1,26,60,1,2,1,2,1,4,1,2,2,2,2,0,0,0,0,0,0,0,0,0,3,1,1,1,1,1,4
"2023",1,1,6,1,47,40,1,2,1,2,2,1,2,1,2,2,2,0,0,0,0,0,0,0,0,0,3,1,1,1,1,1,0
"2023",4,2,2,1,60,0,2,2,2,2,2,0,0,0,0,0,0,0,0,0,0,0,0,0,0,0,0,0,0,0,0,0,0
"2023",4,1,4,1,59,0,2,2,2,2,2,0,0,0,0,0,0,0,0,0,0,0,0,0,0,0,0,0,0,0,0,0,0
"2023",4,2,3,1,50,0,2,2,2,2,2,0,0,0,0,0,0,0,0,0,0,0,0,0,0,0,0,0,0,0,0,0,0
"2023",1,2,6,1,50,20,2,2,1,2,1,0,0,0,0,0,0,0,0,0,0,0,0,0,0,0,4,2,2,1,2,2,5
"2023",1,1,4,1,27,30,1,2,2,2,2,4,2,2,2,1,2,0,0,0,0,0,0,0,0,0,0,0,0,0,0,0,0
"2023",0,2,0,7,70,0,0,0,0,0,0,0,0,0,0,0,0,0,0,0,0,0,0,0,0,0,0,0,0,0,0,0,0
"2023",0,1,0,1,50,0,0,0,0,0,0,0,0,0,0,0,0,0,0,0,0,0,0,0,0,0,0,0,0,0,0,0,0
"2023",1,2,3,7,32,60,1,2,2,2,1,2,2,1,2,2,2,0,0,0,0,0,0,0,0,0,0,0,0,0,0,0,3
"2023",1,2,3,1,45,120,1,2,2,2,1,4,2,2,1,1,2,0,0,0,0,0,0,0,0,0,0,0,0,0,0,0,4
"2023",1,2,7,7,64,25,1,1,2,2,2,4,2,2,1,1,2,4,2,2,1,2,2,2,2,1,0,0,0,0,0,0,0
"2023",1,1,8,1,32,15,2,2,1,2,2,0,0,0,0,0,0,0,0,0,0,0,0,0,0,0,3,1,1,1,1,1,0
"2023",1,2,7,7,66,30,1,1,2,2,1,5,2,2,1,2,2,4,2,2,1,2,2,2,2,1,0,0,0,0,0,0,4
"2023",1,2,6,7,60,30,2,1,2,2,2,0,0,0,0,0,0,4,2,2,1,2,2,2,1,2,0,0,0,0,0,0,0
"2023",4,2,2,7,46,0,2,2,2,2,2,0,0,0,0,0,0,0,0,0,0,0,0,0,0,0,0,0,0,0,0,0,0
"2023",4,2,3,8,62,0,2,2,2,2,2,0,0,0,0,0,0,0,0,0,0,0,0,0,0,0,0,0,0,0,0,0,0
"2023",1,1,6,1,50,60,1,1,1,2,2,4,2,2,2,1,2,3,2,1,2,2,2,1,2,2,3,1,2,1,2,1,0
"2023",1,1,4,1,37,5,2,2,2,2,1,0,0,0,0,0,0,0,0,0,0,0,0,0,0,0,0,0,0,0,0,0,1
"2023",1,1,8,1,38,90,1,1,1,1,1,1,2,1,2,2,2,3,2,2,2,2,2,1,2,2,4,1,1,2,1,1,1
"2023",1,2,7,1,26,240,2,2,2,2,1,0,0,0,0,0,0,0,0,0,0,0,0,0,0,0,0,0,0,0,0,0,1
"2023",4,1,3,1,56,0,2,2,2,2,2,0,0,0,0,0,0,0,0,0,0,0,0,0,0,0,0,0,0,0,0,0,0
"2023",3,1,3,1,44,20,2,2,1,2,2,0,0,0,0,0,0,0,0,0,0,0,0,0,0,0,4,2,1,2,2,1,0
"2023",2,1,99,8,60,0,2,2,2,2,2,0,0,0,0,0,0,0,0,0,0,0,0,0,0,0,0,0,0,0,0,0,0
"2023",1,1,3,1,44,60,1,2,1,2,1,5,2,2,1,2,2,0,0,0,0,0,0,0,0,0,3,1,1,1,1,1,4
"2023",1,2,7,1,30,30,2,2,2,2,1,0,0,0,0,0,0,0,0,0,0,0,0,0,0,0,0,0,0,0,0,0,2
"2023",1,2,2,7,48,30,1,2,1,2,1,4,2,2,2,1,2,0,0,0,0,0,0,0,0,0,3,2,2,1,1,1,3
"2023",3,1,3,4,49,60,2,2,2,2,1,0,0,0,0,0,0,0,0,0,0,0,0,0,0,0,0,0,0,0,0,0,1
"2023",1,2,7,6,25,60,1,1,1,1,2,2,2,1,2,2,2,2,2,2,2,2,2,1,2,2,3,1,1,1,1,1,0
"2023",1,2,4,1,18,60,1,1,1,1,1,4,2,1,2,2,2,4,2,1,2,2,2,2,2,2,4,2,2,2,2,1,4
"2023",1,1,6,1,23,30,1,2,2,2,1,1,1,2,2,2,2,0,0,0,0,0,0,0,0,0,0,0,0,0,0,0,1
"2023",1,1,7,1,42,20,2,2,1,2,2,0,0,0,0,0,0,0,0,0,0,0,0,0,0,0,3,1,1,1,2,1,0
"2023",1,2,4,1,29,60,1,2,2,2,1,2,2,1,2,2,2,0,0,0,0,0,0,0,0,0,0,0,0,0,0,0,2
"2023",1,1,4,1,25,30,2,2,2,2,1,0,0,0,0,0,0,0,0,0,0,0,0,0,0,0,0,0,0,0,0,0,4
"2023",1,2,6,1,58,180,1,2,1,2,1,3,1,1,2,2,2,0,0,0,0,0,0,0,0,0,4,1,1,1,1,1,4
"2023",4,2,2,7,56,0,2,2,2,2,2,0,0,0,0,0,0,0,0,0,0,0,0,0,0,0,0,0,0,0,0,0,0
"2023",2,2,6,1,55,0,2,2,2,2,2,0,0,0,0,0,0,0,0,0,0,0,0,0,0,0,0,0,0,0,0,0,0
"2023",1,2,8,1,34,40,1,2,2,2,2,4,2,2,1,2,2,0,0,0,0,0,0,0,0,0,0,0,0,0,0,0,0
"2023",1,1,3,1,21,30,2,2,2,2,1,0,0,0,0,0,0,0,0,0,0,0,0,0,0,0,0,0,0,0,0,0,3
"2023",1,1,7,2,31,60,1,1,2,2,1,3,2,1,1,2,1,1,2,2,2,2,2,1,2,2,0,0,0,0,0,0,1
"2023",1,2,4,7,39,30,1,1,2,2,1,2,2,1,2,2,1,4,2,2,1,2,2,2,2,2,0,0,0,0,0,0,2
"2023",3,2,7,7,47,60,2,2,2,2,1,0,0,0,0,0,0,0,0,0,0,0,0,0,0,0,0,0,0,0,0,0,4
"2023",1,1,4,1,22,15,1,2,2,1,2,3,2,2,2,1,2,0,0,0,0,0,0,0,0,0,0,0,0,0,0,0,0
"2023",3,2,3,7,24,15,2,1,1,2,2,0,0,0,0,0,0,3,2,2,1,2,2,2,2,2,3,2,2,2,2,1,0
"2023",1,1,3,1,56,10,2,2,1,2,2,0,0,0,0,0,0,0,0,0,0,0,0,0,0,0,3,2,1,2,2,2,0
"2023",1,2,7,1,28,15,1,2,2,1,1,4,2,2,1,2,1,0,0,0,0,0,0,0,0,0,0,0,0,0,0,0,4
"2023",1,1,8,1,50,20,1,1,1,2,1,4,2,2,2,2,1,4,2,1,2,2,2,2,2,2,4,1,2,2,2,2,4
"2023",1,1,3,1,57,8,2,1,1,2,2,0,0,0,0,0,0,4,2,2,2,2,2,1,2,2,4,1,1,1,2,1,0
"2023",1,1,7,1,33,30,1,1,2,2,1,6,2,2,1,2,2,4,2,2,2,2,2,2,2,1,0,0,0,0,0,0,3
"2023",1,2,7,8,70,90,1,2,1,2,2,3,2,1,2,2,2,0,0,0,0,0,0,0,0,0,3,1,1,1,1,1,0
"2023",1,1,8,1,71,45,1,2,2,2,1,4,2,2,2,1,1,0,0,0,0,0,0,0,0,0,0,0,0,0,0,0,3
"2023",1,2,7,8,68,30,1,1,2,2,1,4,2,2,2,2,1,4,2,2,1,2,1,2,1,2,0,0,0,0,0,0,4
"2023",1,1,7,1,34,60,1,2,2,2,1,3,2,2,2,2,1,0,0,0,0,0,0,0,0,0,0,0,0,0,0,0,3
"2023",2,1,3,1,56,0,2,2,2,2,2,0,0,0,0,0,0,0,0,0,0,0,0,0,0,0,0,0,0,0,0,0,0
"2023",1,2,7,1,33,60,2,1,2,1,1,0,0,0,0,0,0,4,2,2,2,1,2,2,2,2,0,0,0,0,0,0,1
"2023",4,1,3,1,62,0,2,2,2,2,2,0,0,0,0,0,0,0,0,0,0,0,0,0,0,0,0,0,0,0,0,0,0
"2023",1,2,3,7,41,30,1,2,2,2,2,4,2,2,1,2,2,0,0,0,0,0,0,0,0,0,0,0,0,0,0,0,0
"2023",1,2,3,7,40,40,1,2,2,1,1,4,2,2,2,1,2,0,0,0,0,0,0,0,0,0,0,0,0,0,0,0,4
"2023",1,1,6,1,50,10,1,1,1,1,1,3,2,2,2,2,1,1,2,2,2,2,2,2,1,2,4,2,1,1,1,1,4
"2023",3,1,3,1,47,30,2,1,2,2,2,0,0,0,0,0,0,4,1,2,2,2,2,2,2,2,0,0,0,0,0,0,0
"2023",4,2,2,8,76,0,2,2,2,2,2,0,0,0,0,0,0,0,0,0,0,0,0,0,0,0,0,0,0,0,0,0,0
"2023",1,2,7,1,32,30,2,1,2,2,1,0,0,0,0,0,0,1,2,1,2,2,2,2,2,2,0,0,0,0,0,0,3
"2023",1,1,3,1,51,25,1,2,1,2,2,4,2,1,2,2,2,0,0,0,0,0,0,0,0,0,3,1,1,1,1,1,0
"2023",4,1,3,1,29,0,2,2,2,2,2,0,0,0,0,0,0,0,0,0,0,0,0,0,0,0,0,0,0,0,0,0,0
"2023",4,2,3,7,43,0,2,2,2,2,2,0,0,0,0,0,0,0,0,0,0,0,0,0,0,0,0,0,0,0,0,0,0
"2023",1,2,7,7,55,25,1,1,1,2,2,5,2,2,1,2,2,5,2,2,2,2,1,2,2,2,3,1,1,1,1,1,0
"2023",1,1,4,1,56,25,2,2,1,2,2,0,0,0,0,0,0,0,0,0,0,0,0,0,0,0,4,1,1,1,1,1,0
"2023",4,1,3,1,28,0,2,2,2,2,2,0,0,0,0,0,0,0,0,0,0,0,0,0,0,0,0,0,0,0,0,0,0
"2023",3,1,4,1,35,60,1,2,2,2,2,1,1,2,2,2,2,0,0,0,0,0,0,0,0,0,0,0,0,0,0,0,0
"2023",1,1,4,4,29,10,2,2,1,1,2,0,0,0,0,0,0,0,0,0,0,0,0,0,0,0,1,2,2,1,2,1,0
"2023",1,2,4,1,43,20,2,1,2,2,2,0,0,0,0,0,0,4,2,2,2,2,2,2,2,1,0,0,0,0,0,0,0
"2023",1,2,9,8,72,20,1,2,2,2,2,5,2,2,1,2,2,0,0,0,0,0,0,0,0,0,0,0,0,0,0,0,0
"2023",1,2,7,7,44,30,1,2,2,2,2,3,2,2,2,2,1,0,0,0,0,0,0,0,0,0,0,0,0,0,0,0,0
"2023",4,1,7,8,72,0,2,2,2,2,2,0,0,0,0,0,0,0,0,0,0,0,0,0,0,0,0,0,0,0,0,0,0
"2023",1,2,7,7,59,15,1,2,2,2,1,4,2,2,2,1,2,0,0,0,0,0,0,0,0,0,0,0,0,0,0,0,4
"2023",1,1,4,1,55,30,2,1,1,2,2,0,0,0,0,0,0,4,2,2,2,2,2,2,2,1,4,1,1,1,1,1,0
"2023",4,1,2,8,66,0,2,2,2,2,2,0,0,0,0,0,0,0,0,0,0,0,0,0,0,0,0,0,0,0,0,0,0
"2023",4,2,3,1,28,0,2,2,2,2,2,0,0,0,0,0,0,0,0,0,0,0,0,0,0,0,0,0,0,0,0,0,0
"2023",1,2,7,1,27,45,1,1,1,2,1,1,2,1,2,2,2,1,2,1,2,2,2,2,2,2,3,1,2,1,1,1,1
"2023",4,1,3,1,45,0,2,2,2,2,2,0,0,0,0,0,0,0,0,0,0,0,0,0,0,0,0,0,0,0,0,0,0
"2023",3,1,4,1,54,30,1,2,2,2,2,4,2,2,1,2,2,0,0,0,0,0,0,0,0,0,0,0,0,0,0,0,0
"2023",3,1,3,1,49,10,2,2,1,2,2,0,0,0,0,0,0,0,0,0,0,0,0,0,0,0,4,2,1,1,2,2,0
"2023",3,1,4,1,23,120,2,2,2,2,1,0,0,0,0,0,0,0,0,0,0,0,0,0,0,0,0,0,0,0,0,0,4
"2023",1,2,7,1,40,120,2,2,1,2,2,0,0,0,0,0,0,0,0,0,0,0,0,0,0,0,1,1,1,1,1,1,0
"2023",1,2,7,1,22,15,2,1,2,2,1,0,0,0,0,0,0,2,2,2,1,2,2,2,2,2,0,0,0,0,0,0,2
"2023",1,1,3,1,56,30,1,2,2,2,2,5,2,2,1,2,2,0,0,0,0,0,0,0,0,0,0,0,0,0,0,0,0
"2023",3,1,3,4,22,20,2,1,2,2,2,0,0,0,0,0,0,4,1,2,2,2,2,2,2,2,0,0,0,0,0,0,0
"2023",4,1,4,1,38,0,2,2,2,2,2,0,0,0,0,0,0,0,0,0,0,0,0,0,0,0,0,0,0,0,0,0,0
"2023",4,1,3,1,42,0,2,2,2,2,2,0,0,0,0,0,0,0,0,0,0,0,0,0,0,0,0,0,0,0,0,0,0
"2023",1,2,7,1,20,10,2,1,2,2,1,0,0,0,0,0,0,4,1,2,2,2,2,2,2,2,0,0,0,0,0,0,4
"2023",4,2,3,1,36,0,2,2,2,2,2,0,0,0,0,0,0,0,0,0,0,0,0,0,0,0,0,0,0,0,0,0,0
"2023",4,1,3,1,59,0,2,2,2,2,2,0,0,0,0,0,0,0,0,0,0,0,0,0,0,0,0,0,0,0,0,0,0
"2023",1,2,7,7,41,30,1,2,2,2,1,4,2,2,2,1,1,0,0,0,0,0,0,0,0,0,0,0,0,0,0,0,2
"2023",1,2,8,1,28,120,1,2,2,2,1,1,2,1,2,2,2,0,0,0,0,0,0,0,0,0,0,0,0,0,0,0,1
"2023",2,2,3,7,55,0,2,2,2,2,2,0,0,0,0,0,0,0,0,0,0,0,0,0,0,0,0,0,0,0,0,0,0
"2023",1,1,3,1,39,25,2,2,1,2,2,0,0,0,0,0,0,0,0,0,0,0,0,0,0,0,4,2,1,1,1,1,0
"2023",1,2,3,7,40,15,2,1,2,2,1,0,0,0,0,0,0,4,2,2,1,2,2,2,2,1,0,0,0,0,0,0,4
"2023",1,2,2,7,54,10,1,2,2,2,2,4,2,2,2,1,2,0,0,0,0,0,0,0,0,0,0,0,0,0,0,0,0
"2023",1,2,3,1,56,15,2,1,2,2,2,0,0,0,0,0,0,4,2,2,1,2,2,2,2,1,0,0,0,0,0,0,0
"2023",1,1,4,1,31,10,2,2,1,2,2,0,0,0,0,0,0,0,0,0,0,0,0,0,0,0,4,1,1,1,1,1,0
"2023",1,2,3,1,40,20,1,2,2,2,1,4,2,2,1,2,2,0,0,0,0,0,0,0,0,0,0,0,0,0,0,0,3
"2023",1,1,4,1,39,40,1,2,2,2,1,1,1,2,2,2,2,0,0,0,0,0,0,0,0,0,0,0,0,0,0,0,1
"2023",1,2,3,7,36,30,1,1,2,2,2,5,2,2,1,2,2,5,2,2,2,2,1,2,2,2,0,0,0,0,0,0,0
"2023",4,1,2,8,50,0,2,2,2,2,2,0,0,0,0,0,0,0,0,0,0,0,0,0,0,0,0,0,0,0,0,0,0
"2023",1,1,7,1,27,20,1,2,1,2,1,3,1,2,2,2,2,0,0,0,0,0,0,0,0,0,1,2,1,1,1,2,1
"2023",4,2,2,1,60,0,2,2,2,2,2,0,0,0,0,0,0,0,0,0,0,0,0,0,0,0,0,0,0,0,0,0,0
"2023",4,2,3,7,30,0,2,2,2,2,2,0,0,0,0,0,0,0,0,0,0,0,0,0,0,0,0,0,0,0,0,0,0
"2023",1,2,3,1,63,40,1,1,1,2,2,5,2,2,1,2,2,5,2,2,2,2,1,2,2,2,4,1,2,1,1,1,0
"2023",1,1,7,6,20,30,1,1,2,2,2,5,2,2,1,2,2,5,2,2,2,2,1,2,2,2,0,0,0,0,0,0,0
"2023",4,1,4,4,53,0,2,2,2,2,2,0,0,0,0,0,0,0,0,0,0,0,0,0,0,0,0,0,0,0,0,0,0
"2023",3,2,4,1,25,10,2,2,2,2,1,0,0,0,0,0,0,0,0,0,0,0,0,0,0,0,0,0,0,0,0,0,4
"2023",1,2,7,1,48,40,1,1,1,2,1,2,1,1,1,2,1,3,2,2,1,2,1,1,2,2,4,1,2,2,2,2,1
"2023",1,2,3,7,43,10,2,2,2,2,1,0,0,0,0,0,0,0,0,0,0,0,0,0,0,0,0,0,0,0,0,0,3
"2023",1,1,8,1,34,15,1,2,1,2,1,3,2,1,1,1,2,0,0,0,0,0,0,0,0,0,3,2,2,1,1,1,3
"2023",1,2,2,7,69,10,1,2,2,2,2,6,2,2,1,2,2,0,0,0,0,0,0,0,0,0,0,0,0,0,0,0,0
"2023",1,2,6,7,73,20,1,1,2,2,1,4,2,2,2,2,1,4,2,2,1,2,2,2,2,2,0,0,0,0,0,0,4
"2023",1,2,7,8,72,60,2,1,2,2,2,0,0,0,0,0,0,5,2,2,2,2,1,2,2,2,0,0,0,0,0,0,0
"2023",4,2,2,7,68,0,2,2,2,2,2,0,0,0,0,0,0,0,0,0,0,0,0,0,0,0,0,0,0,0,0,0,0
"2023",1,1,7,1,33,60,1,2,2,2,1,1,1,2,2,2,2,0,0,0,0,0,0,0,0,0,0,0,0,0,0,0,1
"2023",1,2,6,7,63,90,1,2,2,2,2,5,2,2,1,2,2,0,0,0,0,0,0,0,0,0,0,0,0,0,0,0,0
"2023",1,1,8,1,45,30,1,2,1,2,2,1,2,1,2,2,2,0,0,0,0,0,0,0,0,0,1,1,1,1,1,1,0
"2023",1,1,4,1,55,20,2,2,1,2,2,0,0,0,0,0,0,0,0,0,0,0,0,0,0,0,4,1,1,1,1,1,0
"2023",1,1,6,1,44,25,2,2,1,2,2,0,0,0,0,0,0,0,0,0,0,0,0,0,0,0,4,1,1,1,1,1,0
"2023",1,1,3,1,58,30,2,1,2,2,1,0,0,0,0,0,0,3,2,1,2,2,2,2,1,2,0,0,0,0,0,0,3
"2023",1,1,3,1,55,60,2,1,1,2,2,0,0,0,0,0,0,4,2,2,2,2,2,2,2,1,3,2,2,2,2,2,0
"2023",4,1,4,8,78,0,2,2,2,2,2,0,0,0,0,0,0,0,0,0,0,0,0,0,0,0,0,0,0,0,0,0,0
"2023",3,1,4,6,18,30,2,1,2,1,2,0,0,0,0,0,0,4,2,2,2,1,2,2,2,2,0,0,0,0,0,0,0
"2023",2,2,2,8,68,0,2,2,2,2,2,0,0,0,0,0,0,0,0,0,0,0,0,0,0,0,0,0,0,0,0,0,0
"2023",1,2,6,7,53,60,2,2,2,2,1,0,0,0,0,0,0,0,0,0,0,0,0,0,0,0,0,0,0,0,0,0,3
"2023",1,2,4,1,38,20,2,1,1,2,1,0,0,0,0,0,0,4,2,2,2,1,2,2,1,2,3,1,2,1,1,1,3
"2023",4,2,3,7,58,0,2,2,2,2,2,0,0,0,0,0,0,0,0,0,0,0,0,0,0,0,0,0,0,0,0,0,0
"2023",2,2,6,1,52,0,2,2,2,2,2,0,0,0,0,0,0,0,0,0,0,0,0,0,0,0,0,0,0,0,0,0,0
"2023",2,2,3,7,55,0,2,2,2,2,2,0,0,0,0,0,0,0,0,0,0,0,0,0,0,0,0,0,0,0,0,0,0
"2023",4,2,2,7,58,0,2,2,2,2,2,0,0,0,0,0,0,0,0,0,0,0,0,0,0,0,0,0,0,0,0,0,0
"2023",4,2,2,7,61,0,2,2,2,2,2,0,0,0,0,0,0,0,0,0,0,0,0,0,0,0,0,0,0,0,0,0,0
"2023",4,2,2,7,63,0,2,2,2,2,2,0,0,0,0,0,0,0,0,0,0,0,0,0,0,0,0,0,0,0,0,0,0
"2023",3,1,6,1,46,10,2,2,1,2,2,0,0,0,0,0,0,0,0,0,0,0,0,0,0,0,4,2,1,2,2,2,0
"2023",1,1,7,1,44,20,1,2,2,2,1,4,2,2,2,1,2,0,0,0,0,0,0,0,0,0,0,0,0,0,0,0,4
"2023",1,2,6,1,51,30,1,1,2,2,1,1,2,1,1,2,2,6,2,2,1,1,1,2,2,2,0,0,0,0,0,0,3
"2023",1,2,7,1,48,60,2,2,2,2,1,0,0,0,0,0,0,0,0,0,0,0,0,0,0,0,0,0,0,0,0,0,3
"2023",1,1,7,1,46,40,1,2,2,2,1,3,2,2,2,2,1,0,0,0,0,0,0,0,0,0,0,0,0,0,0,0,3
"2023",1,1,7,1,56,40,1,2,2,2,1,3,2,2,2,2,1,0,0,0,0,0,0,0,0,0,0,0,0,0,0,0,3
"2023",1,1,7,1,50,30,2,1,2,2,1,0,0,0,0,0,0,3,2,2,2,2,2,2,1,2,0,0,0,0,0,0,3
"2023",1,1,7,1,61,60,2,2,2,2,1,0,0,0,0,0,0,0,0,0,0,0,0,0,0,0,0,0,0,0,0,0,4
"2023",1,2,4,7,54,5,2,2,2,2,1,0,0,0,0,0,0,0,0,0,0,0,0,0,0,0,0,0,0,0,0,0,4
"2023",1,2,4,1,31,30,1,2,2,2,1,4,2,2,1,2,2,0,0,0,0,0,0,0,0,0,0,0,0,0,0,0,3
"2023",4,2,2,1,53,0,2,2,2,2,2,0,0,0,0,0,0,0,0,0,0,0,0,0,0,0,0,0,0,0,0,0,0
"2023",1,1,3,1,49,30,2,2,1,2,2,0,0,0,0,0,0,0,0,0,0,0,0,0,0,0,4,1,1,1,1,1,0
"2023",3,1,4,1,19,30,1,2,2,2,2,4,2,2,2,2,1,0,0,0,0,0,0,0,0,0,0,0,0,0,0,0,0
"2023",1,2,4,1,49,45,2,1,1,2,2,0,0,0,0,0,0,4,2,1,2,2,2,2,2,2,4,1,2,1,2,2,0
"2023",3,2,4,1,48,20,2,1,2,2,1,0,0,0,0,0,0,4,1,2,2,2,2,2,2,2,0,0,0,0,0,0,3
"2023",1,1,7,1,30,60,1,1,1,2,1,4,1,1,2,2,1,3,2,1,2,2,2,2,1,2,3,1,2,2,2,1,3
"2023",1,2,3,1,44,30,1,1,2,2,2,5,2,2,1,2,2,5,2,2,2,2,1,2,2,2,0,0,0,0,0,0,0
"2023",4,2,3,1,33,0,2,2,2,2,2,0,0,0,0,0,0,0,0,0,0,0,0,0,0,0,0,0,0,0,0,0,0
"2023",1,1,6,1,55,20,1,2,2,2,1,1,2,1,2,2,2,0,0,0,0,0,0,0,0,0,0,0,0,0,0,0,1
"2023",1,1,4,1,43,60,1,1,2,2,1,3,2,2,2,1,2,4,1,2,2,2,2,2,2,1,0,0,0,0,0,0,4
"2023",3,2,4,1,37,40,2,2,2,2,1,0,0,0,0,0,0,0,0,0,0,0,0,0,0,0,0,0,0,0,0,0,4
"2023",3,1,7,1,28,30,1,2,2,2,2,4,2,2,2,1,2,0,0,0,0,0,0,0,0,0,0,0,0,0,0,0,0
"2023",1,2,3,7,27,30,1,2,2,2,2,5,2,2,1,2,2,0,0,0,0,0,0,0,0,0,0,0,0,0,0,0,0
"2023",1,1,4,3,25,35,2,1,2,2,1,0,0,0,0,0,0,4,2,2,2,1,2,2,2,2,0,0,0,0,0,0,4
"2023",1,1,3,1,41,30,2,1,1,2,2,0,0,0,0,0,0,4,2,2,2,2,2,2,2,1,3,1,1,1,1,1,0
"2023",3,2,7,1,40,60,1,2,1,2,1,4,2,2,1,2,2,0,0,0,0,0,0,0,0,0,3,1,1,1,1,1,3
"2023",3,2,7,1,49,20,2,2,2,2,1,0,0,0,0,0,0,0,0,0,0,0,0,0,0,0,0,0,0,0,0,0,1
"2023",1,1,4,1,40,120,1,1,1,1,1,1,2,2,2,2,1,1,2,1,2,2,2,2,2,2,1,1,1,1,1,2,3
"2023",3,2,3,1,57,60,2,2,2,2,1,0,0,0,0,0,0,0,0,0,0,0,0,0,0,0,0,0,0,0,0,0,3
"2023",1,1,7,1,22,180,1,1,2,2,1,4,2,2,1,1,1,3,2,1,2,2,2,2,2,2,0,0,0,0,0,0,3
"2023",1,1,3,1,28,30,2,1,2,2,1,0,0,0,0,0,0,4,1,2,2,2,2,2,2,1,0,0,0,0,0,0,4
"2023",1,2,6,7,48,10,2,2,2,2,1,0,0,0,0,0,0,0,0,0,0,0,0,0,0,0,0,0,0,0,0,0,4
"2023",3,1,3,1,32,20,2,2,1,2,1,0,0,0,0,0,0,0,0,0,0,0,0,0,0,0,3,1,1,2,2,2,4
"2023",1,1,3,1,40,30,1,1,1,1,1,3,2,2,2,2,1,3,2,1,2,2,2,2,2,2,3,1,1,1,2,1,3
"2023",1,2,4,1,19,30,1,1,2,1,1,4,2,2,2,1,2,4,2,2,1,2,2,2,2,2,0,0,0,0,0,0,4
"2023",1,1,4,1,60,60,1,2,2,2,1,4,2,2,2,1,2,0,0,0,0,0,0,0,0,0,0,0,0,0,0,0,3
"2023",4,2,6,7,72,0,2,2,2,2,2,0,0,0,0,0,0,0,0,0,0,0,0,0,0,0,0,0,0,0,0,0,0
"2023",1,2,7,1,25,20,1,2,2,2,2,4,2,2,1,2,2,0,0,0,0,0,0,0,0,0,0,0,0,0,0,0,0
"2023",1,1,7,1,34,60,1,2,2,2,1,4,2,1,2,2,2,0,0,0,0,0,0,0,0,0,0,0,0,0,0,0,4
"2023",4,2,2,8,74,0,2,2,2,2,2,0,0,0,0,0,0,0,0,0,0,0,0,0,0,0,0,0,0,0,0,0,0
"2023",1,1,3,8,73,20,1,1,1,2,2,4,2,2,2,1,2,3,1,1,2,1,2,2,1,2,3,2,1,1,2,2,0
"2023",1,1,4,1,78,90,1,2,2,2,2,3,2,2,2,1,2,0,0,0,0,0,0,0,0,0,0,0,0,0,0,0,0
"2023",1,1,6,1,70,15,2,1,2,2,1,0,0,0,0,0,0,1,2,2,2,2,2,1,2,2,0,0,0,0,0,0,1
"2023",1,2,7,1,56,30,1,2,2,2,2,4,2,2,2,1,2,0,0,0,0,0,0,0,0,0,0,0,0,0,0,0,0
"2023",3,2,4,1,36,10,2,2,2,2,1,0,0,0,0,0,0,0,0,0,0,0,0,0,0,0,0,0,0,0,0,0,1
"2023",1,2,4,1,41,20,1,1,1,2,1,4,1,2,2,2,1,3,2,2,2,2,2,2,1,2,3,2,2,1,1,1,3
"2023",1,1,3,1,36,60,2,1,2,1,1,0,0,0,0,0,0,4,2,2,2,2,2,2,2,1,0,0,0,0,0,0,4
"2023",1,1,7,1,35,30,2,1,2,2,1,0,0,0,0,0,0,1,2,2,2,1,2,2,2,2,0,0,0,0,0,0,1
"2023",1,2,7,1,20,30,1,2,2,2,1,2,2,1,2,2,2,0,0,0,0,0,0,0,0,0,0,0,0,0,0,0,1
"2023",4,2,3,7,31,0,2,2,2,2,2,0,0,0,0,0,0,0,0,0,0,0,0,0,0,0,0,0,0,0,0,0,0
"2023",4,2,3,7,45,0,2,2,2,2,2,0,0,0,0,0,0,0,0,0,0,0,0,0,0,0,0,0,0,0,0,0,0
"2023",4,1,4,1,61,0,2,2,2,2,2,0,0,0,0,0,0,0,0,0,0,0,0,0,0,0,0,0,0,0,0,0,0
"2023",4,1,4,1,31,0,2,2,2,2,2,0,0,0,0,0,0,0,0,0,0,0,0,0,0,0,0,0,0,0,0,0,0
"2023",1,2,7,1,35,25,2,2,1,2,1,0,0,0,0,0,0,0,0,0,0,0,0,0,0,0,3,2,2,1,2,1,3
"2023",1,1,7,1,43,60,1,1,1,2,2,2,2,1,1,1,1,1,2,1,2,2,2,1,2,2,3,2,1,2,1,2,0
"2023",1,1,7,1,30,5,2,1,1,2,1,0,0,0,0,0,0,3,1,2,2,2,2,2,1,2,3,2,1,2,2,1,4
"2023",0,1,0,7,41,0,0,0,0,0,0,0,0,0,0,0,0,0,0,0,0,0,0,0,0,0,0,0,0,0,0,0,0
"2023",4,2,3,1,46,0,2,2,2,2,2,0,0,0,0,0,0,0,0,0,0,0,0,0,0,0,0,0,0,0,0,0,0
"2023",3,2,7,7,62,15,2,2,1,2,1,0,0,0,0,0,0,0,0,0,0,0,0,0,0,0,3,1,2,2,2,1,3
"2023",1,2,2,2,50,10,2,2,2,2,1,0,0,0,0,0,0,0,0,0,0,0,0,0,0,0,0,0,0,0,0,0,5
"2023",1,1,7,1,30,50,1,2,2,2,1,4,2,2,2,1,1,0,0,0,0,0,0,0,0,0,0,0,0,0,0,0,3
"2023",1,2,4,1,27,30,1,2,2,2,1,6,2,1,2,2,2,0,0,0,0,0,0,0,0,0,0,0,0,0,0,0,3
"2023",4,2,3,1,56,0,2,2,2,2,2,0,0,0,0,0,0,0,0,0,0,0,0,0,0,0,0,0,0,0,0,0,0
"2023",3,1,3,1,47,60,2,2,2,2,1,0,0,0,0,0,0,0,0,0,0,0,0,0,0,0,0,0,0,0,0,0,1
"2023",3,2,4,1,35,15,2,2,2,2,1,0,0,0,0,0,0,0,0,0,0,0,0,0,0,0,0,0,0,0,0,0,1
"2023",1,1,4,1,20,60,1,1,2,2,1,4,2,1,2,1,2,3,2,1,2,2,2,2,2,2,0,0,0,0,0,0,3
"2023",3,2,3,1,53,60,2,2,2,2,1,0,0,0,0,0,0,0,0,0,0,0,0,0,0,0,0,0,0,0,0,0,3
"2023",1,2,5,1,57,45,2,2,2,2,1,0,0,0,0,0,0,0,0,0,0,0,0,0,0,0,0,0,0,0,0,0,3
"2023",2,2,3,7,76,0,2,2,2,2,2,0,0,0,0,0,0,0,0,0,0,0,0,0,0,0,0,0,0,0,0,0,0
"2023",1,2,4,1,36,20,2,1,2,2,1,0,0,0,0,0,0,3,2,2,2,2,2,1,2,2,0,0,0,0,0,0,3
"2023",3,2,4,7,33,10,2,2,1,2,2,0,0,0,0,0,0,0,0,0,0,0,0,0,0,0,3,2,2,2,1,1,0
"2023",1,2,4,7,30,30,1,2,2,2,2,6,2,2,1,1,2,0,0,0,0,0,0,0,0,0,0,0,0,0,0,0,0
"2023",4,2,2,1,39,0,2,2,2,2,2,0,0,0,0,0,0,0,0,0,0,0,0,0,0,0,0,0,0,0,0,0,0
"2023",1,2,7,1,24,120,1,1,2,2,1,1,2,1,2,1,1,1,2,1,2,1,2,2,1,2,0,0,0,0,0,0,1
"2023",3,2,6,8,65,10,2,1,1,2,1,0,0,0,0,0,0,4,2,1,1,1,2,2,2,2,3,1,1,2,2,2,3
"2023",1,1,9,1,44,300,1,1,1,2,1,4,2,2,2,1,1,1,2,2,2,2,2,1,2,2,3,1,1,1,1,1,3
"2023",3,2,7,1,41,15,1,1,1,2,1,3,2,2,2,2,1,3,2,2,1,2,2,2,2,2,3,1,1,1,1,1,3
"2023",1,1,3,1,33,30,2,1,2,1,1,0,0,0,0,0,0,2,2,2,2,2,2,1,2,2,0,0,0,0,0,0,2
"2023",1,2,7,7,37,45,1,1,1,1,1,2,1,1,2,1,1,4,2,2,1,2,2,2,2,1,3,1,2,2,2,1,3
"2023",4,1,3,1,39,0,2,2,2,2,2,0,0,0,0,0,0,0,0,0,0,0,0,0,0,0,0,0,0,0,0,0,0
"2023",3,1,4,4,22,15,2,2,2,1,1,0,0,0,0,0,0,0,0,0,0,0,0,0,0,0,0,0,0,0,0,0,4
"2023",4,2,2,1,57,0,2,2,2,2,2,0,0,0,0,0,0,0,0,0,0,0,0,0,0,0,0,0,0,0,0,0,0
"2023",1,2,7,1,22,30,2,2,2,2,1,0,0,0,0,0,0,0,0,0,0,0,0,0,0,0,0,0,0,0,0,0,3
"2023",1,2,6,1,47,30,2,2,2,1,1,0,0,0,0,0,0,0,0,0,0,0,0,0,0,0,0,0,0,0,0,0,6
"2023",1,2,8,1,43,120,1,2,2,2,1,4,2,1,2,1,2,0,0,0,0,0,0,0,0,0,0,0,0,0,0,0,1
"2023",1,1,2,1,29,25,1,2,2,2,1,4,2,1,1,1,1,0,0,0,0,0,0,0,0,0,0,0,0,0,0,0,3
"2023",1,1,3,7,29,60,1,2,2,2,1,4,2,1,2,1,2,0,0,0,0,0,0,0,0,0,0,0,0,0,0,0,3
"2023",3,2,3,1,28,10,2,2,2,2,1,0,0,0,0,0,0,0,0,0,0,0,0,0,0,0,0,0,0,0,0,0,6
"2023",4,2,3,1,46,0,2,2,2,2,2,0,0,0,0,0,0,0,0,0,0,0,0,0,0,0,0,0,0,0,0,0,0
"2023",1,1,2,1,71,30,1,2,2,2,2,5,2,2,1,2,2,0,0,0,0,0,0,0,0,0,0,0,0,0,0,0,0
"2023",1,2,2,7,70,20,1,2,2,2,2,5,2,2,1,2,2,0,0,0,0,0,0,0,0,0,0,0,0,0,0,0,0
"2023",1,1,7,6,24,60,1,1,1,2,1,3,2,2,2,1,2,3,1,1,2,1,2,1,1,2,3,1,1,1,2,1,3
"2023",1,1,4,4,33,20,1,1,2,1,1,4,2,2,2,1,2,4,2,2,2,2,2,2,2,1,0,0,0,0,0,0,3
"2023",1,2,6,1,63,30,1,2,2,2,1,5,2,1,1,2,2,0,0,0,0,0,0,0,0,0,0,0,0,0,0,0,1
"2023",1,2,6,8,61,60,2,1,2,2,1,0,0,0,0,0,0,6,2,2,1,2,2,2,2,2,0,0,0,0,0,0,5
"2023",1,2,6,8,59,30,1,2,1,2,1,4,2,2,2,1,2,0,0,0,0,0,0,0,0,0,3,1,1,1,1,1,4
"2023",1,2,7,1,32,25,2,2,2,2,1,0,0,0,0,0,0,0,0,0,0,0,0,0,0,0,0,0,0,0,0,0,4
"2023",3,2,7,6,21,40,1,2,2,2,1,2,2,1,2,2,2,0,0,0,0,0,0,0,0,0,0,0,0,0,0,0,4
"2023",1,2,2,7,75,40,1,1,1,2,2,5,2,2,1,2,2,5,2,2,2,2,1,2,2,2,4,1,1,1,1,1,0
"2023",1,2,3,7,67,60,1,1,2,2,2,5,2,2,1,2,2,5,2,2,2,2,1,2,2,2,0,0,0,0,0,0,0
"2023",1,2,2,1,70,100,1,2,2,1,2,5,2,2,1,2,2,0,0,0,0,0,0,0,0,0,0,0,0,0,0,0,0
"2023",4,1,2,10,80,0,2,2,2,2,2,0,0,0,0,0,0,0,0,0,0,0,0,0,0,0,0,0,0,0,0,0,0
"2023",3,2,3,7,48,30,2,1,2,2,2,0,0,0,0,0,0,4,2,2,1,1,2,2,2,2,0,0,0,0,0,0,0
"2023",4,2,3,1,40,0,2,2,2,2,2,0,0,0,0,0,0,0,0,0,0,0,0,0,0,0,0,0,0,0,0,0,0
"2023",1,1,3,1,41,10,1,2,2,2,1,4,2,2,2,1,2,0,0,0,0,0,0,0,0,0,0,0,0,0,0,0,4
"2023",4,2,2,1,66,0,2,2,2,2,2,0,0,0,0,0,0,0,0,0,0,0,0,0,0,0,0,0,0,0,0,0,0
"2023",3,2,7,7,34,25,2,2,2,2,1,0,0,0,0,0,0,0,0,0,0,0,0,0,0,0,0,0,0,0,0,0,4
"2023",1,2,7,6,29,120,1,2,2,2,1,2,2,1,2,1,2,0,0,0,0,0,0,0,0,0,0,0,0,0,0,0,2
"2023",4,2,7,1,47,0,2,2,2,2,2,0,0,0,0,0,0,0,0,0,0,0,0,0,0,0,0,0,0,0,0,0,0
"2023",4,2,4,7,56,0,2,2,2,2,2,0,0,0,0,0,0,0,0,0,0,0,0,0,0,0,0,0,0,0,0,0,0
"2023",4,2,2,1,58,0,2,2,2,2,2,0,0,0,0,0,0,0,0,0,0,0,0,0,0,0,0,0,0,0,0,0,0
"2023",1,2,5,1,64,90,1,1,1,2,1,3,2,2,2,2,1,3,2,2,2,2,2,2,1,2,4,1,1,1,1,1,3
"2023",1,1,7,1,51,30,1,1,2,2,1,3,2,2,2,2,1,4,2,1,2,2,2,2,1,2,0,0,0,0,0,0,4
"2023",4,2,3,1,34,0,2,2,2,2,2,0,0,0,0,0,0,0,0,0,0,0,0,0,0,0,0,0,0,0,0,0,0
"2023",1,2,3,7,51,40,1,2,2,2,2,4,2,2,1,2,2,0,0,0,0,0,0,0,0,0,0,0,0,0,0,0,0
"2023",1,1,2,8,82,40,1,2,1,2,2,3,2,2,2,2,1,0,0,0,0,0,0,0,0,0,4,1,1,1,1,1,0
"2023",1,2,4,1,27,15,2,1,2,2,1,0,0,0,0,0,0,4,2,2,2,2,2,2,2,1,0,0,0,0,0,0,4
"2023",1,2,7,8,61,20,2,2,2,2,1,0,0,0,0,0,0,0,0,0,0,0,0,0,0,0,0,0,0,0,0,0,3
"2023",1,2,7,1,50,60,1,2,2,2,1,4,2,2,2,1,1,0,0,0,0,0,0,0,0,0,0,0,0,0,0,0,4
"2023",4,2,3,1,52,0,2,2,2,2,2,0,0,0,0,0,0,0,0,0,0,0,0,0,0,0,0,0,0,0,0,0,0
"2023",1,1,4,1,55,60,1,2,2,2,2,4,2,2,2,2,1,0,0,0,0,0,0,0,0,0,0,0,0,0,0,0,0
"2023",3,1,3,8,49,45,2,1,2,2,2,0,0,0,0,0,0,4,2,2,2,2,2,2,1,1,0,0,0,0,0,0,0
"2023",1,1,4,1,54,30,1,2,2,2,1,2,2,2,2,2,1,0,0,0,0,0,0,0,0,0,0,0,0,0,0,0,2
"2023",4,1,2,1,62,0,2,2,2,2,2,0,0,0,0,0,0,0,0,0,0,0,0,0,0,0,0,0,0,0,0,0,0
"2023",1,2,2,7,65,30,1,2,2,2,2,4,2,1,2,2,2,0,0,0,0,0,0,0,0,0,0,0,0,0,0,0,0
"2023",1,2,7,6,20,120,1,1,2,2,1,2,2,1,2,2,2,2,2,2,2,2,2,1,2,2,0,0,0,0,0,0,2
"2023",1,2,7,2,54,120,1,1,2,2,2,3,2,1,2,2,1,1,1,2,1,2,2,2,1,2,0,0,0,0,0,0,0
"2023",1,1,7,1,73,60,1,2,1,2,2,3,2,2,2,1,2,0,0,0,0,0,0,0,0,0,4,2,1,1,2,2,0
"2023",1,1,3,1,30,120,1,1,2,2,1,4,2,2,2,2,1,3,1,2,2,2,2,2,2,2,0,0,0,0,0,0,3
"2023",1,2,7,1,34,15,2,1,2,2,1,0,0,0,0,0,0,2,2,2,1,2,2,2,2,2,0,0,0,0,0,0,1
"2023",3,1,4,1,20,15,1,2,2,2,2,4,2,2,2,1,2,0,0,0,0,0,0,0,0,0,0,0,0,0,0,0,0
"2023",4,1,2,1,70,0,2,2,2,2,2,0,0,0,0,0,0,0,0,0,0,0,0,0,0,0,0,0,0,0,0,0,0
"2023",4,2,4,1,35,0,2,2,2,2,2,0,0,0,0,0,0,0,0,0,0,0,0,0,0,0,0,0,0,0,0,0,0
"2023",4,2,4,1,56,0,2,2,2,2,2,0,0,0,0,0,0,0,0,0,0,0,0,0,0,0,0,0,0,0,0,0,0
"2023",1,2,7,1,51,20,2,1,2,1,1,0,0,0,0,0,0,4,1,2,2,2,2,2,2,2,0,0,0,0,0,0,3
"2023",4,2,6,7,79,0,2,2,2,2,2,0,0,0,0,0,0,0,0,0,0,0,0,0,0,0,0,0,0,0,0,0,0
"2023",3,2,7,7,50,60,2,2,2,2,1,0,0,0,0,0,0,0,0,0,0,0,0,0,0,0,0,0,0,0,0,0,4
"2023",4,2,4,1,59,0,2,2,2,2,2,0,0,0,0,0,0,0,0,0,0,0,0,0,0,0,0,0,0,0,0,0,0
"2023",1,2,7,6,25,30,1,1,2,2,1,4,2,2,2,1,2,4,2,2,2,1,2,2,2,2,0,0,0,0,0,0,4
"2023",1,2,7,1,54,30,1,2,2,2,1,3,2,1,2,2,2,0,0,0,0,0,0,0,0,0,0,0,0,0,0,0,3
"2023",1,2,4,1,24,40,1,1,2,2,1,3,2,2,2,2,1,4,2,2,2,2,2,2,2,1,0,0,0,0,0,0,4
"2023",1,1,7,1,61,20,2,1,1,2,2,0,0,0,0,0,0,4,2,2,2,2,2,2,2,1,4,2,2,1,2,1,0
"2023",4,1,7,8,62,0,2,2,2,2,2,0,0,0,0,0,0,0,0,0,0,0,0,0,0,0,0,0,0,0,0,0,0
"2023",4,2,2,1,73,0,2,2,2,2,2,0,0,0,0,0,0,0,0,0,0,0,0,0,0,0,0,0,0,0,0,0,0
"2023",1,1,4,8,72,40,2,1,2,2,2,0,0,0,0,0,0,4,2,2,2,2,2,2,2,1,0,0,0,0,0,0,0
"2023",1,2,4,1,45,45,2,1,2,2,2,0,0,0,0,0,0,4,2,2,2,2,2,2,1,1,0,0,0,0,0,0,0
"2023",3,2,2,7,65,30,1,2,2,2,2,5,2,2,1,2,2,0,0,0,0,0,0,0,0,0,0,0,0,0,0,0,0
"2023",4,2,3,1,46,0,2,2,2,2,2,0,0,0,0,0,0,0,0,0,0,0,0,0,0,0,0,0,0,0,0,0,0
"2023",3,2,3,7,41,30,2,1,2,2,2,0,0,0,0,0,0,4,2,2,2,2,2,2,2,1,0,0,0,0,0,0,0
"2023",4,1,2,1,39,0,2,2,2,2,2,0,0,0,0,0,0,0,0,0,0,0,0,0,0,0,0,0,0,0,0,0,0
"2023",4,2,7,1,55,0,2,2,2,2,2,0,0,0,0,0,0,0,0,0,0,0,0,0,0,0,0,0,0,0,0,0,0
"2023",3,2,4,1,38,15,2,2,2,2,1,0,0,0,0,0,0,0,0,0,0,0,0,0,0,0,0,0,0,0,0,0,3
"2023",3,2,5,7,67,15,2,1,2,2,2,0,0,0,0,0,0,3,2,2,2,2,2,2,1,2,0,0,0,0,0,0,0
"2023",4,2,4,7,38,0,2,2,2,2,2,0,0,0,0,0,0,0,0,0,0,0,0,0,0,0,0,0,0,0,0,0,0
"2023",3,1,3,1,47,60,2,2,1,2,2,0,0,0,0,0,0,0,0,0,0,0,0,0,0,0,4,1,1,1,1,1,0
"2023",1,1,2,1,66,20,2,1,2,2,2,0,0,0,0,0,0,3,2,2,2,2,2,2,2,1,0,0,0,0,0,0,0
"2023",4,2,4,7,55,0,2,2,2,2,2,0,0,0,0,0,0,0,0,0,0,0,0,0,0,0,0,0,0,0,0,0,0
"2023",4,2,6,8,77,0,2,2,2,2,2,0,0,0,0,0,0,0,0,0,0,0,0,0,0,0,0,0,0,0,0,0,0
"2023",4,2,6,4,47,0,2,2,2,2,2,0,0,0,0,0,0,0,0,0,0,0,0,0,0,0,0,0,0,0,0,0,0
"2023",1,2,6,1,63,60,1,1,1,1,2,4,2,1,1,2,2,4,2,2,1,2,2,2,1,2,4,2,1,1,1,2,0
"2023",1,2,7,1,50,30,1,2,2,2,2,1,2,1,2,2,2,0,0,0,0,0,0,0,0,0,0,0,0,0,0,0,0
"2023",1,1,4,6,19,120,1,2,2,2,1,2,2,1,2,2,2,0,0,0,0,0,0,0,0,0,0,0,0,0,0,0,2
"2023",4,2,4,4,43,0,2,2,2,2,2,0,0,0,0,0,0,0,0,0,0,0,0,0,0,0,0,0,0,0,0,0,0
"2023",4,1,4,7,34,0,2,2,2,2,2,0,0,0,0,0,0,0,0,0,0,0,0,0,0,0,0,0,0,0,0,0,0
"2023",3,2,6,7,57,120,2,2,2,2,1,0,0,0,0,0,0,0,0,0,0,0,0,0,0,0,0,0,0,0,0,0,3
"2023",1,1,4,1,53,15,1,2,2,2,2,5,2,2,1,2,2,0,0,0,0,0,0,0,0,0,0,0,0,0,0,0,0
"2023",1,2,6,1,46,40,1,1,2,2,1,4,2,2,2,1,2,4,2,2,1,2,2,2,2,2,0,0,0,0,0,0,1
"2023",4,2,3,7,22,0,2,2,2,2,2,0,0,0,0,0,0,0,0,0,0,0,0,0,0,0,0,0,0,0,0,0,0
"2023",4,2,6,8,81,0,2,2,2,2,2,0,0,0,0,0,0,0,0,0,0,0,0,0,0,0,0,0,0,0,0,0,0
"2023",1,2,4,1,18,120,1,2,2,1,1,4,2,2,1,2,2,0,0,0,0,0,0,0,0,0,0,0,0,0,0,0,4
"2023",4,1,4,1,28,0,2,2,2,2,2,0,0,0,0,0,0,0,0,0,0,0,0,0,0,0,0,0,0,0,0,0,0
"2023",4,2,3,7,22,0,2,2,2,2,2,0,0,0,0,0,0,0,0,0,0,0,0,0,0,0,0,0,0,0,0,0,0
"2023",1,2,2,7,53,40,1,1,1,2,2,3,2,2,2,2,1,4,2,2,2,2,2,2,1,2,4,1,1,1,1,1,0
"2023",4,1,7,8,58,0,2,2,2,2,2,0,0,0,0,0,0,0,0,0,0,0,0,0,0,0,0,0,0,0,0,0,0
"2023",1,1,7,1,33,70,1,2,1,2,2,1,2,1,2,2,2,0,0,0,0,0,0,0,0,0,3,1,1,2,2,2,0
"2023",1,2,4,8,61,20,2,2,1,2,2,0,0,0,0,0,0,0,0,0,0,0,0,0,0,0,3,1,2,2,2,2,0
"2023",3,1,3,1,54,90,2,2,1,2,2,0,0,0,0,0,0,0,0,0,0,0,0,0,0,0,4,1,1,1,1,1,0
"2023",3,1,4,1,49,30,2,2,1,2,2,0,0,0,0,0,0,0,0,0,0,0,0,0,0,0,4,1,1,1,1,1,0
"2023",1,1,7,1,31,15,1,1,2,1,1,4,2,2,2,1,2,4,2,2,1,2,2,2,1,2,0,0,0,0,0,0,1
"2023",1,2,7,1,27,60,1,2,2,2,2,1,2,1,2,2,2,0,0,0,0,0,0,0,0,0,0,0,0,0,0,0,0
"2023",1,2,7,1,56,20,1,2,2,2,2,1,1,2,1,2,2,0,0,0,0,0,0,0,0,0,0,0,0,0,0,0,0
"2023",4,2,7,1,35,0,2,2,2,2,2,0,0,0,0,0,0,0,0,0,0,0,0,0,0,0,0,0,0,0,0,0,0
"2023",4,1,3,1,39,0,2,2,2,2,2,0,0,0,0,0,0,0,0,0,0,0,0,0,0,0,0,0,0,0,0,0,0
"2023",1,1,7,1,30,15,1,2,2,2,1,3,2,2,2,2,1,0,0,0,0,0,0,0,0,0,0,0,0,0,0,0,3
"2023",4,2,4,7,70,0,2,2,2,2,2,0,0,0,0,0,0,0,0,0,0,0,0,0,0,0,0,0,0,0,0,0,0
"2023",1,1,7,1,35,20,1,2,2,2,1,4,2,1,2,2,2,0,0,0,0,0,0,0,0,0,0,0,0,0,0,0,3
"2023",1,2,7,1,43,60,1,2,2,2,1,3,2,1,2,2,2,0,0,0,0,0,0,0,0,0,0,0,0,0,0,0,1
"2023",4,2,3,1,44,0,2,2,2,2,2,0,0,0,0,0,0,0,0,0,0,0,0,0,0,0,0,0,0,0,0,0,0
"2023",1,1,6,8,81,120,1,1,2,2,2,4,1,2,2,2,1,4,2,1,2,2,2,2,2,2,0,0,0,0,0,0,0
"2023",1,1,3,1,28,70,2,2,2,1,2,0,0,0,0,0,0,0,0,0,0,0,0,0,0,0,0,0,0,0,0,0,0
"2023",3,2,3,7,29,20,2,1,1,2,1,0,0,0,0,0,0,4,2,2,2,2,2,2,2,1,3,2,2,2,1,1,6
"2023",1,2,4,1,35,30,1,2,2,2,2,4,2,2,1,2,2,0,0,0,0,0,0,0,0,0,0,0,0,0,0,0,0
"2023",0,2,0,1,57,0,0,0,0,0,0,0,0,0,0,0,0,0,0,0,0,0,0,0,0,0,0,0,0,0,0,0,0
"2023",1,2,6,1,34,60,1,2,2,2,1,4,2,2,1,2,2,0,0,0,0,0,0,0,0,0,0,0,0,0,0,0,3
"2023",1,1,7,1,76,60,1,2,2,2,2,3,2,1,2,2,2,0,0,0,0,0,0,0,0,0,0,0,0,0,0,0,0
"2023",3,1,7,1,27,5,1,1,2,2,1,4,2,2,2,1,2,4,2,2,2,2,2,2,2,1,0,0,0,0,0,0,4
"2023",3,1,3,8,59,60,1,2,1,2,2,4,2,2,2,1,2,0,0,0,0,0,0,0,0,0,3,1,1,1,1,1,0
"2023",1,2,7,1,34,60,1,2,1,1,1,2,2,1,2,2,2,0,0,0,0,0,0,0,0,0,3,1,2,2,1,1,3
"2023",4,2,7,1,41,0,2,2,2,2,2,0,0,0,0,0,0,0,0,0,0,0,0,0,0,0,0,0,0,0,0,0,0
"2023",3,1,7,1,56,70,2,2,1,2,1,0,0,0,0,0,0,0,0,0,0,0,0,0,0,0,3,1,1,1,2,1,3
"2023",1,2,7,1,37,60,1,2,2,2,1,4,2,2,1,2,2,0,0,0,0,0,0,0,0,0,0,0,0,0,0,0,1
"2023",3,2,3,1,27,60,2,1,2,2,1,0,0,0,0,0,0,4,2,2,2,2,2,2,2,1,0,0,0,0,0,0,4
"2023",1,2,4,1,29,40,1,1,1,2,1,4,2,2,1,1,2,4,2,2,2,2,2,2,2,1,4,2,1,1,1,1,4
"2023",1,2,2,7,57,10,1,2,2,2,1,5,2,2,1,2,2,0,0,0,0,0,0,0,0,0,0,0,0,0,0,0,3
"2023",1,2,3,1,22,60,1,1,2,2,1,2,2,1,2,2,2,4,2,2,2,2,2,2,2,1,0,0,0,0,0,0,2
"2023",3,2,3,7,27,30,2,2,2,2,1,0,0,0,0,0,0,0,0,0,0,0,0,0,0,0,0,0,0,0,0,0,3
"2023",3,1,4,1,40,25,2,1,1,2,2,0,0,0,0,0,0,4,2,2,2,2,2,2,2,1,4,1,1,1,1,1,0
"2023",4,1,2,1,56,0,2,2,2,2,2,0,0,0,0,0,0,0,0,0,0,0,0,0,0,0,0,0,0,0,0,0,0
"2023",3,2,4,1,34,25,2,2,1,2,1,0,0,0,0,0,0,0,0,0,0,0,0,0,0,0,3,2,2,1,1,1,3
"2023",1,1,4,1,35,30,1,2,2,2,1,4,2,2,2,2,1,0,0,0,0,0,0,0,0,0,0,0,0,0,0,0,3
"2023",1,2,7,1,33,60,1,2,2,2,1,4,2,2,2,1,2,0,0,0,0,0,0,0,0,0,0,0,0,0,0,0,4
"2023",1,2,7,1,31,30,1,2,1,2,1,3,2,1,1,2,2,0,0,0,0,0,0,0,0,0,4,1,1,1,1,1,1
"2023",1,1,4,1,24,30,1,1,1,1,1,4,2,2,2,2,1,3,1,2,2,1,2,1,2,2,2,1,1,1,1,1,4
"2023",1,1,2,1,78,10,1,2,1,2,2,4,2,2,2,1,2,0,0,0,0,0,0,0,0,0,4,1,1,2,2,1,0
"2023",3,1,3,1,22,10,2,2,1,1,2,0,0,0,0,0,0,0,0,0,0,0,0,0,0,0,3,1,1,2,1,1,0
"2023",1,1,2,1,60,10,2,1,2,2,2,0,0,0,0,0,0,4,2,2,2,2,2,2,2,1,0,0,0,0,0,0,0
"2023",4,2,3,7,58,0,2,2,2,2,2,0,0,0,0,0,0,0,0,0,0,0,0,0,0,0,0,0,0,0,0,0,0
"2023",3,2,3,7,54,10,2,2,2,2,1,0,0,0,0,0,0,0,0,0,0,0,0,0,0,0,0,0,0,0,0,0,3
"2023",1,1,7,1,34,30,1,2,2,2,2,4,2,2,2,2,1,0,0,0,0,0,0,0,0,0,0,0,0,0,0,0,0
"2023",1,2,7,1,45,20,1,2,2,2,1,4,2,2,2,1,2,0,0,0,0,0,0,0,0,0,0,0,0,0,0,0,4
"2023",4,2,4,1,21,0,2,2,2,2,2,0,0,0,0,0,0,0,0,0,0,0,0,0,0,0,0,0,0,0,0,0,0
"2023",0,2,0,7,70,0,0,0,0,0,0,0,0,0,0,0,0,0,0,0,0,0,0,0,0,0,0,0,0,0,0,0,0
"2023",3,2,3,1,31,60,1,1,1,1,2,4,2,2,1,2,2,4,2,2,1,2,2,2,2,1,3,2,1,1,1,1,0
"2023",1,2,4,7,33,30,1,2,2,2,1,3,2,2,1,2,2,0,0,0,0,0,0,0,0,0,0,0,0,0,0,0,4
"2023",1,2,2,1,45,10,1,2,2,1,1,5,2,2,1,2,2,0,0,0,0,0,0,0,0,0,0,0,0,0,0,0,3
"2023",1,2,8,1,41,20,1,2,2,2,1,4,2,2,1,2,2,0,0,0,0,0,0,0,0,0,0,0,0,0,0,0,4
"2023",1,2,7,1,27,120,1,1,1,2,1,1,2,1,2,2,1,4,2,2,2,1,2,2,2,2,3,1,2,1,1,1,3
"2023",1,1,3,1,29,15,1,2,1,2,1,3,2,2,2,2,1,0,0,0,0,0,0,0,0,0,3,1,2,1,1,2,3
"2023",3,1,2,1,61,60,1,2,2,2,2,5,2,2,1,2,2,0,0,0,0,0,0,0,0,0,0,0,0,0,0,0,0
"2023",3,2,4,7,33,15,2,1,1,2,1,0,0,0,0,0,0,4,2,2,2,2,2,2,2,1,3,2,2,2,1,1,4
"2023",1,2,7,1,47,120,1,1,2,2,2,4,2,1,2,2,1,3,2,2,1,2,2,2,2,2,0,0,0,0,0,0,0
"2023",1,2,2,7,64,120,1,2,2,2,2,5,2,2,1,2,2,0,0,0,0,0,0,0,0,0,0,0,0,0,0,0,0
"2023",0,2,2,7,64,0,0,0,0,0,0,0,0,0,0,0,0,0,0,0,0,0,0,0,0,0,0,0,0,0,0,0,0
"2023",4,2,4,7,37,0,2,2,2,2,2,0,0,0,0,0,0,0,0,0,0,0,0,0,0,0,0,0,0,0,0,0,0
"2023",1,1,2,1,70,30,1,2,2,2,2,3,2,2,2,2,1,0,0,0,0,0,0,0,0,0,0,0,0,0,0,0,0
"2023",4,2,4,1,39,0,2,2,2,2,2,0,0,0,0,0,0,0,0,0,0,0,0,0,0,0,0,0,0,0,0,0,0
"2023",1,2,4,1,21,30,1,2,2,1,1,4,2,2,2,1,1,0,0,0,0,0,0,0,0,0,0,0,0,0,0,0,3
"2023",1,1,2,8,68,30,1,1,2,2,2,3,2,2,1,2,2,5,2,2,2,2,1,2,2,2,0,0,0,0,0,0,0
"2023",1,1,4,1,25,180,1,1,2,2,1,2,2,2,1,2,2,2,2,2,2,1,2,2,2,2,0,0,0,0,0,0,2
"2023",1,1,8,1,30,40,1,2,2,2,1,3,2,2,2,2,1,0,0,0,0,0,0,0,0,0,0,0,0,0,0,0,4
"2023",1,1,7,1,27,20,2,2,2,2,1,0,0,0,0,0,0,0,0,0,0,0,0,0,0,0,0,0,0,0,0,0,4
"2023",1,1,7,6,23,30,1,2,2,2,1,4,2,2,2,2,1,0,0,0,0,0,0,0,0,0,0,0,0,0,0,0,2
"2023",4,2,7,1,23,0,2,2,2,2,2,0,0,0,0,0,0,0,0,0,0,0,0,0,0,0,0,0,0,0,0,0,0
"2023",4,1,3,8,72,0,2,2,2,2,2,0,0,0,0,0,0,0,0,0,0,0,0,0,0,0,0,0,0,0,0,0,0
"2023",4,1,3,1,37,0,2,2,2,2,2,0,0,0,0,0,0,0,0,0,0,0,0,0,0,0,0,0,0,0,0,0,0
"2023",1,1,7,1,49,20,2,2,1,2,1,0,0,0,0,0,0,0,0,0,0,0,0,0,0,0,3,1,1,2,2,1,1
"2023",2,2,4,1,40,0,2,2,2,2,2,0,0,0,0,0,0,0,0,0,0,0,0,0,0,0,0,0,0,0,0,0,0
"2023",1,2,2,7,69,60,2,1,2,2,2,0,0,0,0,0,0,3,2,1,2,2,1,2,2,2,0,0,0,0,0,0,0
"2023",1,1,6,8,60,180,1,2,2,2,2,3,2,2,2,2,1,0,0,0,0,0,0,0,0,0,0,0,0,0,0,0,0
"2023",4,2,3,7,23,0,2,2,2,2,2,0,0,0,0,0,0,0,0,0,0,0,0,0,0,0,0,0,0,0,0,0,0
"2023",1,1,7,6,20,60,1,2,2,1,1,2,2,1,1,2,2,0,0,0,0,0,0,0,0,0,0,0,0,0,0,0,2
"2023",1,1,7,1,23,60,1,2,2,2,1,2,2,1,2,2,2,0,0,0,0,0,0,0,0,0,0,0,0,0,0,0,2
"2023",3,2,7,1,24,60,1,2,2,2,1,2,2,1,2,2,2,0,0,0,0,0,0,0,0,0,0,0,0,0,0,0,4
"2023",4,2,4,7,70,0,2,2,2,2,2,0,0,0,0,0,0,0,0,0,0,0,0,0,0,0,0,0,0,0,0,0,0
"2023",1,1,7,1,34,30,1,1,1,2,1,1,1,1,2,2,2,3,2,2,2,2,2,1,2,2,3,1,1,2,2,1,3
"2023",1,1,2,1,20,30,2,1,2,2,1,0,0,0,0,0,0,3,1,1,2,2,2,2,2,2,0,0,0,0,0,0,3
"2023",4,1,3,1,30,0,2,2,2,2,2,0,0,0,0,0,0,0,0,0,0,0,0,0,0,0,0,0,0,0,0,0,0
"2023",1,2,7,1,31,30,1,2,2,2,2,3,2,2,2,1,2,0,0,0,0,0,0,0,0,0,0,0,0,0,0,0,0
"2023",1,1,7,1,22,30,2,1,2,2,1,0,0,0,0,0,0,1,2,2,2,1,2,2,2,2,0,0,0,0,0,0,1
"2023",4,1,3,1,50,0,2,2,2,2,2,0,0,0,0,0,0,0,0,0,0,0,0,0,0,0,0,0,0,0,0,0,0
"2023",4,1,4,1,21,0,2,2,2,2,2,0,0,0,0,0,0,0,0,0,0,0,0,0,0,0,0,0,0,0,0,0,0
"2023",1,1,7,6,23,30,1,2,2,2,1,4,2,2,2,1,2,0,0,0,0,0,0,0,0,0,0,0,0,0,0,0,4
"2023",1,2,4,1,20,60,1,1,1,1,1,4,2,2,2,1,2,4,2,2,2,2,2,2,2,1,3,2,2,2,2,1,4
"2023",4,2,7,1,35,0,2,2,2,2,2,0,0,0,0,0,0,0,0,0,0,0,0,0,0,0,0,0,0,0,0,0,0
"2023",4,1,4,1,31,0,2,2,2,2,2,0,0,0,0,0,0,0,0,0,0,0,0,0,0,0,0,0,0,0,0,0,0
"2023",1,2,7,6,20,60,1,2,1,2,1,2,2,1,2,2,2,0,0,0,0,0,0,0,0,0,3,1,2,2,2,1,2
"2023",1,1,7,8,69,120,1,2,1,2,2,3,2,2,2,1,1,0,0,0,0,0,0,0,0,0,3,1,1,1,1,1,0
"2023",4,2,4,1,30,0,2,2,2,2,2,0,0,0,0,0,0,0,0,0,0,0,0,0,0,0,0,0,0,0,0,0,0
"2023",4,2,2,1,68,0,2,2,2,2,2,0,0,0,0,0,0,0,0,0,0,0,0,0,0,0,0,0,0,0,0,0,0
"2023",0,2,0,1,47,0,0,0,0,0,0,0,0,0,0,0,0,0,0,0,0,0,0,0,0,0,0,0,0,0,0,0,0
"2023",1,1,4,1,19,30,2,2,2,2,1,0,0,0,0,0,0,0,0,0,0,0,0,0,0,0,0,0,0,0,0,0,3
"2023",3,2,7,1,28,20,2,2,2,2,1,0,0,0,0,0,0,0,0,0,0,0,0,0,0,0,0,0,0,0,0,0,4
"2023",4,2,2,7,72,0,2,2,2,2,2,0,0,0,0,0,0,0,0,0,0,0,0,0,0,0,0,0,0,0,0,0,0
"2023",1,2,4,1,29,60,2,2,1,2,1,0,0,0,0,0,0,0,0,0,0,0,0,0,0,0,3,2,2,2,2,1,3
"2023",1,2,7,6,23,180,1,2,1,1,1,4,2,1,2,1,2,0,0,0,0,0,0,0,0,0,3,1,1,1,1,1,4
"2023",3,1,7,1,39,5,2,1,2,2,1,0,0,0,0,0,0,1,2,2,2,2,2,1,2,2,0,0,0,0,0,0,1
"2023",3,2,4,1,20,120,2,2,2,2,1,0,0,0,0,0,0,0,0,0,0,0,0,0,0,0,0,0,0,0,0,0,4
"2023",1,1,4,4,28,10,2,1,2,2,1,0,0,0,0,0,0,1,2,2,2,2,2,1,2,2,0,0,0,0,0,0,1
"2023",3,1,7,1,57,30,2,1,2,2,1,0,0,0,0,0,0,3,2,2,2,2,2,1,2,2,0,0,0,0,0,0,1
"2023",1,2,4,6,19,30,1,1,2,1,1,4,2,2,2,1,2,2,2,2,2,2,2,1,2,2,0,0,0,0,0,0,4
"2023",3,2,7,7,38,30,2,2,2,2,1,0,0,0,0,0,0,0,0,0,0,0,0,0,0,0,0,0,0,0,0,0,4
"2023",2,2,3,1,46,0,2,2,2,2,2,0,0,0,0,0,0,0,0,0,0,0,0,0,0,0,0,0,0,0,0,0,0
"2023",4,1,4,1,53,0,2,2,2,2,2,0,0,0,0,0,0,0,0,0,0,0,0,0,0,0,0,0,0,0,0,0,0
"2023",1,1,4,1,44,30,2,1,2,2,1,0,0,0,0,0,0,1,2,2,2,2,2,1,2,2,0,0,0,0,0,0,1
"2023",4,2,2,7,63,0,2,2,2,2,2,0,0,0,0,0,0,0,0,0,0,0,0,0,0,0,0,0,0,0,0,0,0
"2023",3,2,4,2,25,20,2,2,2,2,1,0,0,0,0,0,0,0,0,0,0,0,0,0,0,0,0,0,0,0,0,0,4
"2023",1,1,2,8,89,30,2,2,1,2,2,0,0,0,0,0,0,0,0,0,0,0,0,0,0,0,4,1,1,1,1,1,0
"2023",1,2,7,2,23,40,1,1,2,2,1,2,2,1,2,2,1,1,2,2,2,2,2,1,2,2,0,0,0,0,0,0,2
"2023",1,2,4,1,26,45,1,2,2,2,1,2,2,1,2,2,2,0,0,0,0,0,0,0,0,0,0,0,0,0,0,0,2
"2023",3,1,3,1,56,20,2,1,2,2,2,0,0,0,0,0,0,4,2,2,2,2,2,2,2,1,0,0,0,0,0,0,0
"2023",1,2,7,1,51,45,1,2,2,2,2,5,2,2,1,2,2,0,0,0,0,0,0,0,0,0,0,0,0,0,0,0,0
"2023",3,1,7,1,70,10,2,2,2,2,1,0,0,0,0,0,0,0,0,0,0,0,0,0,0,0,0,0,0,0,0,0,3
"2023",3,2,4,1,19,20,2,2,2,2,1,0,0,0,0,0,0,0,0,0,0,0,0,0,0,0,0,0,0,0,0,0,4
"2023",3,2,7,1,56,20,1,2,2,2,2,5,2,2,1,2,2,0,0,0,0,0,0,0,0,0,0,0,0,0,0,0,0
"2023",4,1,2,1,65,0,2,2,2,2,2,0,0,0,0,0,0,0,0,0,0,0,0,0,0,0,0,0,0,0,0,0,0
"2023",1,2,4,6,19,45,1,2,2,2,1,2,2,1,2,1,2,0,0,0,0,0,0,0,0,0,0,0,0,0,0,0,2
"2023",1,1,3,1,53,40,2,1,2,2,1,0,0,0,0,0,0,1,2,2,1,2,2,1,2,2,0,0,0,0,0,0,1
"2023",4,1,4,1,60,0,2,2,2,2,2,0,0,0,0,0,0,0,0,0,0,0,0,0,0,0,0,0,0,0,0,0,0
"2023",1,2,7,1,30,120,1,1,2,2,1,4,2,2,2,1,2,4,2,2,2,2,2,2,1,2,0,0,0,0,0,0,1
"2023",4,2,2,7,81,0,2,2,2,2,2,0,0,0,0,0,0,0,0,0,0,0,0,0,0,0,0,0,0,0,0,0,0
"2023",1,2,7,7,61,30,1,1,2,2,2,3,2,2,1,2,2,3,2,2,2,2,2,2,1,2,0,0,0,0,0,0,0
"2023",4,1,7,1,51,0,2,2,2,2,2,0,0,0,0,0,0,0,0,0,0,0,0,0,0,0,0,0,0,0,0,0,0
"2023",1,2,7,1,52,60,1,1,2,2,2,4,2,2,2,1,2,4,2,2,2,2,2,2,1,2,0,0,0,0,0,0,0
"2023",4,1,3,1,61,0,2,2,2,2,2,0,0,0,0,0,0,0,0,0,0,0,0,0,0,0,0,0,0,0,0,0,0
"2023",4,2,2,7,48,0,2,2,2,2,2,0,0,0,0,0,0,0,0,0,0,0,0,0,0,0,0,0,0,0,0,0,0
"2023",4,2,4,1,19,0,2,2,2,2,2,0,0,0,0,0,0,0,0,0,0,0,0,0,0,0,0,0,0,0,0,0,0
"2023",1,1,4,3,54,30,2,1,2,2,2,0,0,0,0,0,0,1,2,2,1,2,2,2,2,2,0,0,0,0,0,0,0
"2023",1,2,4,1,20,120,1,1,2,1,1,4,2,2,2,1,2,4,2,2,2,2,2,2,2,1,0,0,0,0,0,0,2
"2023",3,1,4,8,59,30,2,2,2,2,1,0,0,0,0,0,0,0,0,0,0,0,0,0,0,0,0,0,0,0,0,0,3
"2023",1,2,6,1,51,20,1,2,2,2,2,4,2,2,1,2,2,0,0,0,0,0,0,0,0,0,0,0,0,0,0,0,0
"2023",3,2,7,1,27,30,2,2,2,2,1,0,0,0,0,0,0,0,0,0,0,0,0,0,0,0,0,0,0,0,0,0,3
"2023",4,2,2,1,28,0,2,2,2,2,2,0,0,0,0,0,0,0,0,0,0,0,0,0,0,0,0,0,0,0,0,0,0
"2023",3,1,4,8,61,30,2,1,1,2,2,0,0,0,0,0,0,4,2,2,2,2,2,1,2,2,4,1,1,1,1,1,0
"2023",4,2,7,1,47,0,2,2,2,2,2,0,0,0,0,0,0,0,0,0,0,0,0,0,0,0,0,0,0,0,0,0,0
"2023",1,2,7,7,43,240,1,2,2,2,2,3,2,2,1,2,1,0,0,0,0,0,0,0,0,0,0,0,0,0,0,0,0
"2023",3,1,7,1,36,10,2,2,2,2,1,0,0,0,0,0,0,0,0,0,0,0,0,0,0,0,0,0,0,0,0,0,3
"2023",1,2,7,1,31,30,1,1,2,2,1,1,2,1,2,2,2,1,2,2,1,2,2,2,2,2,0,0,0,0,0,0,1
"2023",1,1,7,1,75,60,1,2,2,2,1,1,2,1,2,1,2,0,0,0,0,0,0,0,0,0,0,0,0,0,0,0,1
"2023",1,2,7,1,45,120,1,2,2,2,1,4,2,2,2,1,2,0,0,0,0,0,0,0,0,0,0,0,0,0,0,0,1
"2023",1,2,6,1,44,40,1,1,2,2,1,5,2,2,1,2,2,5,2,2,2,2,1,2,2,2,0,0,0,0,0,0,5
"2023",1,2,6,7,49,30,1,1,2,1,2,4,2,2,1,1,2,4,2,2,1,2,2,2,2,2,0,0,0,0,0,0,0
"2023",3,2,2,7,72,60,1,2,2,2,2,4,2,2,1,2,2,0,0,0,0,0,0,0,0,0,0,0,0,0,0,0,0
"2023",1,1,3,1,48,30,1,2,2,2,2,3,2,2,2,2,1,0,0,0,0,0,0,0,0,0,0,0,0,0,0,0,0
"2023",1,2,7,7,31,40,1,1,2,2,2,3,2,1,2,2,2,4,2,2,2,1,2,2,2,2,0,0,0,0,0,0,0
"2023",1,1,7,1,46,15,2,2,1,2,1,0,0,0,0,0,0,0,0,0,0,0,0,0,0,0,3,1,1,2,2,1,4
"2023",4,1,6,1,41,0,2,2,2,2,2,0,0,0,0,0,0,0,0,0,0,0,0,0,0,0,0,0,0,0,0,0,0
"2023",1,2,3,7,23,30,2,2,2,2,1,0,0,0,0,0,0,0,0,0,0,0,0,0,0,0,0,0,0,0,0,0,3
"2023",1,2,2,7,67,30,2,2,2,2,1,0,0,0,0,0,0,0,0,0,0,0,0,0,0,0,0,0,0,0,0,0,3
"2023",3,1,2,1,47,5,2,2,1,2,2,0,0,0,0,0,0,0,0,0,0,0,0,0,0,0,3,2,1,2,2,1,0
"2023",3,2,3,7,26,10,2,2,1,2,1,0,0,0,0,0,0,0,0,0,0,0,0,0,0,0,4,2,2,1,1,1,4
"2023",4,1,3,1,39,0,2,2,2,2,2,0,0,0,0,0,0,0,0,0,0,0,0,0,0,0,0,0,0,0,0,0,0
"2023",1,2,6,7,46,40,1,2,2,2,2,4,2,2,2,1,2,0,0,0,0,0,0,0,0,0,0,0,0,0,0,0,0
"2023",1,2,7,1,41,40,1,1,2,2,2,3,2,2,1,2,2,4,2,1,2,2,2,2,2,2,0,0,0,0,0,0,0
"2023",3,1,4,1,28,10,2,2,1,2,2,0,0,0,0,0,0,0,0,0,0,0,0,0,0,0,3,2,1,2,2,1,0
"2023",1,1,4,1,20,10,1,2,2,2,1,4,2,2,1,2,2,0,0,0,0,0,0,0,0,0,0,0,0,0,0,0,4
"2023",3,2,4,6,18,15,1,2,2,2,2,2,2,2,2,1,2,0,0,0,0,0,0,0,0,0,0,0,0,0,0,0,0
"2023",3,1,2,4,35,15,2,2,2,2,1,0,0,0,0,0,0,0,0,0,0,0,0,0,0,0,0,0,0,0,0,0,1
"2023",1,2,4,7,62,60,2,1,2,2,1,0,0,0,0,0,0,4,2,2,2,1,2,2,2,2,0,0,0,0,0,0,4
"2023",1,2,8,1,29,30,1,1,2,2,1,2,2,1,2,2,2,4,2,2,2,1,2,2,2,2,0,0,0,0,0,0,4
"2023",1,1,7,1,55,15,1,2,1,2,1,5,2,2,1,2,2,0,0,0,0,0,0,0,0,0,3,1,1,2,2,1,3
"2023",3,1,4,1,43,60,2,2,2,2,1,0,0,0,0,0,0,0,0,0,0,0,0,0,0,0,0,0,0,0,0,0,3
"2023",3,2,3,1,46,5,2,2,2,2,1,0,0,0,0,0,0,0,0,0,0,0,0,0,0,0,0,0,0,0,0,0,3
"2023",1,1,3,1,46,10,2,2,1,2,2,0,0,0,0,0,0,0,0,0,0,0,0,0,0,0,3,2,2,1,1,1,0
"2023",1,1,4,6,18,40,1,1,2,1,1,4,2,1,2,1,1,4,2,2,1,2,2,2,2,1,0,0,0,0,0,0,2
"2023",3,1,3,4,45,10,2,2,2,2,1,0,0,0,0,0,0,0,0,0,0,0,0,0,0,0,0,0,0,0,0,0,4
"2023",1,2,7,1,36,60,1,2,2,2,1,1,2,1,2,1,2,0,0,0,0,0,0,0,0,0,0,0,0,0,0,0,1
"2023",1,1,2,8,65,40,2,2,1,2,2,0,0,0,0,0,0,0,0,0,0,0,0,0,0,0,4,1,1,1,1,1,0
"2023",1,1,7,1,29,30,1,2,1,1,1,2,2,1,2,2,2,0,0,0,0,0,0,0,0,0,3,1,1,1,1,1,4
"2023",4,2,4,1,25,0,2,2,2,2,2,0,0,0,0,0,0,0,0,0,0,0,0,0,0,0,0,0,0,0,0,0,0
"2023",1,1,7,1,43,30,1,1,2,2,1,3,2,1,2,1,1,3,2,2,2,2,2,2,2,1,0,0,0,0,0,0,3
"2023",1,1,8,1,45,20,1,1,1,2,2,4,2,2,2,1,2,4,2,2,2,2,2,1,2,2,3,1,2,2,2,2,0
"2023",3,2,6,1,47,10,1,1,1,2,1,3,2,1,2,2,2,3,2,2,2,2,2,2,2,1,3,1,1,1,1,1,4
"2023",4,2,3,7,76,0,2,2,2,2,2,0,0,0,0,0,0,0,0,0,0,0,0,0,0,0,0,0,0,0,0,0,0
"2023",1,1,4,6,19,30,2,2,1,1,1,0,0,0,0,0,0,0,0,0,0,0,0,0,0,0,4,1,1,1,2,2,4
"2023",3,2,6,1,57,20,2,2,2,2,1,0,0,0,0,0,0,0,0,0,0,0,0,0,0,0,0,0,0,0,0,0,1
"2023",1,2,3,1,46,20,1,2,2,2,1,5,2,2,1,2,2,0,0,0,0,0,0,0,0,0,0,0,0,0,0,0,3
"2023",0,1,2,4,43,0,0,0,0,0,0,0,0,0,0,0,0,0,0,0,0,0,0,0,0,0,0,0,0,0,0,0,0
"2023",3,1,7,1,36,10,2,2,2,2,1,0,0,0,0,0,0,0,0,0,0,0,0,0,0,0,0,0,0,0,0,0,3
"2023",1,2,4,7,39,30,1,2,2,2,2,3,2,2,1,2,2,0,0,0,0,0,0,0,0,0,0,0,0,0,0,0,0
"2023",1,2,7,6,25,30,1,2,2,2,1,2,2,1,2,2,2,0,0,0,0,0,0,0,0,0,0,0,0,0,0,0,4
"2023",1,2,4,6,21,30,1,2,1,2,1,2,2,1,2,2,2,0,0,0,0,0,0,0,0,0,4,1,2,2,1,2,3
"2023",1,2,4,1,58,30,1,1,2,2,1,5,2,2,1,2,2,5,2,2,2,2,1,2,2,2,0,0,0,0,0,0,5
"2023",1,2,4,1,31,15,1,2,2,2,1,3,2,2,2,2,1,0,0,0,0,0,0,0,0,0,0,0,0,0,0,0,3
"2023",1,2,7,7,46,60,1,2,2,2,1,4,2,1,1,1,1,0,0,0,0,0,0,0,0,0,0,0,0,0,0,0,3
"2023",1,1,8,1,44,30,1,1,2,2,1,4,2,2,2,1,2,4,1,2,2,2,2,2,2,2,0,0,0,0,0,0,3
"2023",1,1,9,1,67,60,1,1,1,2,1,3,2,2,2,2,1,3,2,2,2,2,2,2,1,2,3,1,2,1,1,1,3
"2023",1,1,7,1,45,15,1,1,2,2,1,4,2,2,2,1,2,4,2,1,2,2,2,2,2,2,0,0,0,0,0,0,4
"2023",1,2,7,3,25,30,1,1,1,1,1,4,2,2,2,1,2,4,2,2,2,2,2,2,2,1,6,1,2,1,1,2,3
"2023",1,2,5,7,70,15,1,2,2,2,2,5,2,2,1,2,2,0,0,0,0,0,0,0,0,0,0,0,0,0,0,0,0
"2023",1,1,4,1,27,10,1,2,2,2,1,4,2,2,2,1,2,0,0,0,0,0,0,0,0,0,0,0,0,0,0,0,3
"2023",1,1,3,1,48,30,2,2,1,2,1,0,0,0,0,0,0,0,0,0,0,0,0,0,0,0,3,2,1,2,2,1,3
"2023",1,2,6,3,54,30,1,2,2,2,1,1,2,1,2,2,2,0,0,0,0,0,0,0,0,0,0,0,0,0,0,0,3
"2023",1,1,4,1,46,60,2,2,1,2,1,0,0,0,0,0,0,0,0,0,0,0,0,0,0,0,3,1,1,2,2,2,1
"2023",1,2,6,1,56,30,1,1,2,2,1,5,2,2,1,2,2,5,2,2,2,2,1,2,2,2,0,0,0,0,0,0,4
"2023",1,2,4,1,46,10,2,2,1,2,1,0,0,0,0,0,0,0,0,0,0,0,0,0,0,0,3,1,1,1,2,1,3
"2023",1,2,3,1,55,20,1,1,2,2,2,5,2,2,1,2,2,3,2,2,1,2,2,2,2,2,0,0,0,0,0,0,0
"2023",1,1,3,1,60,15,1,1,1,2,2,5,2,2,1,2,2,5,2,2,2,2,1,2,2,2,3,1,1,1,1,1,0
"2023",1,1,3,1,63,20,1,1,1,2,2,5,2,2,1,2,2,5,2,2,2,2,1,2,2,2,3,1,1,2,2,1,0
"2023",1,2,4,6,19,60,1,1,1,2,1,2,2,1,2,2,2,3,2,2,2,2,2,1,1,2,2,1,2,1,2,1,3
"2023",1,2,8,7,48,60,1,2,2,2,2,4,2,2,1,2,2,0,0,0,0,0,0,0,0,0,0,0,0,0,0,0,0
"2023",1,2,7,1,39,40,1,1,2,2,1,3,2,1,1,2,1,2,2,2,1,2,2,1,1,2,0,0,0,0,0,0,1
"2023",1,2,4,7,73,15,2,2,1,2,2,0,0,0,0,0,0,0,0,0,0,0,0,0,0,0,3,1,1,1,1,1,0
"2023",1,2,7,1,31,10,1,1,2,2,1,1,2,1,2,2,2,4,2,2,1,2,2,2,2,2,0,0,0,0,0,0,3
"2023",4,2,2,7,66,0,2,2,2,2,2,0,0,0,0,0,0,0,0,0,0,0,0,0,0,0,0,0,0,0,0,0,0
"2023",1,2,7,1,59,60,1,1,2,2,1,3,2,2,1,2,2,1,2,2,1,2,2,2,2,2,0,0,0,0,0,0,3
"2023",1,2,7,5,24,60,1,1,2,2,1,4,2,2,2,1,2,4,2,2,1,2,2,2,2,2,0,0,0,0,0,0,4
"2023",1,2,4,7,31,10,1,1,2,2,1,4,2,2,2,1,2,5,2,2,2,2,1,2,2,2,0,0,0,0,0,0,4
"2023",1,2,2,7,72,10,1,1,2,2,2,5,2,2,1,2,2,5,2,2,2,2,1,2,2,2,0,0,0,0,0,0,0
"2023",1,2,2,7,57,20,1,2,2,2,2,5,2,2,1,2,2,0,0,0,0,0,0,0,0,0,0,0,0,0,0,0,0
"2023",3,1,2,1,55,10,2,2,1,2,2,0,0,0,0,0,0,0,0,0,0,0,0,0,0,0,4,1,1,2,2,1,0
"2023",1,2,2,7,40,20,1,1,2,2,2,5,2,2,1,2,2,5,2,2,2,2,1,2,2,2,0,0,0,0,0,0,0
"2023",1,2,4,1,25,30,1,1,1,2,1,1,2,1,2,2,2,4,2,2,2,2,2,2,2,1,4,2,1,1,1,1,4
"2023",1,1,3,1,49,15,2,2,1,2,1,0,0,0,0,0,0,0,0,0,0,0,0,0,0,0,3,1,1,1,2,1,4
"2023",1,2,4,9,38,15,2,2,2,2,1,0,0,0,0,0,0,0,0,0,0,0,0,0,0,0,0,0,0,0,0,0,3
"2023",1,1,7,6,20,45,1,2,2,2,1,2,2,1,2,2,2,0,0,0,0,0,0,0,0,0,0,0,0,0,0,0,2
"2023",3,1,6,8,70,120,2,2,2,2,1,0,0,0,0,0,0,0,0,0,0,0,0,0,0,0,0,0,0,0,0,0,3
"2023",4,2,7,1,25,0,2,2,2,2,2,0,0,0,0,0,0,0,0,0,0,0,0,0,0,0,0,0,0,0,0,0,0
"2023",4,1,7,1,29,0,2,2,2,2,2,0,0,0,0,0,0,0,0,0,0,0,0,0,0,0,0,0,0,0,0,0,0
"2023",3,2,6,1,48,10,2,2,2,2,1,0,0,0,0,0,0,0,0,0,0,0,0,0,0,0,0,0,0,0,0,0,1
"2023",3,1,7,1,38,20,2,2,2,2,1,0,0,0,0,0,0,0,0,0,0,0,0,0,0,0,0,0,0,0,0,0,1
"2023",4,1,7,8,76,0,2,2,2,2,2,0,0,0,0,0,0,0,0,0,0,0,0,0,0,0,0,0,0,0,0,0,0
"2023",3,2,7,7,31,45,2,2,2,2,1,0,0,0,0,0,0,0,0,0,0,0,0,0,0,0,0,0,0,0,0,0,2
"2023",4,1,7,1,75,0,2,2,2,2,2,0,0,0,0,0,0,0,0,0,0,0,0,0,0,0,0,0,0,0,0,0,0
"2023",3,2,2,7,37,20,2,2,2,2,1,0,0,0,0,0,0,0,0,0,0,0,0,0,0,0,0,0,0,0,0,0,4
"2023",4,1,7,1,22,0,2,2,2,2,2,0,0,0,0,0,0,0,0,0,0,0,0,0,0,0,0,0,0,0,0,0,0
"2023",4,1,2,1,56,0,2,2,2,2,2,0,0,0,0,0,0,0,0,0,0,0,0,0,0,0,0,0,0,0,0,0,0
"2023",3,2,3,1,47,10,2,1,2,2,2,0,0,0,0,0,0,4,2,2,2,2,2,2,2,1,0,0,0,0,0,0,0
"2023",1,2,2,7,50,29,2,2,1,2,1,0,0,0,0,0,0,0,0,0,0,0,0,0,0,0,3,1,1,1,1,1,3
"2023",1,1,4,1,46,20,2,2,2,2,1,0,0,0,0,0,0,0,0,0,0,0,0,0,0,0,0,0,0,0,0,0,3
"2023",1,2,4,1,62,60,1,2,2,2,2,5,2,2,1,2,2,0,0,0,0,0,0,0,0,0,0,0,0,0,0,0,0
"2023",4,2,3,1,33,0,2,2,2,2,2,0,0,0,0,0,0,0,0,0,0,0,0,0,0,0,0,0,0,0,0,0,0
"2023",3,1,3,1,23,20,2,2,2,2,1,0,0,0,0,0,0,0,0,0,0,0,0,0,0,0,0,0,0,0,0,0,3
"2023",1,1,7,8,59,120,1,2,2,2,1,2,2,1,2,2,2,0,0,0,0,0,0,0,0,0,0,0,0,0,0,0,4
"2023",4,2,3,7,37,0,2,2,2,2,2,0,0,0,0,0,0,0,0,0,0,0,0,0,0,0,0,0,0,0,0,0,0
"2023",3,2,7,1,20,30,1,2,1,2,1,2,2,1,2,2,2,0,0,0,0,0,0,0,0,0,3,2,2,1,1,2,2
"2023",3,1,3,8,52,15,2,2,1,2,2,0,0,0,0,0,0,0,0,0,0,0,0,0,0,0,3,1,1,2,2,1,0
"2023",4,1,4,1,44,0,2,2,2,2,2,0,0,0,0,0,0,0,0,0,0,0,0,0,0,0,0,0,0,0,0,0,0
"2023",3,2,3,7,42,20,2,2,2,2,1,0,0,0,0,0,0,0,0,0,0,0,0,0,0,0,0,0,0,0,0,0,4
"2023",4,2,2,1,72,0,2,2,2,2,2,0,0,0,0,0,0,0,0,0,0,0,0,0,0,0,0,0,0,0,0,0,0
"2023",1,1,2,10,70,30,2,2,1,2,2,0,0,0,0,0,0,0,0,0,0,0,0,0,0,0,3,1,1,2,2,1,0
"2023",1,2,4,1,25,60,2,2,2,2,1,0,0,0,0,0,0,0,0,0,0,0,0,0,0,0,0,0,0,0,0,0,4
"2023",4,2,2,8,81,0,2,2,2,2,2,0,0,0,0,0,0,0,0,0,0,0,0,0,0,0,0,0,0,0,0,0,0
"2023",4,2,2,7,70,0,2,2,2,2,2,0,0,0,0,0,0,0,0,0,0,0,0,0,0,0,0,0,0,0,0,0,0
"2023",4,2,6,8,80,0,2,2,2,2,2,0,0,0,0,0,0,0,0,0,0,0,0,0,0,0,0,0,0,0,0,0,0
"2023",3,2,7,1,22,30,2,1,1,1,2,0,0,0,0,0,0,2,2,2,1,1,2,1,2,2,4,2,1,1,2,2,0
"2023",1,2,2,7,66,20,1,2,2,2,2,5,2,2,1,2,2,0,0,0,0,0,0,0,0,0,0,0,0,0,0,0,0
"2023",3,2,7,7,59,30,1,2,2,2,2,4,2,2,1,2,2,0,0,0,0,0,0,0,0,0,0,0,0,0,0,0,0
"2023",3,1,7,3,45,20,1,2,2,2,1,1,2,1,2,2,2,0,0,0,0,0,0,0,0,0,0,0,0,0,0,0,1
"2023",1,2,7,1,25,20,1,2,2,2,1,2,2,1,2,2,2,0,0,0,0,0,0,0,0,0,0,0,0,0,0,0,4
"2023",3,2,4,7,59,20,1,2,2,2,1,3,2,2,2,2,1,0,0,0,0,0,0,0,0,0,0,0,0,0,0,0,3
"2023",1,2,7,1,40,120,1,1,2,2,1,4,2,2,1,1,2,4,2,2,1,2,2,2,2,2,0,0,0,0,0,0,3
"2023",1,1,7,8,61,120,2,2,2,2,1,0,0,0,0,0,0,0,0,0,0,0,0,0,0,0,0,0,0,0,0,0,3
"2023",3,1,7,1,33,25,2,2,2,2,1,0,0,0,0,0,0,0,0,0,0,0,0,0,0,0,0,0,0,0,0,0,3
"2023",4,2,2,7,32,0,2,2,2,2,2,0,0,0,0,0,0,0,0,0,0,0,0,0,0,0,0,0,0,0,0,0,0
"2023",1,2,7,1,32,180,1,2,2,2,2,3,1,2,1,2,2,0,0,0,0,0,0,0,0,0,0,0,0,0,0,0,0
"2023",2,1,2,8,70,0,2,2,2,2,2,0,0,0,0,0,0,0,0,0,0,0,0,0,0,0,0,0,0,0,0,0,0
"2023",4,2,3,7,32,0,2,2,2,2,2,0,0,0,0,0,0,0,0,0,0,0,0,0,0,0,0,0,0,0,0,0,0
"2023",4,2,3,1,39,0,2,2,2,2,2,0,0,0,0,0,0,0,0,0,0,0,0,0,0,0,0,0,0,0,0,0,0
"2023",1,2,7,1,36,30,1,1,2,2,1,4,2,2,2,1,2,1,2,2,2,2,2,2,1,2,0,0,0,0,0,0,1
"2023",4,2,2,7,67,0,2,2,2,2,2,0,0,0,0,0,0,0,0,0,0,0,0,0,0,0,0,0,0,0,0,0,0
"2023",1,2,7,1,41,10,2,2,2,2,1,0,0,0,0,0,0,0,0,0,0,0,0,0,0,0,0,0,0,0,0,0,1
"2023",1,2,7,1,36,120,1,1,1,2,1,1,2,1,1,2,2,1,2,1,2,1,2,1,2,2,3,2,2,2,2,1,1
"2023",1,2,2,1,63,10,2,2,1,2,2,0,0,0,0,0,0,0,0,0,0,0,0,0,0,0,4,2,2,1,1,2,0
"2023",0,2,0,1,71,0,0,0,0,0,0,0,0,0,0,0,0,0,0,0,0,0,0,0,0,0,0,0,0,0,0,0,0
"2023",4,2,4,1,31,0,2,2,2,2,2,0,0,0,0,0,0,0,0,0,0,0,0,0,0,0,0,0,0,0,0,0,0
"2023",1,1,3,4,37,20,1,1,2,1,2,4,2,2,1,2,1,4,2,1,2,2,2,2,2,2,0,0,0,0,0,0,0
"2023",1,2,3,7,56,60,1,2,2,2,1,4,2,2,1,2,2,0,0,0,0,0,0,0,0,0,0,0,0,0,0,0,3
"2023",1,1,5,8,68,20,2,2,2,2,1,0,0,0,0,0,0,0,0,0,0,0,0,0,0,0,0,0,0,0,0,0,3
"2023",1,2,5,1,66,60,1,1,1,2,2,3,2,2,2,2,1,3,2,1,2,2,2,2,1,2,3,1,1,1,1,1,0
"2023",1,1,3,1,39,60,2,2,2,2,1,0,0,0,0,0,0,0,0,0,0,0,0,0,0,0,0,0,0,0,0,0,3
"2023",1,1,4,6,18,30,1,1,2,2,1,2,2,1,2,2,2,2,2,1,2,2,2,1,2,2,0,0,0,0,0,0,2
"2023",3,1,7,1,44,60,1,2,2,2,2,5,2,2,2,2,2,0,0,0,0,0,0,0,0,0,0,0,0,0,0,0,0
"2023",1,2,4,7,27,20,1,1,2,1,1,4,2,2,2,1,2,4,2,2,1,2,2,2,2,1,0,0,0,0,0,0,3
"2023",1,2,7,1,29,30,1,2,2,2,2,4,2,2,2,1,2,0,0,0,0,0,0,0,0,0,0,0,0,0,0,0,0
"2023",3,1,4,1,28,15,2,2,1,2,2,0,0,0,0,0,0,0,0,0,0,0,0,0,0,0,1,1,2,2,1,2,0
"2023",1,2,4,7,26,10,1,2,2,2,2,4,2,2,2,1,2,0,0,0,0,0,0,0,0,0,0,0,0,0,0,0,0
"2023",3,2,7,1,42,30,2,2,2,2,1,0,0,0,0,0,0,0,0,0,0,0,0,0,0,0,0,0,0,0,0,0,1
"2023",4,1,4,1,52,0,2,2,2,2,2,0,0,0,0,0,0,0,0,0,0,0,0,0,0,0,0,0,0,0,0,0,0
"2023",1,2,4,1,28,120,1,2,2,2,1,4,2,2,2,1,1,0,0,0,0,0,0,0,0,0,0,0,0,0,0,0,4
"2023",1,2,4,7,19,10,2,1,2,2,1,0,0,0,0,0,0,4,2,2,1,2,2,2,2,1,0,0,0,0,0,0,4
"2023",4,2,3,1,41,0,2,2,2,2,2,0,0,0,0,0,0,0,0,0,0,0,0,0,0,0,0,0,0,0,0,0,0
"2023",4,2,3,1,27,0,2,2,2,2,2,0,0,0,0,0,0,0,0,0,0,0,0,0,0,0,0,0,0,0,0,0,0
"2023",1,1,7,1,39,30,1,1,2,1,1,5,2,2,1,2,2,4,1,2,2,2,2,2,2,1,0,0,0,0,0,0,3
"2023",1,1,6,1,54,90,1,1,1,2,1,1,2,1,2,2,2,1,2,1,2,2,2,1,1,2,3,1,1,1,1,1,3
"2023",4,1,4,1,55,0,2,2,2,2,2,0,0,0,0,0,0,0,0,0,0,0,0,0,0,0,0,0,0,0,0,0,0
"2023",1,1,7,1,50,45,1,2,1,2,1,3,2,2,1,2,2,0,0,0,0,0,0,0,0,0,4,1,2,1,1,2,3
"2023",1,1,9,1,70,120,1,1,1,2,1,4,2,2,2,2,1,3,2,1,2,2,2,2,2,2,3,1,2,1,2,2,3
"2023",1,1,7,1,56,60,1,1,1,2,1,2,2,1,2,1,2,1,2,1,2,1,2,2,2,2,2,1,2,1,2,1,1
"2023",1,2,7,8,63,30,1,2,1,1,1,4,2,2,2,1,2,0,0,0,0,0,0,0,0,0,3,1,2,1,2,2,3
"2023",4,1,2,1,60,0,2,2,2,2,2,0,0,0,0,0,0,0,0,0,0,0,0,0,0,0,0,0,0,0,0,0,0
"2023",4,1,2,4,20,0,2,2,2,2,2,0,0,0,0,0,0,0,0,0,0,0,0,0,0,0,0,0,0,0,0,0,0
"2023",4,1,3,1,43,0,2,2,2,2,2,0,0,0,0,0,0,0,0,0,0,0,0,0,0,0,0,0,0,0,0,0,0
"2023",1,2,7,4,50,90,1,2,2,2,1,4,2,2,2,1,2,0,0,0,0,0,0,0,0,0,0,0,0,0,0,0,4
"2023",4,2,2,9,97,0,2,2,2,2,2,0,0,0,0,0,0,0,0,0,0,0,0,0,0,0,0,0,0,0,0,0,0
"2023",4,1,0,1,78,0,2,2,2,2,2,0,0,0,0,0,0,0,0,0,0,0,0,0,0,0,0,0,0,0,0,0,0
"2023",1,1,4,1,34,60,1,2,2,2,2,4,2,2,2,2,1,0,0,0,0,0,0,0,0,0,0,0,0,0,0,0,0
"2023",4,1,7,1,32,0,2,2,2,2,2,0,0,0,0,0,0,0,0,0,0,0,0,0,0,0,0,0,0,0,0,0,0
"2023",1,2,4,1,51,20,1,1,2,2,1,4,2,2,2,1,2,4,2,2,2,2,2,2,2,1,0,0,0,0,0,0,3
"2023",1,1,3,1,54,20,2,2,1,2,2,0,0,0,0,0,0,0,0,0,0,0,0,0,0,0,4,1,1,1,2,1,0
"2023",1,2,4,7,55,40,1,2,2,2,2,4,2,2,2,1,2,0,0,0,0,0,0,0,0,0,0,0,0,0,0,0,0
"2023",1,2,4,7,39,30,1,1,2,1,1,4,2,2,2,1,2,3,2,2,1,2,2,2,2,1,0,0,0,0,0,0,3
"2023",4,2,2,1,62,0,2,2,2,2,2,0,0,0,0,0,0,0,0,0,0,0,0,0,0,0,0,0,0,0,0,0,0
"2023",1,2,7,8,69,30,1,1,1,2,2,3,2,2,2,2,1,4,2,2,2,2,2,2,1,2,3,1,1,1,1,1,0
"2023",1,2,4,8,64,50,1,1,2,2,2,4,2,2,1,1,1,4,2,2,2,1,2,1,2,2,0,0,0,0,0,0,0
"2023",1,1,7,3,54,30,1,2,2,2,2,3,2,2,2,2,1,0,0,0,0,0,0,0,0,0,0,0,0,0,0,0,0
"2023",1,1,2,8,81,90,2,2,1,2,2,0,0,0,0,0,0,0,0,0,0,0,0,0,0,0,3,1,1,1,2,1,0
"2023",1,1,4,1,30,40,1,2,2,2,2,3,2,2,2,2,1,0,0,0,0,0,0,0,0,0,0,0,0,0,0,0,0
"2023",1,2,3,8,80,30,1,2,2,2,2,4,2,2,2,1,2,0,0,0,0,0,0,0,0,0,0,0,0,0,0,0,0
"2023",1,1,7,6,23,90,1,2,2,2,1,2,2,1,2,2,1,0,0,0,0,0,0,0,0,0,0,0,0,0,0,0,2
"2023",1,1,7,8,64,40,2,2,1,2,2,0,0,0,0,0,0,0,0,0,0,0,0,0,0,0,4,1,1,1,2,1,0
"2023",1,1,8,1,37,60,1,2,1,2,2,4,2,2,2,1,2,0,0,0,0,0,0,0,0,0,3,1,2,2,2,1,0
"2023",4,1,2,1,32,0,2,2,2,2,2,0,0,0,0,0,0,0,0,0,0,0,0,0,0,0,0,0,0,0,0,0,0
"2023",1,1,3,1,58,20,1,1,2,2,1,4,1,2,1,1,2,4,2,2,2,2,1,2,1,2,0,0,0,0,0,0,4
"2023",4,2,4,7,47,0,2,2,2,2,2,0,0,0,0,0,0,0,0,0,0,0,0,0,0,0,0,0,0,0,0,0,0
"2023",1,2,3,2,50,30,2,2,1,2,2,0,0,0,0,0,0,0,0,0,0,0,0,0,0,0,4,1,1,1,1,1,0
"2023",1,2,7,1,43,60,1,2,1,2,2,4,2,2,2,1,2,0,0,0,0,0,0,0,0,0,4,1,1,2,2,1,0
"2023",1,2,7,7,47,50,1,2,2,2,2,4,2,2,2,2,1,0,0,0,0,0,0,0,0,0,0,0,0,0,0,0,0
"2023",1,2,7,7,28,60,1,2,2,2,2,3,2,2,1,1,2,0,0,0,0,0,0,0,0,0,0,0,0,0,0,0,0
"2023",1,2,2,7,47,30,2,2,1,2,2,0,0,0,0,0,0,0,0,0,0,0,0,0,0,0,4,1,2,1,1,1,0
"2023",4,2,3,1,57,0,2,2,2,2,2,0,0,0,0,0,0,0,0,0,0,0,0,0,0,0,0,0,0,0,0,0,0
"2023",4,2,0,7,55,0,2,2,2,2,2,0,0,0,0,0,0,0,0,0,0,0,0,0,0,0,0,0,0,0,0,0,0
"2023",4,2,2,1,62,0,2,2,2,2,2,0,0,0,0,0,0,0,0,0,0,0,0,0,0,0,0,0,0,0,0,0,0
"2023",1,1,7,1,47,40,1,2,2,2,2,4,2,2,2,2,1,0,0,0,0,0,0,0,0,0,0,0,0,0,0,0,0
"2023",3,1,7,6,23,30,1,2,2,2,1,2,2,2,2,1,2,0,0,0,0,0,0,0,0,0,0,0,0,0,0,0,4
"2023",1,2,3,7,68,10,2,2,2,2,1,0,0,0,0,0,0,0,0,0,0,0,0,0,0,0,0,0,0,0,0,0,3
"2023",1,2,3,7,27,60,1,2,2,2,1,4,2,2,1,2,2,0,0,0,0,0,0,0,0,0,0,0,0,0,0,0,1
"2023",4,1,7,1,41,0,2,2,2,2,2,0,0,0,0,0,0,0,0,0,0,0,0,0,0,0,0,0,0,0,0,0,0
"2023",1,1,2,8,59,35,2,2,1,2,2,0,0,0,0,0,0,0,0,0,0,0,0,0,0,0,4,1,1,1,1,1,0
"2023",1,2,3,7,70,60,1,1,1,2,2,4,2,2,1,2,2,4,2,2,2,2,2,2,2,1,4,2,2,2,1,2,0
"2023",1,1,2,7,80,30,1,1,2,2,2,5,2,2,1,2,2,5,2,2,2,2,1,2,2,2,0,0,0,0,0,0,0
"2023",0,2,0,7,91,0,0,0,0,0,0,0,0,0,0,0,0,0,0,0,0,0,0,0,0,0,0,0,0,0,0,0,0
"2023",0,2,0,7,36,0,0,0,0,0,0,0,0,0,0,0,0,0,0,0,0,0,0,0,0,0,0,0,0,0,0,0,0
"2023",1,2,6,1,30,20,2,1,2,2,1,0,0,0,0,0,0,4,2,2,2,1,2,1,2,2,0,0,0,0,0,0,4
"2023",1,1,2,1,57,40,2,2,1,2,2,0,0,0,0,0,0,0,0,0,0,0,0,0,0,0,4,1,1,1,1,1,0
"2023",1,2,2,1,26,30,1,2,2,2,2,4,2,2,2,1,2,0,0,0,0,0,0,0,0,0,0,0,0,0,0,0,0
"2023",4,1,0,1,80,0,2,2,2,2,2,0,0,0,0,0,0,0,0,0,0,0,0,0,0,0,0,0,0,0,0,0,0
"2023",1,1,4,1,32,10,2,2,2,1,1,0,0,0,0,0,0,0,0,0,0,0,0,0,0,0,0,0,0,0,0,0,3
"2023",1,2,8,1,55,25,1,1,1,2,2,4,2,2,2,2,1,1,2,2,2,2,2,1,2,2,3,1,2,1,2,1,0
"2023",1,2,7,1,26,80,1,1,2,2,1,3,2,1,2,2,1,3,2,2,2,1,2,1,2,2,0,0,0,0,0,0,1
"2023",1,1,3,1,52,45,1,2,2,2,2,3,2,2,2,2,1,0,0,0,0,0,0,0,0,0,0,0,0,0,0,0,0
"2023",3,2,3,1,63,30,1,2,2,2,2,5,2,2,1,2,2,0,0,0,0,0,0,0,0,0,0,0,0,0,0,0,0
"2023",4,1,6,7,80,0,2,2,2,2,2,0,0,0,0,0,0,0,0,0,0,0,0,0,0,0,0,0,0,0,0,0,0
"2023",1,2,7,1,64,60,1,2,2,2,1,4,2,2,2,1,2,0,0,0,0,0,0,0,0,0,0,0,0,0,0,0,1
"2023",1,2,7,7,27,40,1,1,2,2,1,4,2,2,1,2,2,4,2,2,2,2,2,2,2,1,0,0,0,0,0,0,4
"2023",4,1,6,1,39,0,2,2,2,2,2,0,0,0,0,0,0,0,0,0,0,0,0,0,0,0,0,0,0,0,0,0,0
"2023",1,2,3,7,23,30,1,1,1,1,1,4,1,2,2,2,1,4,2,2,2,2,2,2,2,1,3,1,1,1,1,1,4
"2023",1,2,6,7,30,30,2,2,2,2,1,0,0,0,0,0,0,0,0,0,0,0,0,0,0,0,0,0,0,0,0,0,3
"2023",3,2,7,1,32,15,1,2,2,1,1,4,2,2,1,2,2,0,0,0,0,0,0,0,0,0,0,0,0,0,0,0,3
"2023",1,2,8,1,60,60,1,2,2,2,1,4,2,2,2,2,1,0,0,0,0,0,0,0,0,0,0,0,0,0,0,0,4
"2023",4,1,6,8,68,0,2,2,2,2,2,0,0,0,0,0,0,0,0,0,0,0,0,0,0,0,0,0,0,0,0,0,0
"2023",1,2,4,1,37,30,1,2,2,2,1,4,2,1,2,2,2,0,0,0,0,0,0,0,0,0,0,0,0,0,0,0,2
"2023",1,2,2,7,83,30,2,2,1,2,2,0,0,0,0,0,0,0,0,0,0,0,0,0,0,0,4,1,1,1,1,1,0
"2023",1,2,6,8,65,120,1,2,2,2,2,5,2,2,1,2,2,0,0,0,0,0,0,0,0,0,0,0,0,0,0,0,0
"2023",1,2,4,1,41,15,1,1,2,2,1,4,2,2,2,2,1,3,2,2,2,2,2,2,1,2,0,0,0,0,0,0,4
"2023",4,2,3,1,54,0,2,2,2,2,2,0,0,0,0,0,0,0,0,0,0,0,0,0,0,0,0,0,0,0,0,0,0
"2023",1,2,7,7,59,6,2,2,1,2,1,0,0,0,0,0,0,0,0,0,0,0,0,0,0,0,3,1,1,1,1,1,4
"2023",1,2,4,1,25,15,1,2,2,1,1,2,2,1,2,2,2,0,0,0,0,0,0,0,0,0,0,0,0,0,0,0,2
"2023",3,2,3,1,41,15,2,2,2,2,1,0,0,0,0,0,0,0,0,0,0,0,0,0,0,0,0,0,0,0,0,0,3
"2023",4,2,7,1,38,0,2,2,2,2,2,0,0,0,0,0,0,0,0,0,0,0,0,0,0,0,0,0,0,0,0,0,0
"2023",4,1,2,8,68,0,2,2,2,2,2,0,0,0,0,0,0,0,0,0,0,0,0,0,0,0,0,0,0,0,0,0,0
"2023",4,2,2,2,66,0,2,2,2,2,2,0,0,0,0,0,0,0,0,0,0,0,0,0,0,0,0,0,0,0,0,0,0
"2023",1,2,7,7,57,60,1,2,1,2,2,3,2,2,1,1,1,0,0,0,0,0,0,0,0,0,3,1,1,1,1,1,0
"2023",3,2,3,1,30,15,2,2,2,1,1,0,0,0,0,0,0,0,0,0,0,0,0,0,0,0,0,0,0,0,0,0,4
"2023",4,2,5,1,56,0,2,2,2,2,2,0,0,0,0,0,0,0,0,0,0,0,0,0,0,0,0,0,0,0,0,0,0
"2023",3,1,4,1,30,25,2,2,2,2,1,0,0,0,0,0,0,0,0,0,0,0,0,0,0,0,0,0,0,0,0,0,3
"2023",3,1,4,1,28,10,2,2,2,1,2,0,0,0,0,0,0,0,0,0,0,0,0,0,0,0,0,0,0,0,0,0,0
"2023",1,1,2,1,46,120,2,2,1,2,1,0,0,0,0,0,0,0,0,0,0,0,0,0,0,0,3,1,2,2,1,1,3
"2023",1,1,6,1,28,15,2,1,1,2,1,0,0,0,0,0,0,4,2,2,2,1,2,2,2,2,3,2,2,1,1,2,3
"2023",1,2,3,7,69,20,1,2,2,2,2,4,2,2,2,1,2,0,0,0,0,0,0,0,0,0,0,0,0,0,0,0,0
"2023",3,1,7,1,37,30,2,2,2,2,1,0,0,0,0,0,0,0,0,0,0,0,0,0,0,0,0,0,0,0,0,0,3
"2023",1,2,3,1,30,30,1,2,2,2,1,4,2,2,1,1,2,0,0,0,0,0,0,0,0,0,0,0,0,0,0,0,4
"2023",3,2,3,1,72,10,1,2,1,2,2,5,2,2,1,2,2,0,0,0,0,0,0,0,0,0,3,2,2,1,1,2,0
"2023",1,2,4,1,41,30,1,2,1,2,2,5,2,2,1,2,2,0,0,0,0,0,0,0,0,0,3,1,1,1,1,1,0
"2023",4,1,3,1,54,0,2,2,2,2,2,0,0,0,0,0,0,0,0,0,0,0,0,0,0,0,0,0,0,0,0,0,0
"2023",3,1,3,1,29,15,2,2,2,2,1,0,0,0,0,0,0,0,0,0,0,0,0,0,0,0,0,0,0,0,0,0,4
"2023",4,1,2,1,57,0,2,2,2,2,2,0,0,0,0,0,0,0,0,0,0,0,0,0,0,0,0,0,0,0,0,0,0
"2023",1,1,3,1,28,60,2,1,1,1,1,0,0,0,0,0,0,4,2,2,2,1,2,2,2,1,4,2,1,1,2,1,4
"2023",4,2,3,7,27,0,2,2,2,2,2,0,0,0,0,0,0,0,0,0,0,0,0,0,0,0,0,0,0,0,0,0,0
"2023",3,1,3,1,52,10,2,2,2,2,1,0,0,0,0,0,0,0,0,0,0,0,0,0,0,0,0,0,0,0,0,0,3
"2023",3,2,4,2,18,120,1,1,2,1,1,2,2,1,2,2,2,4,2,2,2,2,2,2,2,1,0,0,0,0,0,0,4
"2023",4,2,4,1,18,0,2,2,2,2,2,0,0,0,0,0,0,0,0,0,0,0,0,0,0,0,0,0,0,0,0,0,0
"2023",1,2,8,1,23,30,1,2,2,2,1,2,1,1,2,2,2,0,0,0,0,0,0,0,0,0,0,0,0,0,0,0,3
"2023",1,2,7,1,36,30,2,2,2,2,1,0,0,0,0,0,0,0,0,0,0,0,0,0,0,0,0,0,0,0,0,0,1
"2023",1,2,3,7,67,120,2,1,2,2,2,0,0,0,0,0,0,4,2,2,1,2,2,2,2,2,0,0,0,0,0,0,0
"2023",1,2,7,8,69,60,1,1,2,2,2,4,2,2,1,2,2,5,2,2,2,2,1,2,2,2,0,0,0,0,0,0,0
"2023",4,1,7,8,67,0,2,2,2,2,2,0,0,0,0,0,0,0,0,0,0,0,0,0,0,0,0,0,0,0,0,0,0
"2023",2,2,3,7,62,0,2,2,2,2,2,0,0,0,0,0,0,0,0,0,0,0,0,0,0,0,0,0,0,0,0,0,0
"2023",1,2,7,8,77,60,1,2,2,2,2,5,2,2,1,2,2,0,0,0,0,0,0,0,0,0,0,0,0,0,0,0,0
"2023",3,2,7,7,63,30,2,1,1,1,2,0,0,0,0,0,0,4,2,2,1,2,2,2,1,2,3,1,2,1,1,1,0
"2023",2,1,2,8,73,0,2,2,2,2,2,0,0,0,0,0,0,0,0,0,0,0,0,0,0,0,0,0,0,0,0,0,0
"2023",1,2,7,1,40,30,2,2,1,2,1,0,0,0,0,0,0,0,0,0,0,0,0,0,0,0,3,2,1,1,1,1,1
"2023",1,2,3,7,47,20,1,2,2,2,1,4,2,1,2,2,2,0,0,0,0,0,0,0,0,0,0,0,0,0,0,0,4
"2023",3,2,4,6,18,30,2,2,1,2,2,0,0,0,0,0,0,0,0,0,0,0,0,0,0,0,2,1,2,2,2,2,0
"2023",4,2,3,7,33,0,2,2,2,2,2,0,0,0,0,0,0,0,0,0,0,0,0,0,0,0,0,0,0,0,0,0,0
"2023",3,1,99,1,33,30,2,2,2,2,1,0,0,0,0,0,0,0,0,0,0,0,0,0,0,0,0,0,0,0,0,0,3
"2023",1,2,7,1,42,60,1,1,2,2,1,5,2,2,1,2,1,4,2,2,2,2,1,2,1,2,0,0,0,0,0,0,4
"2023",1,2,7,1,28,40,1,1,2,1,1,1,2,2,2,1,2,1,2,1,2,2,2,1,2,2,0,0,0,0,0,0,1
"2023",4,1,2,1,47,0,2,2,2,2,2,0,0,0,0,0,0,0,0,0,0,0,0,0,0,0,0,0,0,0,0,0,0
"2023",4,1,2,1,69,0,2,2,2,2,2,0,0,0,0,0,0,0,0,0,0,0,0,0,0,0,0,0,0,0,0,0,0
"2023",4,1,2,1,59,0,2,2,2,2,2,0,0,0,0,0,0,0,0,0,0,0,0,0,0,0,0,0,0,0,0,0,0
"2023",1,1,2,1,38,5,2,2,1,2,2,0,0,0,0,0,0,0,0,0,0,0,0,0,0,0,3,1,2,1,2,1,0
"2023",3,2,4,1,46,30,2,1,2,2,1,0,0,0,0,0,0,3,2,2,2,1,2,2,2,2,0,0,0,0,0,0,3
"2023",1,2,6,1,43,30,1,2,2,2,1,3,2,2,1,2,1,0,0,0,0,0,0,0,0,0,0,0,0,0,0,0,3
"2023",1,2,3,7,24,10,1,1,1,1,1,4,2,1,2,2,2,4,2,2,2,1,2,2,2,2,3,2,1,1,1,2,3
"2023",2,2,2,1,62,0,2,2,2,2,2,0,0,0,0,0,0,0,0,0,0,0,0,0,0,0,0,0,0,0,0,0,0
"2023",4,2,3,7,48,0,2,2,2,2,2,0,0,0,0,0,0,0,0,0,0,0,0,0,0,0,0,0,0,0,0,0,0
"2023",4,1,2,1,40,0,2,2,2,2,2,0,0,0,0,0,0,0,0,0,0,0,0,0,0,0,0,0,0,0,0,0,0
"2023",4,1,3,1,52,0,2,2,2,2,2,0,0,0,0,0,0,0,0,0,0,0,0,0,0,0,0,0,0,0,0,0,0
"2023",3,1,7,1,48,15,2,1,2,1,1,0,0,0,0,0,0,3,2,1,2,2,2,2,1,2,0,0,0,0,0,0,3
"2023",1,2,2,8,82,30,1,1,2,2,2,4,2,2,2,2,1,3,2,2,2,1,1,2,2,2,0,0,0,0,0,0,0
"2023",1,2,7,6,20,15,1,2,2,2,1,2,1,2,2,2,2,0,0,0,0,0,0,0,0,0,0,0,0,0,0,0,2
"2023",3,1,6,1,42,15,2,2,1,2,2,0,0,0,0,0,0,0,0,0,0,0,0,0,0,0,4,2,1,2,2,1,0
"2023",1,2,7,1,35,20,1,1,2,2,2,3,2,1,2,1,2,3,2,2,2,2,2,2,1,2,0,0,0,0,0,0,0
"2023",1,1,7,8,60,15,1,2,2,2,1,3,2,2,2,2,1,0,0,0,0,0,0,0,0,0,0,0,0,0,0,0,3
"2023",1,2,2,7,62,30,2,1,2,2,2,0,0,0,0,0,0,4,2,2,2,2,1,2,2,2,0,0,0,0,0,0,0
"2023",1,2,2,1,58,30,1,2,1,2,2,4,2,2,1,1,2,0,0,0,0,0,0,0,0,0,3,1,2,2,1,1,0
"2023",1,2,7,8,66,30,1,2,2,2,2,3,2,2,2,1,2,0,0,0,0,0,0,0,0,0,0,0,0,0,0,0,0
"2023",3,1,7,1,43,3,2,2,2,2,1,0,0,0,0,0,0,0,0,0,0,0,0,0,0,0,0,0,0,0,0,0,1
"2023",4,2,3,7,38,0,2,2,2,2,2,0,0,0,0,0,0,0,0,0,0,0,0,0,0,0,0,0,0,0,0,0,0
"2024",4,1,3,9,52,0,2,2,2,2,2,0,0,0,0,0,0,0,0,0,0,0,0,0,0,0,0,0,0,0,0,0,0
"2024",4,1,3,1,55,0,2,2,2,2,2,0,0,0,0,0,0,0,0,0,0,0,0,0,0,0,0,0,0,0,0,0,0
"2024",4,1,3,1,59,0,2,2,2,2,2,0,0,0,0,0,0,0,0,0,0,0,0,0,0,0,0,0,0,0,0,0,0
"2024",4,1,4,1,30,0,2,2,2,2,2,0,0,0,0,0,0,0,0,0,0,0,0,0,0,0,0,0,0,0,0,0,0
"2024",3,1,3,1,54,20,2,2,1,2,2,0,0,0,0,0,0,0,0,0,0,0,0,0,0,0,4,1,1,1,1,1,0
"2024",3,1,4,1,30,15,2,2,2,2,1,0,0,0,0,0,0,0,0,0,0,0,0,0,0,0,0,0,0,0,0,0,4
"2024",4,2,2,7,66,0,2,2,2,2,2,0,0,0,0,0,0,0,0,0,0,0,0,0,0,0,0,0,0,0,0,0,0
"2024",4,2,3,7,45,0,2,2,2,2,2,0,0,0,0,0,0,0,0,0,0,0,0,0,0,0,0,0,0,0,0,0,0
"2024",3,1,4,1,26,20,2,1,1,2,1,0,0,0,0,0,0,4,2,2,2,1,2,2,1,2,4,1,2,1,1,1,1
"2024",3,2,4,1,41,10,2,2,2,2,1,0,0,0,0,0,0,0,0,0,0,0,0,0,0,0,0,0,0,0,0,0,4
"2024",3,2,4,1,34,20,2,2,2,2,1,0,0,0,0,0,0,0,0,0,0,0,0,0,0,0,0,0,0,0,0,0,2
"2024",3,1,4,1,47,10,2,2,2,2,1,0,0,0,0,0,0,0,0,0,0,0,0,0,0,0,0,0,0,0,0,0,4
"2024",1,1,7,1,54,20,1,2,2,2,1,4,2,2,1,2,2,0,0,0,0,0,0,0,0,0,0,0,0,0,0,0,4
"2024",1,2,7,7,24,20,1,2,2,2,1,4,2,2,2,1,2,0,0,0,0,0,0,0,0,0,0,0,0,0,0,0,4
"2024",3,1,4,1,37,10,2,2,2,2,1,0,0,0,0,0,0,0,0,0,0,0,0,0,0,0,0,0,0,0,0,0,4
"2024",4,2,4,1,58,0,2,2,2,2,2,0,0,0,0,0,0,0,0,0,0,0,0,0,0,0,0,0,0,0,0,0,0
"2024",1,1,4,6,22,30,1,2,2,2,1,2,2,1,2,2,2,0,0,0,0,0,0,0,0,0,0,0,0,0,0,0,2
"2024",1,1,7,1,41,30,1,2,2,2,1,4,2,2,2,1,2,0,0,0,0,0,0,0,0,0,0,0,0,0,0,0,4
"2024",4,1,4,1,23,0,2,2,2,2,2,0,0,0,0,0,0,0,0,0,0,0,0,0,0,0,0,0,0,0,0,0,0
"2024",4,2,4,7,29,0,2,2,2,2,2,0,0,0,0,0,0,0,0,0,0,0,0,0,0,0,0,0,0,0,0,0,0
"2024",4,1,4,8,59,0,2,2,2,2,2,0,0,0,0,0,0,0,0,0,0,0,0,0,0,0,0,0,0,0,0,0,0
"2024",4,2,3,7,41,0,2,2,2,2,2,0,0,0,0,0,0,0,0,0,0,0,0,0,0,0,0,0,0,0,0,0,0
"2024",3,1,2,1,40,20,2,2,1,2,2,0,0,0,0,0,0,0,0,0,0,0,0,0,0,0,4,1,1,1,1,1,0
"2024",1,2,4,6,18,60,1,2,2,2,1,2,2,1,2,2,2,0,0,0,0,0,0,0,0,0,0,0,0,0,0,0,2
"2024",1,1,7,1,35,30,1,2,2,2,1,4,2,2,2,1,2,0,0,0,0,0,0,0,0,0,0,0,0,0,0,0,4
"2024",4,2,2,1,55,0,2,2,2,2,2,0,0,0,0,0,0,0,0,0,0,0,0,0,0,0,0,0,0,0,0,0,0
"2024",4,2,3,7,43,0,2,2,2,2,2,0,0,0,0,0,0,0,0,0,0,0,0,0,0,0,0,0,0,0,0,0,0
"2024",4,2,3,1,40,0,2,2,2,2,2,0,0,0,0,0,0,0,0,0,0,0,0,0,0,0,0,0,0,0,0,0,0
"2024",4,1,3,1,26,0,2,2,2,2,2,0,0,0,0,0,0,0,0,0,0,0,0,0,0,0,0,0,0,0,0,0,0
"2024",4,2,7,1,32,0,2,2,2,2,2,0,0,0,0,0,0,0,0,0,0,0,0,0,0,0,0,0,0,0,0,0,0
"2024",4,2,2,1,40,0,2,2,2,2,2,0,0,0,0,0,0,0,0,0,0,0,0,0,0,0,0,0,0,0,0,0,0
"2024",4,2,3,1,19,0,2,2,2,2,2,0,0,0,0,0,0,0,0,0,0,0,0,0,0,0,0,0,0,0,0,0,0
"2024",4,2,2,1,43,0,2,2,2,2,2,0,0,0,0,0,0,0,0,0,0,0,0,0,0,0,0,0,0,0,0,0,0
"2024",1,2,6,1,64,30,1,2,2,2,2,4,2,2,2,1,2,0,0,0,0,0,0,0,0,0,0,0,0,0,0,0,0
"2024",3,1,3,1,31,10,2,2,2,2,1,0,0,0,0,0,0,0,0,0,0,0,0,0,0,0,0,0,0,0,0,0,4
"2024",3,1,3,1,58,10,2,2,1,2,2,0,0,0,0,0,0,0,0,0,0,0,0,0,0,0,4,1,2,1,1,1,0
"2024",4,1,7,1,49,0,2,2,2,2,2,0,0,0,0,0,0,0,0,0,0,0,0,0,0,0,0,0,0,0,0,0,0
"2024",3,1,3,1,50,15,2,2,2,2,1,0,0,0,0,0,0,0,0,0,0,0,0,0,0,0,0,0,0,0,0,0,2
"2024",4,1,6,1,56,0,2,2,2,2,2,0,0,0,0,0,0,0,0,0,0,0,0,0,0,0,0,0,0,0,0,0,0
"2024",1,2,7,1,28,30,1,2,2,2,1,4,2,2,2,1,2,0,0,0,0,0,0,0,0,0,0,0,0,0,0,0,4
"2024",3,1,3,1,28,10,2,2,2,2,1,0,0,0,0,0,0,0,0,0,0,0,0,0,0,0,0,0,0,0,0,0,4
"2024",3,1,3,8,70,15,2,2,1,2,2,0,0,0,0,0,0,0,0,0,0,0,0,0,0,0,4,1,2,1,1,1,0
"2024",1,1,7,1,56,40,1,2,2,2,2,4,2,2,1,1,2,0,0,0,0,0,0,0,0,0,0,0,0,0,0,0,0
"2024",3,1,7,1,37,10,2,2,2,2,1,0,0,0,0,0,0,0,0,0,0,0,0,0,0,0,0,0,0,0,0,0,4
"2024",1,2,7,1,40,30,1,2,2,2,1,4,2,2,1,2,2,0,0,0,0,0,0,0,0,0,0,0,0,0,0,0,4
"2024",1,2,7,1,53,20,1,2,2,2,2,4,2,2,2,1,2,0,0,0,0,0,0,0,0,0,0,0,0,0,0,0,0
"2024",1,1,4,1,48,60,2,1,2,2,1,0,0,0,0,0,0,3,2,2,2,2,2,1,2,2,0,0,0,0,0,0,4
"2024",3,1,3,1,26,30,2,2,2,2,1,0,0,0,0,0,0,0,0,0,0,0,0,0,0,0,0,0,0,0,0,0,4
"2024",1,1,2,1,66,30,2,2,1,2,2,0,0,0,0,0,0,0,0,0,0,0,0,0,0,0,3,2,1,1,1,1,0
"2024",1,2,7,6,21,120,1,1,2,2,1,2,1,1,1,2,2,2,2,2,1,2,2,1,2,2,0,0,0,0,0,0,3
"2024",1,1,3,1,60,20,2,2,1,2,1,0,0,0,0,0,0,0,0,0,0,0,0,0,0,0,3,1,1,1,1,1,4
"2024",4,1,3,1,30,0,2,2,2,2,2,0,0,0,0,0,0,0,0,0,0,0,0,0,0,0,0,0,0,0,0,0,0
"2024",1,2,7,1,30,60,1,1,2,2,1,1,2,1,1,1,2,1,2,2,2,2,2,1,2,2,0,0,0,0,0,0,1
"2024",1,1,3,1,66,30,1,2,2,2,1,4,2,2,1,2,2,0,0,0,0,0,0,0,0,0,0,0,0,0,0,0,4
"2024",3,2,7,1,62,30,2,2,2,2,1,0,0,0,0,0,0,0,0,0,0,0,0,0,0,0,0,0,0,0,0,0,3
"2024",1,2,2,1,72,25,1,2,2,2,2,5,2,2,2,2,2,0,0,0,0,0,0,0,0,0,0,0,0,0,0,0,0
"2024",3,2,2,8,67,30,2,1,2,2,1,0,0,0,0,0,0,4,2,2,2,1,2,2,2,2,0,0,0,0,0,0,4
"2024",4,1,2,1,36,0,2,2,2,2,2,0,0,0,0,0,0,0,0,0,0,0,0,0,0,0,0,0,0,0,0,0,0
"2024",1,1,4,1,25,120,1,2,2,2,1,2,2,1,2,2,2,0,0,0,0,0,0,0,0,0,0,0,0,0,0,0,2
"2024",0,2,0,3,66,0,0,0,0,0,0,0,0,0,0,0,0,0,0,0,0,0,0,0,0,0,0,0,0,0,0,0,0
"2024",4,2,0,1,60,0,2,2,2,2,2,0,0,0,0,0,0,0,0,0,0,0,0,0,0,0,0,0,0,0,0,0,0
"2024",4,2,3,1,52,0,2,2,2,2,2,0,0,0,0,0,0,0,0,0,0,0,0,0,0,0,0,0,0,0,0,0,0
"2024",1,2,4,1,31,60,1,2,2,2,1,4,2,2,2,1,2,0,0,0,0,0,0,0,0,0,0,0,0,0,0,0,3
"2024",1,2,6,1,43,60,1,2,2,2,2,1,1,2,2,2,2,0,0,0,0,0,0,0,0,0,0,0,0,0,0,0,0
"2024",1,2,7,1,33,60,1,2,2,2,1,4,1,2,2,1,2,0,0,0,0,0,0,0,0,0,0,0,0,0,0,0,3
"2024",4,2,3,7,31,0,2,2,2,2,2,0,0,0,0,0,0,0,0,0,0,0,0,0,0,0,0,0,0,0,0,0,0
"2024",4,1,7,1,41,0,2,2,2,2,2,0,0,0,0,0,0,0,0,0,0,0,0,0,0,0,0,0,0,0,0,0,0
"2024",4,1,2,1,33,0,2,2,2,2,2,0,0,0,0,0,0,0,0,0,0,0,0,0,0,0,0,0,0,0,0,0,0
"2024",3,1,0,7,60,30,2,2,1,2,2,0,0,0,0,0,0,0,0,0,0,0,0,0,0,0,3,1,1,1,1,1,0
"2024",1,2,3,7,29,60,1,2,2,1,1,3,2,2,1,2,2,0,0,0,0,0,0,0,0,0,0,0,0,0,0,0,4
"2024",4,2,2,1,59,0,2,2,2,2,2,0,0,0,0,0,0,0,0,0,0,0,0,0,0,0,0,0,0,0,0,0,0
"2024",1,1,3,1,35,30,1,1,2,1,1,4,2,2,2,1,2,4,1,1,2,2,2,2,2,2,0,0,0,0,0,0,4
"2024",1,1,7,1,61,120,1,2,2,2,1,3,2,2,2,1,2,0,0,0,0,0,0,0,0,0,0,0,0,0,0,0,3
"2024",4,1,4,1,57,0,2,2,2,2,2,0,0,0,0,0,0,0,0,0,0,0,0,0,0,0,0,0,0,0,0,0,0
"2024",3,1,4,1,20,60,1,2,2,2,1,2,2,1,2,2,2,0,0,0,0,0,0,0,0,0,0,0,0,0,0,0,2
"2024",4,2,2,7,78,0,2,2,2,2,2,0,0,0,0,0,0,0,0,0,0,0,0,0,0,0,0,0,0,0,0,0,0
"2024",1,1,4,1,34,20,1,1,2,2,1,4,2,1,2,2,2,4,1,2,2,2,2,2,2,2,0,0,0,0,0,0,4
"2024",1,1,7,1,57,60,1,1,2,2,2,3,2,2,2,1,2,4,2,2,2,2,2,2,1,2,0,0,0,0,0,0,0
"2024",1,1,7,6,22,60,1,1,2,2,1,2,2,1,2,2,2,2,2,1,2,2,2,1,2,2,0,0,0,0,0,0,4
"2024",1,2,7,6,21,120,1,2,1,1,1,2,2,1,2,1,2,0,0,0,0,0,0,0,0,0,3,2,1,1,2,1,2
"2024",4,1,3,1,22,0,2,2,2,2,2,0,0,0,0,0,0,0,0,0,0,0,0,0,0,0,0,0,0,0,0,0,0
"2024",4,2,4,8,65,0,2,2,2,2,2,0,0,0,0,0,0,0,0,0,0,0,0,0,0,0,0,0,0,0,0,0,0
"2024",3,2,7,7,39,20,2,1,2,2,1,0,0,0,0,0,0,4,2,2,1,1,2,2,2,2,0,0,0,0,0,0,3
"2024",1,2,3,7,37,20,2,2,2,1,1,0,0,0,0,0,0,0,0,0,0,0,0,0,0,0,0,0,0,0,0,0,4
"2024",3,1,3,1,48,30,2,2,1,2,2,0,0,0,0,0,0,0,0,0,0,0,0,0,0,0,4,1,1,1,1,1,0
"2024",4,2,4,1,31,0,2,2,2,2,2,0,0,0,0,0,0,0,0,0,0,0,0,0,0,0,0,0,0,0,0,0,0
"2024",4,2,3,3,44,0,2,2,2,2,2,0,0,0,0,0,0,0,0,0,0,0,0,0,0,0,0,0,0,0,0,0,0
"2024",3,2,4,1,51,15,2,2,2,2,1,0,0,0,0,0,0,0,0,0,0,0,0,0,0,0,0,0,0,0,0,0,4
"2024",1,2,6,8,61,20,1,2,2,2,2,3,2,1,2,2,2,0,0,0,0,0,0,0,0,0,0,0,0,0,0,0,0
"2024",1,2,4,1,43,20,2,1,2,2,2,0,0,0,0,0,0,1,2,2,2,1,2,2,2,2,0,0,0,0,0,0,0
"2024",1,2,7,1,25,25,1,2,2,2,1,4,2,2,2,1,2,0,0,0,0,0,0,0,0,0,0,0,0,0,0,0,4
"2024",1,2,7,8,73,30,1,2,2,2,2,3,2,2,2,1,2,0,0,0,0,0,0,0,0,0,0,0,0,0,0,0,0
"2024",0,1,0,1,64,0,0,0,0,0,0,0,0,0,0,0,0,0,0,0,0,0,0,0,0,0,0,0,0,0,0,0,0
"2024",1,2,2,8,71,30,1,2,2,2,2,5,2,2,1,2,2,0,0,0,0,0,0,0,0,0,0,0,0,0,0,0,0
"2024",1,2,7,1,23,30,1,1,2,2,2,5,2,2,1,2,2,5,2,2,2,1,2,2,2,2,0,0,0,0,0,0,0
"2024",1,2,7,1,32,30,1,2,2,2,1,5,2,2,1,2,2,0,0,0,0,0,0,0,0,0,0,0,0,0,0,0,3
"2024",2,2,7,1,45,0,2,2,2,2,2,0,0,0,0,0,0,0,0,0,0,0,0,0,0,0,0,0,0,0,0,0,0
"2024",4,1,2,1,45,0,2,2,2,2,2,0,0,0,0,0,0,0,0,0,0,0,0,0,0,0,0,0,0,0,0,0,0
"2024",1,1,4,1,43,25,1,2,2,2,1,5,2,2,1,2,2,0,0,0,0,0,0,0,0,0,0,0,0,0,0,0,3
"2024",1,1,6,8,69,40,1,1,2,2,2,3,2,2,2,1,2,4,2,2,1,2,2,2,2,2,0,0,0,0,0,0,0
"2024",2,2,7,1,27,0,2,2,2,2,2,0,0,0,0,0,0,0,0,0,0,0,0,0,0,0,0,0,0,0,0,0,0
"2024",2,1,7,1,38,0,2,2,2,2,2,0,0,0,0,0,0,0,0,0,0,0,0,0,0,0,0,0,0,0,0,0,0
"2024",4,1,4,1,33,0,2,2,2,2,2,0,0,0,0,0,0,0,0,0,0,0,0,0,0,0,0,0,0,0,0,0,0
"2024",1,2,3,7,25,40,2,2,2,2,1,0,0,0,0,0,0,0,0,0,0,0,0,0,0,0,0,0,0,0,0,0,4
"2024",2,2,3,1,42,0,2,2,2,2,2,0,0,0,0,0,0,0,0,0,0,0,0,0,0,0,0,0,0,0,0,0,0
"2024",4,2,4,2,29,0,2,2,2,2,2,0,0,0,0,0,0,0,0,0,0,0,0,0,0,0,0,0,0,0,0,0,0
"2024",4,1,4,1,39,0,2,2,2,2,2,0,0,0,0,0,0,0,0,0,0,0,0,0,0,0,0,0,0,0,0,0,0
"2024",0,2,0,7,83,0,0,0,0,0,0,0,0,0,0,0,0,0,0,0,0,0,0,0,0,0,0,0,0,0,0,0,0
"2024",1,2,6,1,47,20,1,2,2,2,2,4,2,2,2,1,2,0,0,0,0,0,0,0,0,0,0,0,0,0,0,0,0
"2024",1,1,7,1,36,20,1,2,2,2,1,1,1,2,2,2,2,0,0,0,0,0,0,0,0,0,0,0,0,0,0,0,3
"2024",4,2,6,1,56,0,2,2,2,2,2,0,0,0,0,0,0,0,0,0,0,0,0,0,0,0,0,0,0,0,0,0,0
"2024",3,2,7,1,25,30,1,2,2,2,2,3,2,2,2,1,2,0,0,0,0,0,0,0,0,0,0,0,0,0,0,0,0
"2024",1,2,7,1,38,20,2,1,2,2,2,0,0,0,0,0,0,1,2,2,1,2,2,1,2,2,0,0,0,0,0,0,0
"2024",1,2,4,1,47,38,1,2,2,2,2,4,2,2,1,2,2,0,0,0,0,0,0,0,0,0,0,0,0,0,0,0,0
"2024",4,1,3,1,39,0,2,2,2,2,2,0,0,0,0,0,0,0,0,0,0,0,0,0,0,0,0,0,0,0,0,0,0
"2024",4,2,6,8,68,0,2,2,2,2,2,0,0,0,0,0,0,0,0,0,0,0,0,0,0,0,0,0,0,0,0,0,0
"2024",1,1,2,9,25,20,2,2,1,2,2,0,0,0,0,0,0,0,0,0,0,0,0,0,0,0,4,1,1,2,2,1,0
"2024",1,1,7,1,30,40,1,2,2,2,1,3,2,2,1,1,2,0,0,0,0,0,0,0,0,0,0,0,0,0,0,0,3
"2024",4,2,4,1,41,0,2,2,2,2,2,0,0,0,0,0,0,0,0,0,0,0,0,0,0,0,0,0,0,0,0,0,0
"2024",1,1,7,1,38,20,1,2,2,2,1,3,2,2,2,1,2,0,0,0,0,0,0,0,0,0,0,0,0,0,0,0,3
"2024",4,2,2,8,63,0,2,2,2,2,2,0,0,0,0,0,0,0,0,0,0,0,0,0,0,0,0,0,0,0,0,0,0
"2024",4,2,6,7,53,0,2,2,2,2,2,0,0,0,0,0,0,0,0,0,0,0,0,0,0,0,0,0,0,0,0,0,0
"2024",1,1,7,1,49,30,1,2,2,2,1,3,2,2,2,1,2,0,0,0,0,0,0,0,0,0,0,0,0,0,0,0,3
"2024",1,2,7,1,50,30,1,2,2,2,2,1,2,2,2,1,2,0,0,0,0,0,0,0,0,0,0,0,0,0,0,0,0
"2024",1,2,2,7,64,20,1,2,2,2,2,5,2,2,2,2,2,0,0,0,0,0,0,0,0,0,0,0,0,0,0,0,0
"2024",3,1,7,7,67,15,2,2,1,2,2,0,0,0,0,0,0,0,0,0,0,0,0,0,0,0,3,2,1,1,2,1,0
"2024",1,2,4,7,49,60,1,2,2,2,1,4,2,2,1,1,1,0,0,0,0,0,0,0,0,0,0,0,0,0,0,0,4
"2024",1,1,4,1,39,20,1,2,1,2,1,4,1,2,2,1,2,0,0,0,0,0,0,0,0,0,3,1,1,1,1,1,4
"2024",1,1,2,1,64,30,1,2,2,2,1,5,2,2,1,2,2,0,0,0,0,0,0,0,0,0,0,0,0,0,0,0,4
"2024",4,2,2,7,57,0,2,2,2,2,2,0,0,0,0,0,0,0,0,0,0,0,0,0,0,0,0,0,0,0,0,0,0
"2024",1,1,4,8,56,20,2,1,1,2,1,0,0,0,0,0,0,4,2,2,2,2,1,2,1,2,3,1,1,1,1,1,4
"2024",3,1,3,1,37,30,2,2,2,2,1,0,0,0,0,0,0,0,0,0,0,0,0,0,0,0,0,0,0,0,0,0,5
"2024",3,1,8,1,45,60,2,2,2,2,1,0,0,0,0,0,0,0,0,0,0,0,0,0,0,0,0,0,0,0,0,0,3
"2024",1,1,6,1,29,30,2,2,2,2,1,0,0,0,0,0,0,0,0,0,0,0,0,0,0,0,0,0,0,0,0,0,1
"2024",3,1,3,1,22,30,2,1,2,2,1,0,0,0,0,0,0,4,1,2,2,2,2,2,2,1,0,0,0,0,0,0,4
"2024",1,1,3,1,52,10,1,2,2,2,2,5,2,2,1,2,2,0,0,0,0,0,0,0,0,0,0,0,0,0,0,0,0
"2024",1,2,2,8,63,30,1,2,2,2,2,5,2,2,1,2,2,0,0,0,0,0,0,0,0,0,0,0,0,0,0,0,0
"2024",1,2,7,1,38,30,2,1,2,2,1,0,0,0,0,0,0,4,2,2,2,1,2,2,2,2,0,0,0,0,0,0,4
"2024",1,1,7,1,31,180,1,2,2,2,1,3,2,1,1,2,2,0,0,0,0,0,0,0,0,0,0,0,0,0,0,0,4
"2024",1,2,7,7,33,30,1,1,2,2,1,2,2,1,2,1,2,4,2,2,1,2,2,2,2,2,0,0,0,0,0,0,4
"2024",3,1,3,1,33,10,2,2,2,2,1,0,0,0,0,0,0,0,0,0,0,0,0,0,0,0,0,0,0,0,0,0,4
"2024",1,2,7,1,34,30,2,2,2,2,1,0,0,0,0,0,0,0,0,0,0,0,0,0,0,0,0,0,0,0,0,0,1
"2024",1,1,3,1,50,30,2,2,2,2,1,0,0,0,0,0,0,0,0,0,0,0,0,0,0,0,0,0,0,0,0,0,3
"2024",4,2,3,7,65,0,2,2,2,2,2,0,0,0,0,0,0,0,0,0,0,0,0,0,0,0,0,0,0,0,0,0,0
"2024",1,1,4,1,42,60,1,2,2,2,2,4,2,2,1,1,2,0,0,0,0,0,0,0,0,0,0,0,0,0,0,0,0
"2024",1,2,4,1,32,60,1,1,2,2,1,1,2,1,2,2,1,4,2,2,2,1,2,1,2,2,0,0,0,0,0,0,4
"2024",3,1,4,1,29,180,2,1,2,2,1,0,0,0,0,0,0,1,2,1,2,2,2,2,2,2,0,0,0,0,0,0,1
"2024",4,2,3,1,74,0,2,2,2,2,2,0,0,0,0,0,0,0,0,0,0,0,0,0,0,0,0,0,0,0,0,0,0
"2024",1,1,7,1,32,30,1,2,2,2,1,2,2,1,2,2,2,0,0,0,0,0,0,0,0,0,0,0,0,0,0,0,2
"2024",1,1,2,8,75,60,1,2,2,2,2,5,2,2,1,2,2,0,0,0,0,0,0,0,0,0,0,0,0,0,0,0,0
"2024",1,2,4,7,25,180,1,2,1,1,2,4,1,2,2,1,1,0,0,0,0,0,0,0,0,0,3,2,2,1,1,2,0
"2024",1,1,3,1,51,10,2,2,1,2,2,0,0,0,0,0,0,0,0,0,0,0,0,0,0,0,3,1,1,2,2,1,0
"2024",1,2,3,7,33,60,1,2,2,2,2,4,2,1,2,2,2,0,0,0,0,0,0,0,0,0,0,0,0,0,0,0,0
"2024",1,1,4,1,32,30,2,1,1,2,1,0,0,0,0,0,0,4,1,1,2,2,2,2,2,2,3,1,1,2,2,1,4
"2024",4,1,3,3,58,0,2,2,2,2,2,0,0,0,0,0,0,0,0,0,0,0,0,0,0,0,0,0,0,0,0,0,0
"2024",4,2,7,8,63,0,2,2,2,2,2,0,0,0,0,0,0,0,0,0,0,0,0,0,0,0,0,0,0,0,0,0,0
"2024",1,2,7,1,33,30,1,1,2,2,1,4,2,2,2,1,2,4,2,2,2,2,2,2,1,1,0,0,0,0,0,0,1
"2024",1,2,2,1,53,15,2,1,2,2,2,0,0,0,0,0,0,5,2,2,2,2,1,2,2,2,0,0,0,0,0,0,0
"2024",1,2,7,1,33,30,1,2,1,2,1,4,2,2,2,1,2,0,0,0,0,0,0,0,0,0,3,1,1,1,1,2,4
"2024",1,2,7,1,30,30,1,2,2,2,2,1,2,1,2,2,2,0,0,0,0,0,0,0,0,0,0,0,0,0,0,0,0
"2024",1,2,8,1,49,120,1,2,2,2,1,1,2,1,2,2,1,0,0,0,0,0,0,0,0,0,0,0,0,0,0,0,1
"2024",1,2,2,7,69,60,1,1,2,2,2,5,2,2,1,2,2,5,2,2,2,2,1,2,2,2,0,0,0,0,0,0,0
"2024",1,1,2,1,79,30,1,2,1,2,2,5,2,2,1,2,2,0,0,0,0,0,0,0,0,0,3,2,1,2,1,1,0
"2024",1,1,7,6,21,20,2,1,2,2,2,0,0,0,0,0,0,4,2,2,2,2,2,2,2,1,0,0,0,0,0,0,0
"2024",1,2,2,7,52,30,1,1,1,1,1,4,2,2,2,1,2,4,2,2,2,2,2,2,2,1,3,1,1,1,1,1,4
"2024",4,2,3,7,48,0,2,2,2,2,2,0,0,0,0,0,0,0,0,0,0,0,0,0,0,0,0,0,0,0,0,0,0
"2024",1,1,3,8,63,120,1,2,1,2,2,4,2,2,2,1,2,0,0,0,0,0,0,0,0,0,3,1,1,1,1,1,0
"2024",1,1,4,1,46,90,2,2,1,2,2,0,0,0,0,0,0,0,0,0,0,0,0,0,0,0,3,1,1,1,1,1,0
"2024",1,2,2,7,23,30,1,2,1,2,1,4,1,2,2,2,2,0,0,0,0,0,0,0,0,0,4,2,1,1,2,1,3
"2024",1,2,6,7,44,15,2,2,2,2,1,0,0,0,0,0,0,0,0,0,0,0,0,0,0,0,0,0,0,0,0,0,3
"2024",3,2,2,1,41,10,2,2,2,2,1,0,0,0,0,0,0,0,0,0,0,0,0,0,0,0,0,0,0,0,0,0,4
"2024",1,2,6,1,20,50,1,1,2,2,2,4,2,2,2,1,2,3,2,2,2,2,2,2,2,1,0,0,0,0,0,0,0
"2024",4,2,3,7,53,0,2,2,2,2,2,0,0,0,0,0,0,0,0,0,0,0,0,0,0,0,0,0,0,0,0,0,0
"2024",1,1,3,8,78,15,1,2,2,2,2,5,2,2,1,2,2,0,0,0,0,0,0,0,0,0,0,0,0,0,0,0,0
"2024",1,1,2,8,89,60,1,1,2,2,2,5,2,2,1,2,2,5,2,2,2,2,1,2,2,2,0,0,0,0,0,0,0
"2024",3,1,4,1,40,60,2,2,2,2,1,0,0,0,0,0,0,0,0,0,0,0,0,0,0,0,0,0,0,0,0,0,3
"2024",1,2,3,7,43,30,2,1,1,1,1,0,0,0,0,0,0,4,2,2,1,2,2,2,2,2,3,1,2,1,2,1,4
"2024",1,1,2,1,49,15,2,2,2,2,1,0,0,0,0,0,0,0,0,0,0,0,0,0,0,0,0,0,0,0,0,0,3
"2024",1,1,4,1,27,30,1,2,2,1,1,4,2,2,1,2,2,0,0,0,0,0,0,0,0,0,0,0,0,0,0,0,3
"2024",4,1,3,1,53,0,2,2,2,2,2,0,0,0,0,0,0,0,0,0,0,0,0,0,0,0,0,0,0,0,0,0,0
"2024",1,2,4,1,46,30,2,2,2,2,1,0,0,0,0,0,0,0,0,0,0,0,0,0,0,0,0,0,0,0,0,0,4
"2024",3,2,3,1,32,90,2,1,2,2,2,0,0,0,0,0,0,4,2,2,1,2,2,2,2,2,0,0,0,0,0,0,0
"2024",1,2,3,1,41,60,2,1,2,2,2,0,0,0,0,0,0,4,2,2,1,2,2,2,2,2,0,0,0,0,0,0,0
"2024",1,1,6,1,45,180,1,2,2,2,1,5,2,1,1,2,2,0,0,0,0,0,0,0,0,0,0,0,0,0,0,0,3
"2024",1,2,4,7,59,20,1,2,2,2,2,5,2,2,1,2,2,0,0,0,0,0,0,0,0,0,0,0,0,0,0,0,0
"2024",1,1,7,1,31,30,2,2,2,2,1,0,0,0,0,0,0,0,0,0,0,0,0,0,0,0,0,0,0,0,0,0,1
"2024",1,2,7,1,44,60,1,2,2,2,1,4,2,2,2,1,2,0,0,0,0,0,0,0,0,0,0,0,0,0,0,0,3
"2024",1,1,7,1,61,60,1,2,1,2,1,1,2,1,2,2,2,0,0,0,0,0,0,0,0,0,3,1,2,2,2,2,1
"2024",1,1,7,1,66,240,1,2,2,2,1,1,2,1,2,2,2,0,0,0,0,0,0,0,0,0,0,0,0,0,0,0,1
"2024",3,2,7,1,41,30,1,1,1,2,2,4,2,2,2,1,2,4,2,2,2,2,2,2,2,1,4,2,2,1,1,1,0
"2024",1,1,7,4,34,25,1,2,1,2,2,1,2,2,2,2,1,0,0,0,0,0,0,0,0,0,3,1,1,1,2,1,0
"2024",2,1,2,9,58,0,2,2,2,2,2,0,0,0,0,0,0,0,0,0,0,0,0,0,0,0,0,0,0,0,0,0,0
"2024",3,2,7,1,23,30,2,1,2,2,2,0,0,0,0,0,0,3,2,1,2,2,2,2,2,2,0,0,0,0,0,0,0
"2024",4,2,4,7,45,0,2,2,2,2,2,0,0,0,0,0,0,0,0,0,0,0,0,0,0,0,0,0,0,0,0,0,0
"2024",1,2,7,1,62,15,1,2,2,2,1,4,2,2,1,2,2,0,0,0,0,0,0,0,0,0,0,0,0,0,0,0,3
"2024",1,2,7,1,39,60,1,2,1,2,1,4,2,1,1,1,2,0,0,0,0,0,0,0,0,0,3,1,2,1,1,1,4
"2024",1,2,2,7,47,35,2,1,1,2,2,0,0,0,0,0,0,4,2,2,2,2,2,2,1,2,4,2,2,1,1,1,0
"2024",1,1,3,7,29,30,1,2,2,2,1,3,2,2,2,1,1,0,0,0,0,0,0,0,0,0,0,0,0,0,0,0,3
"2024",4,1,3,1,44,0,2,2,2,2,2,0,0,0,0,0,0,0,0,0,0,0,0,0,0,0,0,0,0,0,0,0,0
"2024",1,1,2,1,62,40,1,2,2,2,1,5,2,2,1,2,2,0,0,0,0,0,0,0,0,0,0,0,0,0,0,0,4
"2024",1,2,6,7,29,40,1,1,2,2,2,4,2,2,1,2,2,4,2,2,2,2,1,2,2,2,0,0,0,0,0,0,0
"2024",1,1,3,1,44,35,2,2,1,2,2,0,0,0,0,0,0,0,0,0,0,0,0,0,0,0,3,1,1,1,1,1,0
"2024",3,2,3,1,20,15,1,2,2,2,2,6,2,2,2,1,2,0,0,0,0,0,0,0,0,0,0,0,0,0,0,0,0
"2024",1,1,3,1,33,30,1,2,2,2,1,5,2,2,1,2,2,0,0,0,0,0,0,0,0,0,0,0,0,0,0,0,5
"2024",4,2,2,8,72,0,2,2,2,2,2,0,0,0,0,0,0,0,0,0,0,0,0,0,0,0,0,0,0,0,0,0,0
"2024",0,2,0,1,76,0,0,0,0,0,0,0,0,0,0,0,0,0,0,0,0,0,0,0,0,0,0,0,0,0,0,0,0
"2024",1,2,7,1,20,20,1,2,1,2,1,4,2,2,2,1,2,0,0,0,0,0,0,0,0,0,2,2,2,1,1,2,4
"2024",0,1,0,9,77,0,0,0,0,0,0,0,0,0,0,0,0,0,0,0,0,0,0,0,0,0,0,0,0,0,0,0,0
"2024",3,1,7,1,38,20,2,2,2,2,1,0,0,0,0,0,0,0,0,0,0,0,0,0,0,0,0,0,0,0,0,0,1
"2024",3,2,4,7,24,15,2,2,2,2,1,0,0,0,0,0,0,0,0,0,0,0,0,0,0,0,0,0,0,0,0,0,3
"2024",1,1,7,1,27,10,1,2,2,2,1,3,1,2,2,2,2,0,0,0,0,0,0,0,0,0,0,0,0,0,0,0,1
"2024",4,1,3,1,39,0,2,2,2,2,2,0,0,0,0,0,0,0,0,0,0,0,0,0,0,0,0,0,0,0,0,0,0
"2024",4,2,2,1,54,0,2,2,2,2,2,0,0,0,0,0,0,0,0,0,0,0,0,0,0,0,0,0,0,0,0,0,0
"2024",4,2,2,8,79,0,2,2,2,2,2,0,0,0,0,0,0,0,0,0,0,0,0,0,0,0,0,0,0,0,0,0,0
"2024",1,1,4,1,19,25,2,2,2,2,1,0,0,0,0,0,0,0,0,0,0,0,0,0,0,0,0,0,0,0,0,0,4
"2024",1,1,2,1,58,45,2,2,1,2,2,0,0,0,0,0,0,0,0,0,0,0,0,0,0,0,3,1,1,1,1,1,0
"2024",0,2,3,1,50,0,0,0,0,0,0,0,0,0,0,0,0,0,0,0,0,0,0,0,0,0,0,0,0,0,0,0,0
"2024",4,2,6,7,48,0,2,2,2,2,2,0,0,0,0,0,0,0,0,0,0,0,0,0,0,0,0,0,0,0,0,0,0
"2024",4,2,4,7,33,0,2,2,2,2,2,0,0,0,0,0,0,0,0,0,0,0,0,0,0,0,0,0,0,0,0,0,0
"2024",1,2,7,1,36,30,1,2,1,2,2,1,1,1,2,2,2,0,0,0,0,0,0,0,0,0,3,1,1,1,1,1,0
"2024",4,2,4,1,30,0,2,2,2,2,2,0,0,0,0,0,0,0,0,0,0,0,0,0,0,0,0,0,0,0,0,0,0
"2024",1,2,7,1,38,60,2,2,2,2,1,0,0,0,0,0,0,0,0,0,0,0,0,0,0,0,0,0,0,0,0,0,4
"2024",4,1,4,5,55,0,2,2,2,2,2,0,0,0,0,0,0,0,0,0,0,0,0,0,0,0,0,0,0,0,0,0,0
"2024",4,2,6,7,50,0,2,2,2,2,2,0,0,0,0,0,0,0,0,0,0,0,0,0,0,0,0,0,0,0,0,0,0
"2024",4,2,6,7,74,0,2,2,2,2,2,0,0,0,0,0,0,0,0,0,0,0,0,0,0,0,0,0,0,0,0,0,0
"2024",1,1,7,8,65,45,1,2,1,2,2,4,2,2,2,1,2,0,0,0,0,0,0,0,0,0,3,1,1,1,1,1,0
"2024",1,1,7,1,63,30,2,2,2,2,1,0,0,0,0,0,0,0,0,0,0,0,0,0,0,0,0,0,0,0,0,0,1
"2024",1,1,7,8,59,60,2,2,2,2,1,0,0,0,0,0,0,0,0,0,0,0,0,0,0,0,0,0,0,0,0,0,4
"2024",4,1,7,8,65,0,2,2,2,2,2,0,0,0,0,0,0,0,0,0,0,0,0,0,0,0,0,0,0,0,0,0,0
"2024",1,1,8,6,28,120,1,1,2,2,2,2,1,1,2,1,1,3,2,1,1,2,2,1,1,2,0,0,0,0,0,0,0
"2024",1,1,8,1,49,30,1,1,2,2,2,3,1,2,2,2,2,4,1,2,2,2,2,1,2,2,0,0,0,0,0,0,0
"2024",1,1,4,1,39,30,2,2,1,2,2,0,0,0,0,0,0,0,0,0,0,0,0,0,0,0,4,1,1,2,2,1,0
"2024",4,1,7,8,63,0,2,2,2,2,2,0,0,0,0,0,0,0,0,0,0,0,0,0,0,0,0,0,0,0,0,0,0
"2024",1,1,7,1,32,60,1,2,2,2,2,4,2,1,2,2,2,0,0,0,0,0,0,0,0,0,0,0,0,0,0,0,0
"2024",0,1,2,1,44,0,0,0,0,0,0,0,0,0,0,0,0,0,0,0,0,0,0,0,0,0,0,0,0,0,0,0,0
"2024",4,2,3,4,44,0,2,2,2,2,2,0,0,0,0,0,0,0,0,0,0,0,0,0,0,0,0,0,0,0,0,0,0
"2024",1,2,3,1,36,45,1,2,2,2,2,3,1,1,2,2,2,0,0,0,0,0,0,0,0,0,0,0,0,0,0,0,0
"2024",3,2,7,1,46,30,2,2,1,2,2,0,0,0,0,0,0,0,0,0,0,0,0,0,0,0,4,1,1,1,1,1,0
"2024",1,2,7,8,63,25,1,2,1,2,2,4,2,2,1,1,2,0,0,0,0,0,0,0,0,0,4,1,1,1,1,1,0
"2024",4,2,7,4,38,0,2,2,2,2,2,0,0,0,0,0,0,0,0,0,0,0,0,0,0,0,0,0,0,0,0,0,0
"2024",1,1,7,1,28,45,1,2,2,2,2,1,1,1,2,2,2,0,0,0,0,0,0,0,0,0,0,0,0,0,0,0,0
"2024",4,2,3,1,55,0,2,2,2,2,2,0,0,0,0,0,0,0,0,0,0,0,0,0,0,0,0,0,0,0,0,0,0
"2024",4,1,2,8,59,0,2,2,2,2,2,0,0,0,0,0,0,0,0,0,0,0,0,0,0,0,0,0,0,0,0,0,0
"2024",4,1,3,1,50,0,2,2,2,2,2,0,0,0,0,0,0,0,0,0,0,0,0,0,0,0,0,0,0,0,0,0,0
"2024",1,2,3,1,51,60,2,1,1,2,2,0,0,0,0,0,0,4,2,2,1,2,2,2,2,1,3,1,1,1,1,1,0
"2024",1,2,7,6,21,120,1,2,2,2,1,2,2,1,2,1,2,0,0,0,0,0,0,0,0,0,0,0,0,0,0,0,3
"2024",4,1,3,1,52,0,2,2,2,2,2,0,0,0,0,0,0,0,0,0,0,0,0,0,0,0,0,0,0,0,0,0,0
"2024",4,1,4,1,41,0,2,2,2,2,2,0,0,0,0,0,0,0,0,0,0,0,0,0,0,0,0,0,0,0,0,0,0
"2024",1,2,3,1,60,60,1,2,2,2,2,4,2,2,2,1,2,0,0,0,0,0,0,0,0,0,0,0,0,0,0,0,0
"2024",1,1,4,1,24,60,1,2,2,2,2,4,2,1,2,2,2,0,0,0,0,0,0,0,0,0,0,0,0,0,0,0,0
"2024",4,1,3,1,32,0,2,2,2,2,2,0,0,0,0,0,0,0,0,0,0,0,0,0,0,0,0,0,0,0,0,0,0
"2024",4,2,3,8,75,0,2,2,2,2,2,0,0,0,0,0,0,0,0,0,0,0,0,0,0,0,0,0,0,0,0,0,0
"2024",4,1,4,1,47,0,2,2,2,2,2,0,0,0,0,0,0,0,0,0,0,0,0,0,0,0,0,0,0,0,0,0,0
"2024",4,2,3,1,44,0,2,2,2,2,2,0,0,0,0,0,0,0,0,0,0,0,0,0,0,0,0,0,0,0,0,0,0
"2024",4,2,3,1,58,0,2,2,2,2,2,0,0,0,0,0,0,0,0,0,0,0,0,0,0,0,0,0,0,0,0,0,0
"2024",4,2,4,1,28,0,2,2,2,2,2,0,0,0,0,0,0,0,0,0,0,0,0,0,0,0,0,0,0,0,0,0,0
"2024",4,1,2,8,66,0,2,2,2,2,2,0,0,0,0,0,0,0,0,0,0,0,0,0,0,0,0,0,0,0,0,0,0
"2024",4,1,6,1,54,0,2,2,2,2,2,0,0,0,0,0,0,0,0,0,0,0,0,0,0,0,0,0,0,0,0,0,0
"2024",1,2,7,1,39,20,1,1,1,2,1,4,2,2,1,2,2,3,2,2,2,1,2,1,2,2,3,1,2,2,1,2,3
"2024",1,1,4,2,21,60,1,2,2,1,1,2,2,1,1,1,2,0,0,0,0,0,0,0,0,0,0,0,0,0,0,0,3
"2024",1,2,4,5,18,120,1,2,2,2,2,3,2,2,1,2,1,0,0,0,0,0,0,0,0,0,0,0,0,0,0,0,0
"2024",3,2,3,1,37,20,1,2,2,2,2,4,1,2,1,2,2,0,0,0,0,0,0,0,0,0,0,0,0,0,0,0,0
"2024",1,1,4,1,35,10,1,2,2,2,1,4,2,2,1,2,1,0,0,0,0,0,0,0,0,0,0,0,0,0,0,0,4
"2024",3,2,3,3,35,30,2,1,2,1,2,0,0,0,0,0,0,3,2,2,1,2,2,2,2,2,0,0,0,0,0,0,0
"2024",1,2,8,1,47,30,1,2,2,2,1,1,2,1,1,2,2,0,0,0,0,0,0,0,0,0,0,0,0,0,0,0,1
"2024",3,2,4,1,30,5,2,2,1,2,2,0,0,0,0,0,0,0,0,0,0,0,0,0,0,0,3,2,2,1,1,1,0
"2024",3,2,4,1,21,15,2,1,2,1,1,0,0,0,0,0,0,4,2,2,2,2,2,2,2,1,0,0,0,0,0,0,4
"2024",4,2,4,1,30,0,2,2,2,2,2,0,0,0,0,0,0,0,0,0,0,0,0,0,0,0,0,0,0,0,0,0,0
"2024",1,2,2,1,69,30,1,1,2,2,2,5,2,2,1,2,2,5,2,2,2,2,1,2,2,2,0,0,0,0,0,0,0
"2024",4,1,3,1,53,0,2,2,2,2,2,0,0,0,0,0,0,0,0,0,0,0,0,0,0,0,0,0,0,0,0,0,0
"2024",4,1,2,9,74,0,2,2,2,2,2,0,0,0,0,0,0,0,0,0,0,0,0,0,0,0,0,0,0,0,0,0,0
"2024",1,1,4,1,53,30,1,2,2,2,2,5,2,2,1,2,2,0,0,0,0,0,0,0,0,0,0,0,0,0,0,0,0
"2024",3,2,2,1,79,15,1,2,2,2,2,5,2,2,1,2,2,0,0,0,0,0,0,0,0,0,0,0,0,0,0,0,0
"2024",1,2,4,6,19,60,1,2,2,2,1,2,2,1,1,2,2,0,0,0,0,0,0,0,0,0,0,0,0,0,0,0,2
"2024",4,1,2,1,63,0,2,2,2,2,2,0,0,0,0,0,0,0,0,0,0,0,0,0,0,0,0,0,0,0,0,0,0
"2024",1,1,4,6,18,60,1,2,2,2,1,2,2,1,2,2,1,0,0,0,0,0,0,0,0,0,0,0,0,0,0,0,2
"2024",1,2,7,7,42,20,1,2,2,2,2,3,2,2,1,2,2,0,0,0,0,0,0,0,0,0,0,0,0,0,0,0,0
"2024",1,2,3,4,33,30,1,2,2,2,1,4,2,2,1,2,2,0,0,0,0,0,0,0,0,0,0,0,0,0,0,0,3
"2024",3,2,3,1,47,10,2,2,2,2,1,0,0,0,0,0,0,0,0,0,0,0,0,0,0,0,0,0,0,0,0,0,3
"2024",3,2,4,7,55,10,1,2,2,2,2,5,2,2,1,2,2,0,0,0,0,0,0,0,0,0,0,0,0,0,0,0,0
"2024",0,2,2,2,64,0,0,0,0,0,0,0,0,0,0,0,0,0,0,0,0,0,0,0,0,0,0,0,0,0,0,0,0
"2024",1,2,8,6,25,15,1,1,2,2,1,2,2,1,2,2,2,2,2,2,2,1,2,2,2,2,0,0,0,0,0,0,4
"2024",1,2,7,1,36,120,1,2,2,2,1,1,1,2,2,2,2,0,0,0,0,0,0,0,0,0,0,0,0,0,0,0,1
"2024",1,2,4,7,24,15,1,1,2,1,1,3,1,1,2,2,2,3,1,2,1,1,2,1,2,2,0,0,0,0,0,0,4
"2024",1,2,7,7,38,15,2,2,2,2,1,0,0,0,0,0,0,0,0,0,0,0,0,0,0,0,0,0,0,0,0,0,3
"2024",3,2,6,7,62,10,1,2,2,2,2,5,2,2,1,2,2,0,0,0,0,0,0,0,0,0,0,0,0,0,0,0,0
"2024",1,2,5,9,65,30,1,2,2,2,2,5,2,2,1,2,2,0,0,0,0,0,0,0,0,0,0,0,0,0,0,0,0
"2024",1,1,7,4,34,90,1,1,2,2,1,3,2,2,1,1,1,3,2,1,2,2,1,1,1,2,0,0,0,0,0,0,3
"2024",3,2,7,1,34,20,2,1,2,2,1,0,0,0,0,0,0,5,2,2,2,2,1,2,2,2,0,0,0,0,0,0,3
"2024",1,1,4,1,26,30,1,2,2,2,1,3,2,2,1,1,2,0,0,0,0,0,0,0,0,0,0,0,0,0,0,0,3
"2024",3,1,6,1,40,5,2,2,2,2,1,0,0,0,0,0,0,0,0,0,0,0,0,0,0,0,0,0,0,0,0,0,3
"2024",3,2,7,7,56,10,2,2,2,2,1,0,0,0,0,0,0,0,0,0,0,0,0,0,0,0,0,0,0,0,0,0,4
"2024",3,2,2,7,64,5,1,1,2,2,2,5,2,2,1,2,2,5,2,2,2,2,1,2,2,2,0,0,0,0,0,0,0
"2024",1,1,7,1,43,60,1,1,2,1,1,4,1,1,2,2,2,4,1,2,1,1,2,2,2,2,0,0,0,0,0,0,3
"2024",0,1,0,1,65,0,0,0,0,0,0,0,0,0,0,0,0,0,0,0,0,0,0,0,0,0,0,0,0,0,0,0,0
"2024",4,1,6,1,58,0,2,2,2,2,2,0,0,0,0,0,0,0,0,0,0,0,0,0,0,0,0,0,0,0,0,0,0
"2024",1,1,4,1,34,20,2,1,2,2,1,0,0,0,0,0,0,4,2,1,2,2,2,2,2,1,0,0,0,0,0,0,4
"2024",3,2,6,8,76,10,2,2,2,2,1,0,0,0,0,0,0,0,0,0,0,0,0,0,0,0,0,0,0,0,0,0,3
"2024",3,1,7,1,39,20,1,2,2,2,1,4,2,2,2,1,2,0,0,0,0,0,0,0,0,0,0,0,0,0,0,0,3
"2024",3,1,2,1,53,60,1,2,1,2,2,1,1,2,2,2,2,0,0,0,0,0,0,0,0,0,3,1,1,1,2,1,0
"2024",0,2,2,1,75,0,0,0,0,0,0,0,0,0,0,0,0,0,0,0,0,0,0,0,0,0,0,0,0,0,0,0,0
"2024",1,2,7,6,21,60,1,2,2,2,2,2,2,2,2,1,2,0,0,0,0,0,0,0,0,0,0,0,0,0,0,0,0
"2024",4,1,8,1,24,0,2,2,2,2,2,0,0,0,0,0,0,0,0,0,0,0,0,0,0,0,0,0,0,0,0,0,0
"2024",1,2,8,1,55,30,1,2,2,2,2,3,2,1,2,2,2,0,0,0,0,0,0,0,0,0,0,0,0,0,0,0,0
"2024",1,2,7,1,23,120,1,2,2,2,2,4,2,2,2,1,2,0,0,0,0,0,0,0,0,0,0,0,0,0,0,0,0
"2024",4,2,2,1,53,0,2,2,2,2,2,0,0,0,0,0,0,0,0,0,0,0,0,0,0,0,0,0,0,0,0,0,0
"2024",4,1,3,3,22,0,2,2,2,2,2,0,0,0,0,0,0,0,0,0,0,0,0,0,0,0,0,0,0,0,0,0,0
"2024",1,2,3,1,35,20,1,2,2,2,2,5,2,2,1,2,2,0,0,0,0,0,0,0,0,0,0,0,0,0,0,0,0
"2024",4,1,3,8,64,0,2,2,2,2,2,0,0,0,0,0,0,0,0,0,0,0,0,0,0,0,0,0,0,0,0,0,0
"2024",1,2,4,1,52,120,1,2,2,2,2,4,2,2,1,2,2,0,0,0,0,0,0,0,0,0,0,0,0,0,0,0,0
"2024",4,2,3,1,51,0,2,2,2,2,2,0,0,0,0,0,0,0,0,0,0,0,0,0,0,0,0,0,0,0,0,0,0
"2024",1,1,6,1,41,30,2,2,1,2,2,0,0,0,0,0,0,0,0,0,0,0,0,0,0,0,4,1,1,2,2,1,0
"2024",4,2,3,1,55,0,2,2,2,2,2,0,0,0,0,0,0,0,0,0,0,0,0,0,0,0,0,0,0,0,0,0,0
"2024",1,1,7,1,34,30,1,2,2,2,2,4,2,2,1,2,2,0,0,0,0,0,0,0,0,0,0,0,0,0,0,0,0
"2024",4,2,3,1,43,0,2,2,2,2,2,0,0,0,0,0,0,0,0,0,0,0,0,0,0,0,0,0,0,0,0,0,0
"2024",4,1,7,6,21,0,2,2,2,2,2,0,0,0,0,0,0,0,0,0,0,0,0,0,0,0,0,0,0,0,0,0,0
"2024",4,1,6,1,44,0,2,2,2,2,2,0,0,0,0,0,0,0,0,0,0,0,0,0,0,0,0,0,0,0,0,0,0
"2024",1,2,8,1,38,30,1,2,2,2,2,2,2,1,2,2,2,0,0,0,0,0,0,0,0,0,0,0,0,0,0,0,0
"2024",1,1,7,6,19,30,1,2,2,2,2,3,2,1,2,2,2,0,0,0,0,0,0,0,0,0,0,0,0,0,0,0,0
"2024",1,2,7,1,22,120,1,2,2,2,2,4,2,2,1,2,2,0,0,0,0,0,0,0,0,0,0,0,0,0,0,0,0
"2024",3,2,4,1,31,30,1,2,2,2,2,5,2,2,1,2,2,0,0,0,0,0,0,0,0,0,0,0,0,0,0,0,0
"2024",4,2,2,1,60,0,2,2,2,2,2,0,0,0,0,0,0,0,0,0,0,0,0,0,0,0,0,0,0,0,0,0,0
"2024",1,2,7,1,37,60,1,2,2,2,2,3,2,2,1,2,2,0,0,0,0,0,0,0,0,0,0,0,0,0,0,0,0
"2024",4,2,7,1,24,0,2,2,2,2,2,0,0,0,0,0,0,0,0,0,0,0,0,0,0,0,0,0,0,0,0,0,0
"2024",1,1,7,1,24,60,1,2,2,2,2,2,2,1,2,2,2,0,0,0,0,0,0,0,0,0,0,0,0,0,0,0,0
"2024",4,1,7,4,26,0,2,2,2,2,2,0,0,0,0,0,0,0,0,0,0,0,0,0,0,0,0,0,0,0,0,0,0
"2024",3,1,7,8,58,40,1,2,2,2,1,3,2,2,1,2,2,0,0,0,0,0,0,0,0,0,0,0,0,0,0,0,3
"2024",1,1,7,1,21,15,1,2,2,2,2,2,2,1,1,1,1,0,0,0,0,0,0,0,0,0,0,0,0,0,0,0,0
"2024",1,2,2,7,62,30,1,2,2,2,2,5,2,2,1,2,2,0,0,0,0,0,0,0,0,0,0,0,0,0,0,0,0
"2024",4,1,3,1,56,0,2,2,2,2,2,0,0,0,0,0,0,0,0,0,0,0,0,0,0,0,0,0,0,0,0,0,0
"2024",0,2,2,7,76,0,0,0,0,0,0,0,0,0,0,0,0,0,0,0,0,0,0,0,0,0,0,0,0,0,0,0,0
"2024",4,1,7,1,25,0,2,2,2,2,2,0,0,0,0,0,0,0,0,0,0,0,0,0,0,0,0,0,0,0,0,0,0
"2024",1,1,7,1,53,60,1,2,1,2,2,3,2,1,2,2,2,0,0,0,0,0,0,0,0,0,3,1,1,2,1,1,0
"2024",4,2,7,1,48,0,2,2,2,2,2,0,0,0,0,0,0,0,0,0,0,0,0,0,0,0,0,0,0,0,0,0,0
"2024",4,1,7,1,51,0,2,2,2,2,2,0,0,0,0,0,0,0,0,0,0,0,0,0,0,0,0,0,0,0,0,0,0
"2024",4,2,7,6,20,0,2,2,2,2,2,0,0,0,0,0,0,0,0,0,0,0,0,0,0,0,0,0,0,0,0,0,0
"2024",1,2,3,8,65,30,1,2,2,2,2,4,2,2,1,2,2,0,0,0,0,0,0,0,0,0,0,0,0,0,0,0,0
"2024",4,1,3,1,51,0,2,2,2,2,2,0,0,0,0,0,0,0,0,0,0,0,0,0,0,0,0,0,0,0,0,0,0
"2024",1,1,7,1,24,30,2,2,2,2,1,0,0,0,0,0,0,0,0,0,0,0,0,0,0,0,0,0,0,0,0,0,1
"2024",4,2,7,1,40,0,2,2,2,2,2,0,0,0,0,0,0,0,0,0,0,0,0,0,0,0,0,0,0,0,0,0,0
"2024",1,2,3,7,51,20,1,2,2,2,2,4,2,2,2,1,2,0,0,0,0,0,0,0,0,0,0,0,0,0,0,0,0
"2024",1,2,3,3,62,20,1,2,2,2,2,4,2,2,1,2,2,0,0,0,0,0,0,0,0,0,0,0,0,0,0,0,0
"2024",1,2,6,1,52,40,1,2,2,2,1,4,2,2,2,1,2,0,0,0,0,0,0,0,0,0,0,0,0,0,0,0,4
"2024",1,2,7,6,18,120,1,2,2,2,1,3,2,2,2,1,2,0,0,0,0,0,0,0,0,0,0,0,0,0,0,0,4
"2024",1,2,3,8,70,20,1,2,2,2,2,5,2,2,1,2,2,0,0,0,0,0,0,0,0,0,0,0,0,0,0,0,0
"2024",1,2,7,7,64,120,1,2,2,2,2,4,2,1,2,1,2,0,0,0,0,0,0,0,0,0,0,0,0,0,0,0,0
"2024",1,1,4,1,38,60,1,2,2,2,1,3,2,2,1,2,2,0,0,0,0,0,0,0,0,0,0,0,0,0,0,0,4
"2024",4,2,2,7,83,0,2,2,2,2,2,0,0,0,0,0,0,0,0,0,0,0,0,0,0,0,0,0,0,0,0,0,0
"2024",1,1,4,1,65,35,2,2,1,2,2,0,0,0,0,0,0,0,0,0,0,0,0,0,0,0,3,1,1,1,1,1,0
"2024",1,1,3,1,41,30,2,1,2,2,1,0,0,0,0,0,0,4,1,2,2,2,2,2,1,1,0,0,0,0,0,0,4
"2024",4,2,2,1,51,0,2,2,2,2,2,0,0,0,0,0,0,0,0,0,0,0,0,0,0,0,0,0,0,0,0,0,0
"2024",1,1,4,1,52,30,2,2,1,2,2,0,0,0,0,0,0,0,0,0,0,0,0,0,0,0,4,1,1,1,1,1,0
"2024",1,2,4,8,60,20,2,1,2,2,2,0,0,0,0,0,0,4,2,2,1,2,2,2,2,1,0,0,0,0,0,0,0
"2024",1,1,4,1,30,40,2,1,2,2,1,0,0,0,0,0,0,4,1,2,2,2,2,2,2,1,0,0,0,0,0,0,4
"2024",1,1,4,1,25,45,2,1,2,2,1,0,0,0,0,0,0,4,2,1,2,2,2,1,1,2,0,0,0,0,0,0,4
"2024",3,2,4,1,31,30,1,2,1,2,2,2,2,2,2,1,2,0,0,0,0,0,0,0,0,0,4,1,2,2,2,1,0
"2024",3,1,2,1,37,15,2,2,1,2,2,0,0,0,0,0,0,0,0,0,0,0,0,0,0,0,3,1,1,1,1,1,0
"2024",3,1,4,1,25,30,2,2,1,2,2,0,0,0,0,0,0,0,0,0,0,0,0,0,0,0,4,1,1,2,2,1,0
"2024",4,1,3,9,37,0,2,2,2,2,2,0,0,0,0,0,0,0,0,0,0,0,0,0,0,0,0,0,0,0,0,0,0
"2024",1,2,7,8,65,25,1,2,2,2,1,4,1,2,2,2,2,0,0,0,0,0,0,0,0,0,0,0,0,0,0,0,4
"2024",1,2,6,7,56,90,2,2,2,2,1,0,0,0,0,0,0,0,0,0,0,0,0,0,0,0,0,0,0,0,0,0,3
"2024",1,2,6,8,70,15,2,1,2,2,2,0,0,0,0,0,0,4,2,2,1,2,2,2,2,1,0,0,0,0,0,0,0
"2024",1,2,6,7,57,30,1,2,2,2,1,4,2,1,2,1,1,0,0,0,0,0,0,0,0,0,0,0,0,0,0,0,3
"2024",1,1,7,1,20,25,2,1,2,2,2,0,0,0,0,0,0,4,2,2,2,2,2,1,1,2,0,0,0,0,0,0,0
"2024",1,1,3,1,41,30,2,2,1,2,2,0,0,0,0,0,0,0,0,0,0,0,0,0,0,0,3,1,1,1,1,1,0
"2024",1,1,7,1,35,35,2,1,2,2,1,0,0,0,0,0,0,4,2,2,2,2,2,1,1,2,0,0,0,0,0,0,4
"2024",4,2,3,7,38,0,2,2,2,2,2,0,0,0,0,0,0,0,0,0,0,0,0,0,0,0,0,0,0,0,0,0,0
"2024",1,1,4,1,48,20,2,2,2,2,1,0,0,0,0,0,0,0,0,0,0,0,0,0,0,0,0,0,0,0,0,0,3
"2024",1,2,4,1,53,60,1,2,2,2,1,3,2,1,2,2,2,0,0,0,0,0,0,0,0,0,0,0,0,0,0,0,3
"2024",4,1,7,1,40,0,2,2,2,2,2,0,0,0,0,0,0,0,0,0,0,0,0,0,0,0,0,0,0,0,0,0,0
"2024",2,2,4,7,64,0,2,2,2,2,2,0,0,0,0,0,0,0,0,0,0,0,0,0,0,0,0,0,0,0,0,0,0
"2024",1,2,3,7,60,15,1,2,1,2,2,4,2,2,2,1,2,0,0,0,0,0,0,0,0,0,4,1,2,1,1,1,0
"2024",1,2,7,1,40,30,2,1,2,2,2,0,0,0,0,0,0,4,2,2,1,2,2,2,2,1,0,0,0,0,0,0,0
"2024",4,1,7,1,64,0,2,2,2,2,2,0,0,0,0,0,0,0,0,0,0,0,0,0,0,0,0,0,0,0,0,0,0
"2024",1,2,7,1,53,30,2,1,2,2,1,0,0,0,0,0,0,1,2,2,2,2,2,1,2,2,0,0,0,0,0,0,1
"2024",3,2,3,1,46,30,2,2,2,2,1,0,0,0,0,0,0,0,0,0,0,0,0,0,0,0,0,0,0,0,0,0,4
"2024",1,2,4,7,58,60,1,2,2,2,1,3,2,2,2,1,2,0,0,0,0,0,0,0,0,0,0,0,0,0,0,0,1
"2024",3,2,7,1,50,15,2,1,2,2,2,0,0,0,0,0,0,4,2,2,2,2,2,2,2,1,0,0,0,0,0,0,0
"2024",4,1,4,1,44,0,2,2,2,2,2,0,0,0,0,0,0,0,0,0,0,0,0,0,0,0,0,0,0,0,0,0,0
"2024",0,1,3,1,34,0,0,0,0,0,0,0,0,0,0,0,0,0,0,0,0,0,0,0,0,0,0,0,0,0,0,0,0
"2024",1,2,4,6,25,120,1,1,2,2,2,2,2,1,2,1,1,2,2,1,2,2,2,1,1,2,0,0,0,0,0,0,0
"2024",1,1,7,7,62,30,2,2,1,2,2,0,0,0,0,0,0,0,0,0,0,0,0,0,0,0,4,2,1,1,2,1,0
"2024",1,2,7,1,36,60,1,1,2,2,2,1,1,1,2,1,1,3,2,2,2,2,2,1,1,2,0,0,0,0,0,0,0
"2024",1,1,4,1,39,60,1,1,2,2,1,3,2,2,2,1,2,4,1,2,2,2,2,1,1,2,0,0,0,0,0,0,4
"2024",1,2,3,1,58,10,2,2,1,2,2,0,0,0,0,0,0,0,0,0,0,0,0,0,0,0,3,1,1,2,2,2,0
"2024",4,2,4,7,56,0,2,2,2,2,2,0,0,0,0,0,0,0,0,0,0,0,0,0,0,0,0,0,0,0,0,0,0
"2024",1,1,4,1,40,15,2,2,1,2,2,0,0,0,0,0,0,0,0,0,0,0,0,0,0,0,3,1,1,2,2,2,0
"2024",4,2,4,1,48,0,2,2,2,2,2,0,0,0,0,0,0,0,0,0,0,0,0,0,0,0,0,0,0,0,0,0,0
"2024",3,2,7,7,55,15,2,1,1,2,2,0,0,0,0,0,0,4,2,2,2,2,2,2,2,1,4,2,2,1,1,2,0
"2024",4,2,8,1,48,0,2,2,2,2,2,0,0,0,0,0,0,0,0,0,0,0,0,0,0,0,0,0,0,0,0,0,0
"2024",3,2,7,1,28,25,2,1,1,2,2,0,0,0,0,0,0,4,2,2,1,1,2,2,2,2,4,1,2,1,1,2,0
"2024",1,2,7,7,44,35,1,1,2,2,2,3,2,2,2,1,1,4,2,2,1,1,2,2,2,2,0,0,0,0,0,0,0
"2024",1,1,7,1,41,40,1,1,1,2,1,3,2,2,2,1,2,4,1,2,1,1,2,2,2,2,4,1,1,1,1,1,4
"2024",3,1,7,1,45,25,2,2,1,2,2,0,0,0,0,0,0,0,0,0,0,0,0,0,0,0,4,1,1,1,1,1,0
"2024",3,1,8,1,47,35,2,2,1,2,2,0,0,0,0,0,0,0,0,0,0,0,0,0,0,0,4,1,1,1,1,2,0
"2024",3,1,7,1,54,20,2,2,1,2,2,0,0,0,0,0,0,0,0,0,0,0,0,0,0,0,4,1,1,2,2,1,0
"2024",3,1,4,1,32,30,2,2,1,2,2,0,0,0,0,0,0,0,0,0,0,0,0,0,0,0,4,1,1,2,2,2,0
"2024",4,2,6,8,65,0,2,2,2,2,2,0,0,0,0,0,0,0,0,0,0,0,0,0,0,0,0,0,0,0,0,0,0
"2024",1,1,4,1,46,30,1,2,1,2,2,3,2,2,2,1,2,0,0,0,0,0,0,0,0,0,4,1,1,1,1,1,0
"2024",1,2,7,1,26,30,2,1,2,2,1,0,0,0,0,0,0,4,2,2,2,1,2,2,2,1,0,0,0,0,0,0,4
"2024",1,1,7,1,24,30,2,2,2,2,1,0,0,0,0,0,0,0,0,0,0,0,0,0,0,0,0,0,0,0,0,0,3
"2024",1,1,2,8,75,60,1,2,1,2,2,3,2,2,2,1,2,0,0,0,0,0,0,0,0,0,3,1,1,1,2,2,0
"2024",1,2,7,6,26,60,1,2,2,2,1,2,2,1,2,1,2,0,0,0,0,0,0,0,0,0,0,0,0,0,0,0,2
"2024",3,1,4,1,35,30,2,2,1,2,1,0,0,0,0,0,0,0,0,0,0,0,0,0,0,0,4,1,1,1,2,2,4
"2024",3,2,2,1,33,20,2,2,2,2,1,0,0,0,0,0,0,0,0,0,0,0,0,0,0,0,0,0,0,0,0,0,4
"2024",3,1,3,1,54,20,2,2,2,2,1,0,0,0,0,0,0,0,0,0,0,0,0,0,0,0,0,0,0,0,0,0,4
"2024",3,1,2,1,65,20,2,2,1,2,2,0,0,0,0,0,0,0,0,0,0,0,0,0,0,0,4,1,1,1,2,2,0
"2024",1,1,2,1,46,25,2,2,1,2,2,0,0,0,0,0,0,0,0,0,0,0,0,0,0,0,4,1,1,1,1,1,0
"2024",1,2,7,1,39,60,1,1,2,2,1,3,1,1,2,1,1,3,2,1,2,1,2,1,1,2,0,0,0,0,0,0,3
"2024",4,1,4,8,70,0,2,2,2,2,2,0,0,0,0,0,0,0,0,0,0,0,0,0,0,0,0,0,0,0,0,0,0
"2024",0,2,0,8,83,0,0,0,0,0,0,0,0,0,0,0,0,0,0,0,0,0,0,0,0,0,0,0,0,0,0,0,0
"2024",0,2,2,7,62,0,0,0,0,0,0,0,0,0,0,0,0,0,0,0,0,0,0,0,0,0,0,0,0,0,0,0,0
"2024",4,2,4,1,61,0,2,2,2,2,2,0,0,0,0,0,0,0,0,0,0,0,0,0,0,0,0,0,0,0,0,0,0
"2024",3,1,4,1,38,20,2,2,1,2,2,0,0,0,0,0,0,0,0,0,0,0,0,0,0,0,4,1,1,1,1,1,0
"2024",3,2,6,1,53,25,2,1,2,2,2,0,0,0,0,0,0,4,2,2,2,2,2,2,2,1,0,0,0,0,0,0,0
"2024",1,1,4,1,26,90,1,1,2,2,1,3,2,1,2,1,1,3,2,2,2,2,2,1,1,2,0,0,0,0,0,0,4
"2024",4,2,4,1,58,0,2,2,2,2,2,0,0,0,0,0,0,0,0,0,0,0,0,0,0,0,0,0,0,0,0,0,0
"2024",4,1,3,1,55,0,2,2,2,2,2,0,0,0,0,0,0,0,0,0,0,0,0,0,0,0,0,0,0,0,0,0,0
"2024",4,1,2,8,92,0,2,2,2,2,2,0,0,0,0,0,0,0,0,0,0,0,0,0,0,0,0,0,0,0,0,0,0
"2024",1,2,7,1,36,30,1,1,2,2,2,4,2,2,2,1,2,4,2,2,1,1,2,2,2,2,0,0,0,0,0,0,0
"2024",1,2,7,4,29,40,1,2,2,2,2,3,2,2,2,1,2,0,0,0,0,0,0,0,0,0,0,0,0,0,0,0,0
"2024",1,2,7,7,59,35,1,1,2,2,2,4,2,2,2,1,2,4,2,2,1,1,2,2,2,2,0,0,0,0,0,0,0
"2024",1,2,4,7,59,30,1,2,2,2,1,4,2,1,1,2,2,0,0,0,0,0,0,0,0,0,0,0,0,0,0,0,3
"2024",3,1,4,4,31,10,2,1,2,2,2,0,0,0,0,0,0,4,1,2,2,2,2,2,2,2,0,0,0,0,0,0,0
"2024",1,2,7,7,35,45,1,2,2,2,1,3,2,2,2,1,2,0,0,0,0,0,0,0,0,0,0,0,0,0,0,0,4
"2024",1,2,4,1,44,20,1,1,2,2,1,2,2,1,1,2,2,4,2,2,2,1,2,2,2,1,0,0,0,0,0,0,4
"2024",1,2,7,1,36,60,1,1,2,2,1,3,2,2,2,1,2,4,2,1,2,2,2,1,2,2,0,0,0,0,0,0,4
"2024",1,2,7,1,29,90,1,1,2,2,2,3,1,2,2,1,1,3,2,2,1,2,2,1,2,1,0,0,0,0,0,0,0
"2024",4,2,7,7,57,0,2,2,2,2,2,0,0,0,0,0,0,0,0,0,0,0,0,0,0,0,0,0,0,0,0,0,0
"2024",1,2,7,1,61,40,2,1,2,2,2,0,0,0,0,0,0,4,2,2,1,2,2,1,1,1,0,0,0,0,0,0,0
"2024",1,1,7,8,61,20,1,2,2,2,2,5,2,2,1,2,2,0,0,0,0,0,0,0,0,0,0,0,0,0,0,0,0
"2024",1,2,2,7,77,20,1,2,2,2,2,5,2,2,1,2,2,0,0,0,0,0,0,0,0,0,0,0,0,0,0,0,0
"2024",1,2,3,7,38,35,1,2,2,2,1,3,2,2,2,1,2,0,0,0,0,0,0,0,0,0,0,0,0,0,0,0,4
"2024",1,1,3,4,63,40,2,2,1,2,1,0,0,0,0,0,0,0,0,0,0,0,0,0,0,0,3,1,1,2,2,1,4
"2024",4,2,2,8,76,0,2,2,2,2,2,0,0,0,0,0,0,0,0,0,0,0,0,0,0,0,0,0,0,0,0,0,0
"2024",1,1,6,8,74,120,1,1,1,2,2,3,2,1,2,1,1,4,2,2,2,2,2,1,1,2,3,1,1,1,1,1,0
"2024",4,2,2,7,88,0,2,2,2,2,2,0,0,0,0,0,0,0,0,0,0,0,0,0,0,0,0,0,0,0,0,0,0
"2024",1,1,4,1,56,90,1,2,1,2,2,3,2,2,2,1,2,0,0,0,0,0,0,0,0,0,3,1,1,1,1,1,0
"2024",3,1,6,1,53,15,2,2,1,2,2,0,0,0,0,0,0,0,0,0,0,0,0,0,0,0,4,1,1,1,1,1,0
"2024",1,1,8,1,48,25,1,2,1,2,2,4,2,2,2,1,2,0,0,0,0,0,0,0,0,0,3,1,1,1,1,1,0
"2024",4,2,6,1,53,0,2,2,2,2,2,0,0,0,0,0,0,0,0,0,0,0,0,0,0,0,0,0,0,0,0,0,0
"2024",3,2,7,1,54,15,2,1,2,2,2,0,0,0,0,0,0,4,2,2,2,2,2,2,2,1,0,0,0,0,0,0,0
"2024",3,2,7,8,79,15,2,2,1,2,2,0,0,0,0,0,0,0,0,0,0,0,0,0,0,0,4,1,2,2,2,2,0
"2024",2,1,8,8,77,0,2,2,2,2,2,0,0,0,0,0,0,0,0,0,0,0,0,0,0,0,0,0,0,0,0,0,0
"2024",3,2,2,8,79,10,2,2,1,2,2,0,0,0,0,0,0,0,0,0,0,0,0,0,0,0,3,1,1,2,2,2,0
"2024",3,2,4,7,46,10,2,2,1,2,2,0,0,0,0,0,0,0,0,0,0,0,0,0,0,0,4,1,1,2,2,2,0
"2024",1,2,7,1,66,45,1,2,2,2,1,4,2,2,2,1,2,0,0,0,0,0,0,0,0,0,0,0,0,0,0,0,3
"2024",1,2,4,7,38,30,2,1,2,2,1,0,0,0,0,0,0,4,2,2,2,2,2,2,2,1,0,0,0,0,0,0,2
"2024",4,2,2,7,67,0,2,2,2,2,2,0,0,0,0,0,0,0,0,0,0,0,0,0,0,0,0,0,0,0,0,0,0
"2024",1,1,3,1,44,60,2,2,1,2,1,0,0,0,0,0,0,0,0,0,0,0,0,0,0,0,3,1,1,1,1,1,4
"2024",4,1,4,1,36,0,2,2,2,2,2,0,0,0,0,0,0,0,0,0,0,0,0,0,0,0,0,0,0,0,0,0,0
"2024",1,1,4,1,30,60,2,1,2,2,1,0,0,0,0,0,0,3,1,2,2,2,2,2,1,1,0,0,0,0,0,0,4
"2024",1,2,6,1,57,90,1,1,1,2,2,3,2,1,2,1,1,3,2,1,1,2,2,1,1,2,3,1,1,1,1,1,0
"2024",1,2,3,7,69,30,2,2,1,2,2,0,0,0,0,0,0,0,0,0,0,0,0,0,0,0,3,1,2,1,2,1,0
"2024",1,2,7,1,33,20,1,2,2,2,1,3,2,1,2,1,2,0,0,0,0,0,0,0,0,0,0,0,0,0,0,0,4
"2024",4,2,2,1,68,0,2,2,2,2,2,0,0,0,0,0,0,0,0,0,0,0,0,0,0,0,0,0,0,0,0,0,0
"2024",1,1,3,1,28,20,1,2,2,1,1,4,2,2,2,1,2,0,0,0,0,0,0,0,0,0,0,0,0,0,0,0,3
"2024",1,2,6,1,32,30,1,2,2,2,1,3,2,2,2,1,2,0,0,0,0,0,0,0,0,0,0,0,0,0,0,0,4
"2024",1,1,7,1,35,30,2,2,2,1,2,0,0,0,0,0,0,0,0,0,0,0,0,0,0,0,0,0,0,0,0,0,0
"2024",1,2,7,6,39,25,1,2,2,2,1,3,2,1,2,2,2,0,0,0,0,0,0,0,0,0,0,0,0,0,0,0,4
"2024",4,2,8,1,59,0,2,2,2,2,2,0,0,0,0,0,0,0,0,0,0,0,0,0,0,0,0,0,0,0,0,0,0
"2024",4,2,7,7,33,0,2,2,2,2,2,0,0,0,0,0,0,0,0,0,0,0,0,0,0,0,0,0,0,0,0,0,0
"2024",4,2,7,1,25,0,2,2,2,2,2,0,0,0,0,0,0,0,0,0,0,0,0,0,0,0,0,0,0,0,0,0,0
"2024",4,1,4,1,31,0,2,2,2,2,2,0,0,0,0,0,0,0,0,0,0,0,0,0,0,0,0,0,0,0,0,0,0
"2024",2,1,7,1,30,0,2,2,2,2,2,0,0,0,0,0,0,0,0,0,0,0,0,0,0,0,0,0,0,0,0,0,0
"2024",4,2,7,1,21,0,2,2,2,2,2,0,0,0,0,0,0,0,0,0,0,0,0,0,0,0,0,0,0,0,0,0,0
"2024",1,2,7,1,32,60,1,1,1,2,2,4,2,2,2,1,1,4,2,2,2,1,2,2,2,1,4,1,1,1,1,1,0
"2024",4,1,7,1,51,0,2,2,2,2,2,0,0,0,0,0,0,0,0,0,0,0,0,0,0,0,0,0,0,0,0,0,0
"2024",1,2,6,7,67,30,1,2,2,2,2,5,2,2,1,2,2,0,0,0,0,0,0,0,0,0,0,0,0,0,0,0,0
"2024",3,2,3,1,55,20,2,2,2,2,1,0,0,0,0,0,0,0,0,0,0,0,0,0,0,0,0,0,0,0,0,0,4
"2024",1,2,2,4,66,60,1,2,2,2,2,4,2,2,2,1,2,0,0,0,0,0,0,0,0,0,0,0,0,0,0,0,0
"2024",1,1,7,1,44,45,1,2,2,2,1,3,2,1,2,1,2,0,0,0,0,0,0,0,0,0,0,0,0,0,0,0,4
"2024",4,1,7,1,26,0,2,2,2,2,2,0,0,0,0,0,0,0,0,0,0,0,0,0,0,0,0,0,0,0,0,0,0
"2024",1,2,0,7,79,20,2,2,1,2,2,0,0,0,0,0,0,0,0,0,0,0,0,0,0,0,4,1,2,2,2,1,0
"2024",4,2,4,7,40,0,2,2,2,2,2,0,0,0,0,0,0,0,0,0,0,0,0,0,0,0,0,0,0,0,0,0,0
"2024",4,2,2,4,69,0,2,2,2,2,2,0,0,0,0,0,0,0,0,0,0,0,0,0,0,0,0,0,0,0,0,0,0
"2024",1,2,4,1,33,30,1,2,1,2,2,4,2,2,2,2,1,0,0,0,0,0,0,0,0,0,4,1,1,1,1,1,0
"2024",1,2,2,4,37,30,2,2,1,2,2,0,0,0,0,0,0,0,0,0,0,0,0,0,0,0,3,1,1,1,1,1,0
"2024",1,1,3,1,55,15,2,2,1,2,2,0,0,0,0,0,0,0,0,0,0,0,0,0,0,0,3,1,1,1,1,1,0
"2024",1,2,4,1,43,60,1,2,2,2,1,3,2,2,2,1,2,0,0,0,0,0,0,0,0,0,0,0,0,0,0,0,3
"2024",1,2,7,7,33,30,1,2,2,2,1,3,2,2,1,2,2,0,0,0,0,0,0,0,0,0,0,0,0,0,0,0,4
"2024",3,2,4,7,31,30,2,2,2,2,1,0,0,0,0,0,0,0,0,0,0,0,0,0,0,0,0,0,0,0,0,0,2
"2024",1,1,7,1,37,30,2,1,2,2,1,0,0,0,0,0,0,3,2,2,2,1,2,2,2,2,0,0,0,0,0,0,4
"2024",1,1,7,1,21,25,2,1,2,2,1,0,0,0,0,0,0,4,2,2,2,2,2,2,2,1,0,0,0,0,0,0,4
"2024",0,2,0,7,83,0,0,0,0,0,0,0,0,0,0,0,0,0,0,0,0,0,0,0,0,0,0,0,0,0,0,0,0
"2024",1,1,3,1,37,30,2,1,1,2,2,0,0,0,0,0,0,4,1,2,2,2,2,2,1,2,3,2,1,1,2,1,0
"2024",4,2,2,7,75,0,2,2,2,2,2,0,0,0,0,0,0,0,0,0,0,0,0,0,0,0,0,0,0,0,0,0,0
"2024",1,2,4,1,38,35,1,1,1,2,2,3,2,2,2,1,2,4,2,1,2,1,2,1,1,2,3,1,1,1,1,1,0
"2024",4,2,4,1,62,0,2,2,2,2,2,0,0,0,0,0,0,0,0,0,0,0,0,0,0,0,0,0,0,0,0,0,0
"2024",3,1,7,1,45,25,2,2,1,2,2,0,0,0,0,0,0,0,0,0,0,0,0,0,0,0,4,1,1,1,1,1,0
"2024",2,1,4,7,63,0,2,2,2,2,2,0,0,0,0,0,0,0,0,0,0,0,0,0,0,0,0,0,0,0,0,0,0
"2024",0,1,0,1,56,0,0,0,0,0,0,0,0,0,0,0,0,0,0,0,0,0,0,0,0,0,0,0,0,0,0,0,0
"2024",1,2,4,4,30,60,1,2,2,2,1,3,2,2,1,1,2,0,0,0,0,0,0,0,0,0,0,0,0,0,0,0,3
"2024",1,2,7,6,25,35,1,2,2,2,1,3,2,2,2,1,2,0,0,0,0,0,0,0,0,0,0,0,0,0,0,0,4
"2024",3,1,4,1,48,30,2,2,1,2,2,0,0,0,0,0,0,0,0,0,0,0,0,0,0,0,4,1,1,1,1,2,0
"2024",3,1,4,1,33,20,2,2,1,2,2,0,0,0,0,0,0,0,0,0,0,0,0,0,0,0,4,1,1,1,1,2,0
"2024",4,2,4,1,48,0,2,2,2,2,2,0,0,0,0,0,0,0,0,0,0,0,0,0,0,0,0,0,0,0,0,0,0
"2024",3,2,4,7,60,30,1,1,2,2,2,3,2,2,2,1,2,4,2,2,1,2,2,2,2,2,0,0,0,0,0,0,0
"2024",3,1,8,4,41,25,2,2,1,2,2,0,0,0,0,0,0,0,0,0,0,0,0,0,0,0,3,1,1,1,1,2,0
"2024",1,2,8,1,35,35,1,1,2,2,2,3,2,2,2,1,2,4,2,2,1,2,2,2,1,2,0,0,0,0,0,0,0
"2024",1,2,3,1,66,60,1,2,2,2,2,3,2,2,2,1,2,0,0,0,0,0,0,0,0,0,0,0,0,0,0,0,0
"2024",1,2,6,7,85,120,1,2,1,2,1,3,2,2,2,1,2,0,0,0,0,0,0,0,0,0,4,1,1,1,1,1,3
"2024",1,2,7,1,60,70,1,2,2,2,1,1,2,1,2,1,2,0,0,0,0,0,0,0,0,0,0,0,0,0,0,0,3
"2024",1,1,7,6,20,30,1,2,2,2,2,2,2,1,2,2,2,0,0,0,0,0,0,0,0,0,0,0,0,0,0,0,0
"2024",1,1,4,8,68,30,2,2,1,2,2,0,0,0,0,0,0,0,0,0,0,0,0,0,0,0,3,1,1,1,2,1,0
"2024",1,2,7,1,54,60,1,2,2,2,1,3,2,2,2,1,2,0,0,0,0,0,0,0,0,0,0,0,0,0,0,0,6
"2024",4,1,7,1,29,0,2,2,2,2,2,0,0,0,0,0,0,0,0,0,0,0,0,0,0,0,0,0,0,0,0,0,0
"2024",4,2,3,7,55,0,2,2,2,2,2,0,0,0,0,0,0,0,0,0,0,0,0,0,0,0,0,0,0,0,0,0,0
"2024",3,2,7,1,32,15,2,2,1,2,2,0,0,0,0,0,0,0,0,0,0,0,0,0,0,0,3,1,2,2,1,1,0
"2024",4,2,4,6,18,0,2,2,2,2,2,0,0,0,0,0,0,0,0,0,0,0,0,0,0,0,0,0,0,0,0,0,0
"2024",1,1,7,1,65,30,1,1,2,2,1,3,2,1,2,2,2,4,2,2,2,1,2,2,2,2,0,0,0,0,0,0,4
"2024",1,1,4,1,48,30,1,1,2,2,1,3,2,1,2,2,2,1,2,2,2,2,2,1,2,2,0,0,0,0,0,0,1
"2024",3,2,4,1,25,30,2,2,2,2,1,0,0,0,0,0,0,0,0,0,0,0,0,0,0,0,0,0,0,0,0,0,3
"2024",3,1,4,1,41,20,2,2,2,2,1,0,0,0,0,0,0,0,0,0,0,0,0,0,0,0,0,0,0,0,0,0,3
"2024",4,1,3,8,66,0,2,2,2,2,2,0,0,0,0,0,0,0,0,0,0,0,0,0,0,0,0,0,0,0,0,0,0
"2024",4,1,3,1,59,0,2,2,2,2,2,0,0,0,0,0,0,0,0,0,0,0,0,0,0,0,0,0,0,0,0,0,0
"2024",3,1,4,1,49,30,2,1,1,2,2,0,0,0,0,0,0,4,2,1,2,2,2,2,1,1,4,1,1,1,1,1,0
"2024",3,1,4,1,58,20,2,2,1,2,2,0,0,0,0,0,0,0,0,0,0,0,0,0,0,0,4,1,1,1,1,1,0
"2024",1,1,7,1,26,40,1,1,1,2,2,3,2,1,2,2,1,3,2,1,1,2,2,2,1,2,4,1,1,1,1,1,0
"2024",3,2,3,7,30,20,2,1,2,2,2,0,0,0,0,0,0,4,2,2,1,2,2,2,2,1,0,0,0,0,0,0,0
"2024",3,2,2,7,25,20,2,1,2,2,2,0,0,0,0,0,0,4,2,2,2,2,2,2,2,1,0,0,0,0,0,0,0
"2024",4,2,6,7,70,0,2,2,2,2,2,0,0,0,0,0,0,0,0,0,0,0,0,0,0,0,0,0,0,0,0,0,0
"2024",4,2,2,7,58,0,2,2,2,2,2,0,0,0,0,0,0,0,0,0,0,0,0,0,0,0,0,0,0,0,0,0,0
"2024",1,2,4,1,51,15,2,2,1,2,2,0,0,0,0,0,0,0,0,0,0,0,0,0,0,0,4,2,2,1,1,1,0
"2024",1,1,4,1,55,30,2,2,1,2,2,0,0,0,0,0,0,0,0,0,0,0,0,0,0,0,4,1,1,1,2,1,0
"2024",3,2,3,7,42,30,2,1,2,2,1,0,0,0,0,0,0,4,2,2,1,2,2,2,2,1,0,0,0,0,0,0,2
"2024",4,1,4,1,43,0,2,2,2,2,2,0,0,0,0,0,0,0,0,0,0,0,0,0,0,0,0,0,0,0,0,0,0
"2024",3,2,3,7,28,30,2,1,2,2,1,0,0,0,0,0,0,4,2,2,2,1,2,2,2,2,0,0,0,0,0,0,4
"2024",4,2,3,1,71,0,2,2,2,2,2,0,0,0,0,0,0,0,0,0,0,0,0,0,0,0,0,0,0,0,0,0,0
"2024",1,1,7,1,57,120,1,2,1,2,2,1,2,1,2,1,1,0,0,0,0,0,0,0,0,0,3,1,1,1,1,1,0
"2024",1,1,4,1,25,30,2,2,1,2,1,0,0,0,0,0,0,0,0,0,0,0,0,0,0,0,4,2,1,1,1,1,4
"2024",4,2,3,7,65,0,2,2,2,2,2,0,0,0,0,0,0,0,0,0,0,0,0,0,0,0,0,0,0,0,0,0,0
"2024",1,2,4,7,42,20,2,2,1,2,2,0,0,0,0,0,0,0,0,0,0,0,0,0,0,0,3,1,1,1,1,1,0
"2024",4,1,7,8,70,0,2,2,2,2,2,0,0,0,0,0,0,0,0,0,0,0,0,0,0,0,0,0,0,0,0,0,0
"2024",4,1,4,1,34,0,2,2,2,2,2,0,0,0,0,0,0,0,0,0,0,0,0,0,0,0,0,0,0,0,0,0,0
"2024",4,1,4,8,60,0,2,2,2,2,2,0,0,0,0,0,0,0,0,0,0,0,0,0,0,0,0,0,0,0,0,0,0
"2024",3,2,3,1,43,10,2,1,2,2,2,0,0,0,0,0,0,4,2,2,2,2,2,2,2,1,0,0,0,0,0,0,0
"2024",4,2,3,1,50,0,2,2,2,2,2,0,0,0,0,0,0,0,0,0,0,0,0,0,0,0,0,0,0,0,0,0,0
"2024",4,1,3,1,33,0,2,2,2,2,2,0,0,0,0,0,0,0,0,0,0,0,0,0,0,0,0,0,0,0,0,0,0
"2024",3,1,2,4,60,15,2,2,1,2,2,0,0,0,0,0,0,0,0,0,0,0,0,0,0,0,4,1,1,1,1,1,0
"2024",3,2,3,7,52,20,2,2,1,2,2,0,0,0,0,0,0,0,0,0,0,0,0,0,0,0,4,1,1,2,2,1,0
"2024",4,1,3,1,70,0,2,2,2,2,2,0,0,0,0,0,0,0,0,0,0,0,0,0,0,0,0,0,0,0,0,0,0
"2024",4,1,3,1,50,0,2,2,2,2,2,0,0,0,0,0,0,0,0,0,0,0,0,0,0,0,0,0,0,0,0,0,0
"2024",4,1,2,9,84,0,2,2,2,2,2,0,0,0,0,0,0,0,0,0,0,0,0,0,0,0,0,0,0,0,0,0,0
"2024",3,2,6,7,60,20,2,1,2,2,2,0,0,0,0,0,0,4,2,2,2,2,2,2,2,1,0,0,0,0,0,0,0
"2024",1,1,4,1,59,25,2,1,1,2,2,0,0,0,0,0,0,4,2,2,2,2,2,2,2,1,4,1,1,1,1,1,0
"2024",4,2,7,1,56,0,2,2,2,2,2,0,0,0,0,0,0,0,0,0,0,0,0,0,0,0,0,0,0,0,0,0,0
"2024",3,1,3,1,51,30,2,1,1,2,2,0,0,0,0,0,0,4,2,1,2,2,2,1,1,2,4,1,1,1,1,1,0
"2024",3,2,4,4,30,10,2,2,2,2,1,0,0,0,0,0,0,0,0,0,0,0,0,0,0,0,0,0,0,0,0,0,4
"2024",1,2,2,7,77,60,1,2,2,2,2,5,2,2,1,2,2,0,0,0,0,0,0,0,0,0,0,0,0,0,0,0,0
"2024",1,2,7,8,61,30,1,2,1,2,1,3,2,2,2,1,1,0,0,0,0,0,0,0,0,0,3,1,2,2,2,2,3
"2024",1,2,4,6,20,25,1,2,2,2,1,2,2,1,2,1,2,0,0,0,0,0,0,0,0,0,0,0,0,0,0,0,4
"2024",4,2,2,7,70,0,2,2,2,2,2,0,0,0,0,0,0,0,0,0,0,0,0,0,0,0,0,0,0,0,0,0,0
"2024",1,1,4,8,72,30,2,2,1,2,2,0,0,0,0,0,0,0,0,0,0,0,0,0,0,0,4,1,1,1,1,1,0
"2024",1,1,7,1,53,20,2,1,2,2,2,0,0,0,0,0,0,4,2,2,2,2,2,2,2,1,0,0,0,0,0,0,0
"2024",1,1,4,1,39,60,2,2,1,2,1,0,0,0,0,0,0,0,0,0,0,0,0,0,0,0,3,1,1,1,1,1,4
"2024",1,2,3,7,46,30,2,2,2,2,1,0,0,0,0,0,0,0,0,0,0,0,0,0,0,0,0,0,0,0,0,0,2
"2024",4,2,2,7,76,0,2,2,2,2,2,0,0,0,0,0,0,0,0,0,0,0,0,0,0,0,0,0,0,0,0,0,0
"2024",4,2,0,7,73,0,2,2,2,2,2,0,0,0,0,0,0,0,0,0,0,0,0,0,0,0,0,0,0,0,0,0,0
"2024",1,2,2,7,76,30,2,1,2,2,1,0,0,0,0,0,0,4,2,2,1,2,2,2,2,1,0,0,0,0,0,0,4
"2024",3,1,7,1,35,30,2,2,2,2,1,0,0,0,0,0,0,0,0,0,0,0,0,0,0,0,0,0,0,0,0,0,4
"2024",4,1,3,1,62,0,2,2,2,2,2,0,0,0,0,0,0,0,0,0,0,0,0,0,0,0,0,0,0,0,0,0,0
"2024",3,1,4,1,59,30,2,2,2,2,1,0,0,0,0,0,0,0,0,0,0,0,0,0,0,0,0,0,0,0,0,0,4
"2024",1,2,4,1,45,35,1,2,1,2,1,1,2,1,2,2,2,0,0,0,0,0,0,0,0,0,3,1,1,1,2,1,1
"2024",3,1,8,1,57,35,2,2,2,2,1,0,0,0,0,0,0,0,0,0,0,0,0,0,0,0,0,0,0,0,0,0,3
"2024",3,1,3,1,49,40,2,2,2,2,1,0,0,0,0,0,0,0,0,0,0,0,0,0,0,0,0,0,0,0,0,0,1
"2024",1,2,3,7,42,40,2,2,1,2,1,0,0,0,0,0,0,0,0,0,0,0,0,0,0,0,3,2,2,2,1,1,4
"2024",3,1,4,6,21,20,2,2,2,2,1,0,0,0,0,0,0,0,0,0,0,0,0,0,0,0,0,0,0,0,0,0,1
"2024",3,2,4,1,60,30,2,2,2,2,1,0,0,0,0,0,0,0,0,0,0,0,0,0,0,0,0,0,0,0,0,0,1
"2024",1,1,4,1,30,15,2,2,1,2,1,0,0,0,0,0,0,0,0,0,0,0,0,0,0,0,3,1,1,2,2,1,3
"2024",1,1,7,6,19,35,1,2,1,2,1,2,2,1,2,1,2,0,0,0,0,0,0,0,0,0,3,1,1,1,1,1,2
"2024",1,1,7,1,77,60,2,1,2,2,1,0,0,0,0,0,0,4,2,1,2,2,2,2,2,1,0,0,0,0,0,0,1
"2024",1,1,7,1,51,20,2,2,1,2,1,0,0,0,0,0,0,0,0,0,0,0,0,0,0,0,3,1,1,1,1,1,1
"2024",3,2,7,5,28,15,2,2,2,2,1,0,0,0,0,0,0,0,0,0,0,0,0,0,0,0,0,0,0,0,0,0,4
"2024",1,2,2,7,47,30,2,1,2,2,2,0,0,0,0,0,0,5,2,2,2,2,1,2,2,2,0,0,0,0,0,0,0
"2024",4,2,2,8,63,0,2,2,2,2,2,0,0,0,0,0,0,0,0,0,0,0,0,0,0,0,0,0,0,0,0,0,0
"2024",1,1,4,1,28,20,2,2,1,2,1,0,0,0,0,0,0,0,0,0,0,0,0,0,0,0,3,1,1,1,2,1,4
"2024",3,1,7,1,27,10,2,1,1,2,1,0,0,0,0,0,0,1,2,1,2,2,2,2,2,2,4,1,2,2,2,1,1
"2024",4,2,2,7,74,0,2,2,2,2,2,0,0,0,0,0,0,0,0,0,0,0,0,0,0,0,0,0,0,0,0,0,0
"2024",4,1,4,1,31,0,2,2,2,2,2,0,0,0,0,0,0,0,0,0,0,0,0,0,0,0,0,0,0,0,0,0,0
"2024",3,1,4,1,45,30,2,2,1,2,1,0,0,0,0,0,0,0,0,0,0,0,0,0,0,0,4,1,1,2,2,2,1
"2024",1,2,4,1,41,20,2,2,1,2,1,0,0,0,0,0,0,0,0,0,0,0,0,0,0,0,4,1,2,1,1,1,4
"2024",4,1,2,8,92,0,2,2,2,2,2,0,0,0,0,0,0,0,0,0,0,0,0,0,0,0,0,0,0,0,0,0,0
"2024",0,2,4,7,39,0,0,0,0,0,0,0,0,0,0,0,0,0,0,0,0,0,0,0,0,0,0,0,0,0,0,0,0
"2024",3,1,3,1,53,20,2,2,1,2,2,0,0,0,0,0,0,0,0,0,0,0,0,0,0,0,4,1,1,2,2,1,0
"2024",1,2,4,7,58,60,2,2,2,2,1,0,0,0,0,0,0,0,0,0,0,0,0,0,0,0,0,0,0,0,0,0,4
"2024",4,1,3,1,34,0,2,2,2,2,2,0,0,0,0,0,0,0,0,0,0,0,0,0,0,0,0,0,0,0,0,0,0
"2024",1,2,7,1,53,25,2,1,2,2,1,0,0,0,0,0,0,1,2,2,2,2,2,1,2,2,0,0,0,0,0,0,1
"2024",1,2,7,6,22,25,1,2,2,2,1,2,2,1,2,1,2,0,0,0,0,0,0,0,0,0,0,0,0,0,0,0,2
"2024",4,1,3,1,78,0,2,2,2,2,2,0,0,0,0,0,0,0,0,0,0,0,0,0,0,0,0,0,0,0,0,0,0
"2024",1,2,7,1,41,30,1,2,2,1,1,1,2,2,2,1,2,0,0,0,0,0,0,0,0,0,0,0,0,0,0,0,2
"2024",1,1,8,4,38,40,1,2,2,2,1,3,2,1,2,2,2,0,0,0,0,0,0,0,0,0,0,0,0,0,0,0,3
"2024",3,1,7,1,43,30,2,2,2,2,1,0,0,0,0,0,0,0,0,0,0,0,0,0,0,0,0,0,0,0,0,0,3
"2024",1,1,7,1,31,15,1,2,2,2,1,4,2,2,1,2,2,0,0,0,0,0,0,0,0,0,0,0,0,0,0,0,4
"2024",1,2,6,1,65,30,2,2,1,1,1,0,0,0,0,0,0,0,0,0,0,0,0,0,0,0,4,1,1,2,1,1,3
"2024",1,2,4,1,47,20,2,1,1,2,1,0,0,0,0,0,0,4,2,2,1,2,2,2,2,2,4,2,1,1,2,2,4
"2024",4,2,3,1,25,0,2,2,2,2,2,0,0,0,0,0,0,0,0,0,0,0,0,0,0,0,0,0,0,0,0,0,0
"2024",1,2,7,1,21,20,1,2,2,2,1,2,2,1,2,2,2,0,0,0,0,0,0,0,0,0,0,0,0,0,0,0,2
"2024",4,2,3,7,45,0,2,2,2,2,2,0,0,0,0,0,0,0,0,0,0,0,0,0,0,0,0,0,0,0,0,0,0
"2024",1,1,3,1,20,20,2,1,1,2,2,0,0,0,0,0,0,4,2,1,2,2,2,2,2,2,3,2,1,2,2,1,0
"2024",1,1,2,1,67,30,2,1,2,2,2,0,0,0,0,0,0,5,2,2,2,2,1,2,2,2,0,0,0,0,0,0,0
"2024",1,2,7,7,34,30,1,1,1,2,1,2,2,1,2,2,2,2,2,2,1,2,2,2,2,2,3,1,2,1,2,2,3
"2024",4,1,2,1,67,0,2,2,2,2,2,0,0,0,0,0,0,0,0,0,0,0,0,0,0,0,0,0,0,0,0,0,0
"2024",4,2,7,1,26,0,2,2,2,2,2,0,0,0,0,0,0,0,0,0,0,0,0,0,0,0,0,0,0,0,0,0,0
"2024",1,2,4,7,53,30,2,1,2,2,1,0,0,0,0,0,0,3,2,1,2,2,2,2,2,2,0,0,0,0,0,0,4
"2024",1,1,8,1,41,60,1,2,2,2,1,1,2,1,2,2,2,0,0,0,0,0,0,0,0,0,0,0,0,0,0,0,1
"2024",1,2,7,1,51,20,2,2,1,2,2,0,0,0,0,0,0,0,0,0,0,0,0,0,0,0,3,1,2,1,2,1,0
"2024",4,2,6,7,75,0,2,2,2,2,2,0,0,0,0,0,0,0,0,0,0,0,0,0,0,0,0,0,0,0,0,0,0
"2024",4,2,7,8,72,0,2,2,2,2,2,0,0,0,0,0,0,0,0,0,0,0,0,0,0,0,0,0,0,0,0,0,0
"2024",3,1,4,1,36,120,2,2,2,2,1,0,0,0,0,0,0,0,0,0,0,0,0,0,0,0,0,0,0,0,0,0,4
"2024",1,1,7,6,22,60,1,1,1,2,1,2,2,2,2,1,2,4,2,2,2,2,2,2,1,2,3,1,2,2,1,1,4
"2024",4,2,3,1,35,0,2,2,2,2,2,0,0,0,0,0,0,0,0,0,0,0,0,0,0,0,0,0,0,0,0,0,0
"2024",1,1,7,1,32,60,2,2,1,2,1,0,0,0,0,0,0,0,0,0,0,0,0,0,0,0,3,1,1,1,1,1,1
"2024",1,2,7,4,25,20,1,2,2,2,2,4,2,2,1,2,2,0,0,0,0,0,0,0,0,0,0,0,0,0,0,0,0
"2024",1,2,3,7,59,45,1,2,2,2,1,4,2,2,1,2,2,0,0,0,0,0,0,0,0,0,0,0,0,0,0,0,3
"2024",1,1,7,1,55,20,2,2,1,2,2,0,0,0,0,0,0,0,0,0,0,0,0,0,0,0,3,1,1,1,2,1,0
"2024",1,1,7,1,38,30,1,2,2,2,1,4,2,2,2,2,1,0,0,0,0,0,0,0,0,0,0,0,0,0,0,0,1
"2024",4,2,7,7,57,0,2,2,2,2,2,0,0,0,0,0,0,0,0,0,0,0,0,0,0,0,0,0,0,0,0,0,0
"2024",0,1,2,1,65,0,0,0,0,0,0,0,0,0,0,0,0,0,0,0,0,0,0,0,0,0,0,0,0,0,0,0,0
"2024",1,2,4,7,49,30,1,2,1,2,2,3,2,1,2,2,2,0,0,0,0,0,0,0,0,0,3,1,1,1,1,1,0
"2024",1,1,7,1,22,60,1,2,2,2,2,1,1,2,2,2,1,0,0,0,0,0,0,0,0,0,0,0,0,0,0,0,0
"2024",1,2,3,7,59,20,1,2,2,2,2,5,2,2,1,2,2,0,0,0,0,0,0,0,0,0,0,0,0,0,0,0,0
"2024",4,2,3,1,56,0,2,2,2,2,2,0,0,0,0,0,0,0,0,0,0,0,0,0,0,0,0,0,0,0,0,0,0
"2024",2,1,3,1,50,0,2,2,2,2,2,0,0,0,0,0,0,0,0,0,0,0,0,0,0,0,0,0,0,0,0,0,0
"2024",3,2,2,1,43,10,2,2,1,2,2,0,0,0,0,0,0,0,0,0,0,0,0,0,0,0,3,2,2,1,2,1,0
"2024",4,2,3,1,50,0,2,2,2,2,2,0,0,0,0,0,0,0,0,0,0,0,0,0,0,0,0,0,0,0,0,0,0
"2024",1,1,3,1,33,45,1,1,1,2,2,4,2,2,2,1,2,4,2,2,2,1,2,2,2,2,3,1,1,2,2,1,0
"2024",1,2,7,1,26,60,1,2,2,2,2,1,1,2,2,2,1,0,0,0,0,0,0,0,0,0,0,0,0,0,0,0,0
"2024",4,2,3,7,48,0,2,2,2,2,2,0,0,0,0,0,0,0,0,0,0,0,0,0,0,0,0,0,0,0,0,0,0
"2024",1,1,3,4,23,30,1,2,2,2,2,5,2,2,2,1,2,0,0,0,0,0,0,0,0,0,0,0,0,0,0,0,0
"2024",1,1,4,1,26,60,1,2,2,2,2,1,2,2,1,2,2,0,0,0,0,0,0,0,0,0,0,0,0,0,0,0,0
"2024",1,2,4,7,49,20,2,2,2,2,1,0,0,0,0,0,0,0,0,0,0,0,0,0,0,0,0,0,0,0,0,0,3
"2024",4,2,4,1,26,0,2,2,2,2,2,0,0,0,0,0,0,0,0,0,0,0,0,0,0,0,0,0,0,0,0,0,0
"2024",1,1,2,1,58,15,2,1,2,2,2,0,0,0,0,0,0,5,2,2,2,2,1,2,2,2,0,0,0,0,0,0,0
"2024",4,2,2,7,75,0,2,2,2,2,2,0,0,0,0,0,0,0,0,0,0,0,0,0,0,0,0,0,0,0,0,0,0
"2024",1,2,3,1,51,120,1,2,2,2,2,4,2,2,1,2,2,0,0,0,0,0,0,0,0,0,0,0,0,0,0,0,0
"2024",1,2,3,7,35,15,2,1,1,2,2,0,0,0,0,0,0,4,2,2,2,1,2,2,2,1,3,2,1,1,1,1,0
"2024",1,1,7,1,34,60,1,2,1,2,1,1,2,1,2,2,2,0,0,0,0,0,0,0,0,0,4,1,1,2,2,1,1
"2024",3,2,2,7,43,30,1,2,2,2,2,4,2,2,1,1,2,0,0,0,0,0,0,0,0,0,0,0,0,0,0,0,0
"2024",4,2,3,1,37,0,2,2,2,2,2,0,0,0,0,0,0,0,0,0,0,0,0,0,0,0,0,0,0,0,0,0,0
"2024",4,2,3,7,54,0,2,2,2,2,2,0,0,0,0,0,0,0,0,0,0,0,0,0,0,0,0,0,0,0,0,0,0
"2024",1,1,7,1,27,30,1,2,2,2,2,2,1,1,2,2,2,0,0,0,0,0,0,0,0,0,0,0,0,0,0,0,0
"2024",1,2,2,8,65,45,1,2,2,2,2,5,2,2,1,2,2,0,0,0,0,0,0,0,0,0,0,0,0,0,0,0,0
"2024",4,2,2,7,72,0,2,2,2,2,2,0,0,0,0,0,0,0,0,0,0,0,0,0,0,0,0,0,0,0,0,0,0
"2024",4,2,3,1,44,0,2,2,2,2,2,0,0,0,0,0,0,0,0,0,0,0,0,0,0,0,0,0,0,0,0,0,0
"2024",1,2,6,1,37,30,2,1,2,2,1,0,0,0,0,0,0,3,2,2,2,2,2,1,2,2,0,0,0,0,0,0,3
"2024",4,2,2,7,69,0,2,2,2,2,2,0,0,0,0,0,0,0,0,0,0,0,0,0,0,0,0,0,0,0,0,0,0
"2024",1,2,4,1,50,45,1,2,2,2,2,5,2,2,1,2,2,0,0,0,0,0,0,0,0,0,0,0,0,0,0,0,0
"2024",1,1,7,1,54,30,1,2,1,2,2,4,2,2,2,1,1,0,0,0,0,0,0,0,0,0,4,1,1,2,2,1,0
"2024",4,1,3,1,66,0,2,2,2,2,2,0,0,0,0,0,0,0,0,0,0,0,0,0,0,0,0,0,0,0,0,0,0
"2024",2,1,4,1,34,0,2,2,2,2,2,0,0,0,0,0,0,0,0,0,0,0,0,0,0,0,0,0,0,0,0,0,0
"2024",4,2,2,7,61,0,2,2,2,2,2,0,0,0,0,0,0,0,0,0,0,0,0,0,0,0,0,0,0,0,0,0,0
"2024",1,1,3,1,66,90,2,2,1,2,2,0,0,0,0,0,0,0,0,0,0,0,0,0,0,0,3,1,1,1,1,1,0
"2024",1,2,2,7,83,60,2,2,1,2,2,0,0,0,0,0,0,0,0,0,0,0,0,0,0,0,4,1,2,1,1,1,0
"2024",1,1,8,1,48,25,1,2,1,2,1,2,2,1,2,2,2,0,0,0,0,0,0,0,0,0,3,1,1,2,2,1,2
"2024",1,1,7,1,46,45,1,2,1,2,2,1,1,1,2,2,2,0,0,0,0,0,0,0,0,0,3,1,1,2,2,1,0
"2024",4,1,3,1,54,0,2,2,2,2,2,0,0,0,0,0,0,0,0,0,0,0,0,0,0,0,0,0,0,0,0,0,0
"2024",2,2,2,7,71,0,2,2,2,2,2,0,0,0,0,0,0,0,0,0,0,0,0,0,0,0,0,0,0,0,0,0,0
"2024",1,2,3,7,53,30,1,2,2,2,2,5,2,2,1,2,2,0,0,0,0,0,0,0,0,0,0,0,0,0,0,0,0
"2024",4,2,4,7,49,0,2,2,2,2,2,0,0,0,0,0,0,0,0,0,0,0,0,0,0,0,0,0,0,0,0,0,0
"2024",4,2,2,7,65,0,2,2,2,2,2,0,0,0,0,0,0,0,0,0,0,0,0,0,0,0,0,0,0,0,0,0,0
"2024",4,1,2,1,65,0,2,2,2,2,2,0,0,0,0,0,0,0,0,0,0,0,0,0,0,0,0,0,0,0,0,0,0
"2024",4,1,2,1,65,0,2,2,2,2,2,0,0,0,0,0,0,0,0,0,0,0,0,0,0,0,0,0,0,0,0,0,0
"2024",1,2,4,1,36,90,1,1,2,2,1,4,2,2,2,1,2,1,2,2,2,2,2,1,2,2,0,0,0,0,0,0,1
"2024",1,1,7,6,20,120,1,2,2,2,2,2,1,1,2,2,2,0,0,0,0,0,0,0,0,0,0,0,0,0,0,0,0
"2024",1,2,3,1,63,30,1,2,1,2,2,5,2,2,1,2,2,0,0,0,0,0,0,0,0,0,3,1,2,2,1,1,0
"2024",1,1,7,8,62,60,1,1,1,2,2,4,1,2,2,2,1,4,2,2,2,2,2,1,2,2,3,1,1,1,2,1,0
"2024",4,2,6,7,79,0,2,2,2,2,2,0,0,0,0,0,0,0,0,0,0,0,0,0,0,0,0,0,0,0,0,0,0
"2024",1,1,7,1,59,120,1,1,1,2,1,4,2,1,1,2,2,3,2,1,2,2,2,2,2,2,3,1,1,2,2,1,1
"2024",4,1,4,1,48,0,2,2,2,2,2,0,0,0,0,0,0,0,0,0,0,0,0,0,0,0,0,0,0,0,0,0,0
"2024",3,1,3,1,48,15,2,2,1,2,2,0,0,0,0,0,0,0,0,0,0,0,0,0,0,0,3,1,1,2,2,1,0
"2024",1,1,7,1,47,20,2,2,2,2,1,0,0,0,0,0,0,0,0,0,0,0,0,0,0,0,0,0,0,0,0,0,1
"2024",1,2,7,1,30,60,2,2,2,2,1,0,0,0,0,0,0,0,0,0,0,0,0,0,0,0,0,0,0,0,0,0,4
"2024",4,1,4,1,20,0,2,2,2,2,2,0,0,0,0,0,0,0,0,0,0,0,0,0,0,0,0,0,0,0,0,0,0
"2024",4,1,2,8,77,0,2,2,2,2,2,0,0,0,0,0,0,0,0,0,0,0,0,0,0,0,0,0,0,0,0,0,0
"2024",1,1,7,1,39,60,2,2,1,2,2,0,0,0,0,0,0,0,0,0,0,0,0,0,0,0,3,1,1,2,2,1,0
"2024",3,2,4,7,59,30,2,2,2,2,1,0,0,0,0,0,0,0,0,0,0,0,0,0,0,0,0,0,0,0,0,0,4
"2024",1,1,0,8,74,120,1,2,2,2,2,5,2,2,1,2,2,0,0,0,0,0,0,0,0,0,0,0,0,0,0,0,0
"2024",4,1,3,1,62,0,2,2,2,2,2,0,0,0,0,0,0,0,0,0,0,0,0,0,0,0,0,0,0,0,0,0,0
"2024",4,2,3,1,42,0,2,2,2,2,2,0,0,0,0,0,0,0,0,0,0,0,0,0,0,0,0,0,0,0,0,0,0
"2024",1,2,7,1,45,60,1,2,2,2,2,1,2,1,2,2,2,0,0,0,0,0,0,0,0,0,0,0,0,0,0,0,0
"2024",3,2,3,1,57,25,2,1,2,2,2,0,0,0,0,0,0,4,2,2,2,2,1,2,2,2,0,0,0,0,0,0,0
"2024",3,2,7,1,54,25,2,1,2,2,2,0,0,0,0,0,0,4,2,2,2,1,1,2,2,2,0,0,0,0,0,0,0
"2024",0,2,0,4,45,0,0,0,0,0,0,0,0,0,0,0,0,0,0,0,0,0,0,0,0,0,0,0,0,0,0,0,0
"2024",4,1,3,1,53,0,2,2,2,2,2,0,0,0,0,0,0,0,0,0,0,0,0,0,0,0,0,0,0,0,0,0,0
"2024",4,2,4,1,31,0,2,2,2,2,2,0,0,0,0,0,0,0,0,0,0,0,0,0,0,0,0,0,0,0,0,0,0
"2024",4,2,7,1,34,0,2,2,2,2,2,0,0,0,0,0,0,0,0,0,0,0,0,0,0,0,0,0,0,0,0,0,0
"2024",4,2,3,1,47,0,2,2,2,2,2,0,0,0,0,0,0,0,0,0,0,0,0,0,0,0,0,0,0,0,0,0,0
"2024",4,2,2,7,29,0,2,2,2,2,2,0,0,0,0,0,0,0,0,0,0,0,0,0,0,0,0,0,0,0,0,0,0
"2024",1,1,4,1,26,60,1,2,2,2,2,4,2,2,1,2,2,0,0,0,0,0,0,0,0,0,0,0,0,0,0,0,0
"2024",1,2,3,1,48,30,1,2,2,2,2,4,2,2,2,1,2,0,0,0,0,0,0,0,0,0,0,0,0,0,0,0,0
"2024",4,2,3,1,40,0,2,2,2,2,2,0,0,0,0,0,0,0,0,0,0,0,0,0,0,0,0,0,0,0,0,0,0
"2024",1,1,7,6,27,90,1,2,2,2,2,2,2,1,2,1,2,0,0,0,0,0,0,0,0,0,0,0,0,0,0,0,0
"2024",3,2,3,7,33,35,2,1,2,2,2,0,0,0,0,0,0,4,2,2,2,1,2,2,2,1,0,0,0,0,0,0,0
"2024",1,2,7,1,28,30,1,2,2,2,2,4,2,2,2,1,2,0,0,0,0,0,0,0,0,0,0,0,0,0,0,0,0
"2024",4,2,7,4,32,0,2,2,2,2,2,0,0,0,0,0,0,0,0,0,0,0,0,0,0,0,0,0,0,0,0,0,0
"2024",4,1,2,1,68,0,2,2,2,2,2,0,0,0,0,0,0,0,0,0,0,0,0,0,0,0,0,0,0,0,0,0,0
"2024",3,2,6,8,75,20,2,1,2,2,2,0,0,0,0,0,0,4,2,2,2,1,2,2,2,1,0,0,0,0,0,0,0
"2024",4,2,4,7,56,0,2,2,2,2,2,0,0,0,0,0,0,0,0,0,0,0,0,0,0,0,0,0,0,0,0,0,0
"2024",3,2,4,1,36,25,2,1,2,2,2,0,0,0,0,0,0,4,2,2,2,2,2,2,2,1,0,0,0,0,0,0,0
"2024",4,1,2,8,65,0,2,2,2,2,2,0,0,0,0,0,0,0,0,0,0,0,0,0,0,0,0,0,0,0,0,0,0
"2024",4,2,3,7,43,0,2,2,2,2,2,0,0,0,0,0,0,0,0,0,0,0,0,0,0,0,0,0,0,0,0,0,0
"2024",3,2,4,7,24,30,2,1,2,2,2,0,0,0,0,0,0,4,2,2,2,2,2,2,2,1,0,0,0,0,0,0,0
"2024",3,2,3,1,52,30,2,1,2,2,2,0,0,0,0,0,0,4,2,2,2,1,2,2,2,1,0,0,0,0,0,0,0
"2024",4,2,2,1,47,0,2,2,2,2,2,0,0,0,0,0,0,0,0,0,0,0,0,0,0,0,0,0,0,0,0,0,0
"2024",0,2,0,8,86,0,0,0,0,0,0,0,0,0,0,0,0,0,0,0,0,0,0,0,0,0,0,0,0,0,0,0,0
"2024",1,2,4,6,20,60,1,2,2,2,2,2,2,1,2,1,2,0,0,0,0,0,0,0,0,0,0,0,0,0,0,0,0
"2024",0,2,0,7,75,0,0,0,0,0,0,0,0,0,0,0,0,0,0,0,0,0,0,0,0,0,0,0,0,0,0,0,0
"2024",3,2,7,7,36,40,2,1,2,2,2,0,0,0,0,0,0,4,2,2,2,2,2,2,2,1,0,0,0,0,0,0,0
"2024",3,2,3,7,57,25,2,1,2,2,2,0,0,0,0,0,0,4,2,2,2,2,2,2,2,1,0,0,0,0,0,0,0
"2024",1,1,3,1,21,30,1,2,1,2,2,4,2,2,2,1,2,0,0,0,0,0,0,0,0,0,4,2,1,2,2,1,0
"2024",4,2,7,7,33,0,2,2,2,2,2,0,0,0,0,0,0,0,0,0,0,0,0,0,0,0,0,0,0,0,0,0,0
"2024",4,1,3,1,39,0,2,2,2,2,2,0,0,0,0,0,0,0,0,0,0,0,0,0,0,0,0,0,0,0,0,0,0
"2024",3,1,7,1,44,20,2,2,1,2,2,0,0,0,0,0,0,0,0,0,0,0,0,0,0,0,4,2,1,2,2,1,0
"2024",4,1,4,1,58,0,2,2,2,2,2,0,0,0,0,0,0,0,0,0,0,0,0,0,0,0,0,0,0,0,0,0,0
"2024",4,2,4,7,63,0,2,2,2,2,2,0,0,0,0,0,0,0,0,0,0,0,0,0,0,0,0,0,0,0,0,0,0
"2024",3,2,3,7,36,30,2,1,2,2,2,0,0,0,0,0,0,4,2,2,2,1,2,2,2,1,0,0,0,0,0,0,0
"2024",4,2,3,1,44,0,2,2,2,2,2,0,0,0,0,0,0,0,0,0,0,0,0,0,0,0,0,0,0,0,0,0,0
"2024",1,1,4,1,40,15,2,2,1,1,2,0,0,0,0,0,0,0,0,0,0,0,0,0,0,0,3,2,1,1,2,1,0
"2024",1,2,7,6,26,180,1,1,2,2,1,2,2,1,2,2,2,2,2,1,2,1,2,1,1,1,0,0,0,0,0,0,2
"2024",1,2,6,7,49,30,1,2,2,2,1,3,2,2,2,1,2,0,0,0,0,0,0,0,0,0,0,0,0,0,0,0,3
"2024",1,1,8,9,66,60,1,1,1,2,1,4,2,2,2,1,2,4,2,2,1,2,2,1,2,2,3,1,2,2,2,1,3
"2024",1,1,8,1,51,120,1,1,1,2,1,1,2,2,2,1,2,3,2,2,1,1,2,1,2,2,3,1,2,2,2,2,3
"2024",1,1,3,7,61,10,2,2,1,2,2,0,0,0,0,0,0,0,0,0,0,0,0,0,0,0,3,2,1,1,2,1,0
"2024",1,2,5,8,74,60,1,2,2,2,2,3,2,2,2,2,1,0,0,0,0,0,0,0,0,0,0,0,0,0,0,0,0
"2024",1,2,7,8,51,10,2,1,2,2,1,0,0,0,0,0,0,3,2,1,1,1,2,1,1,2,0,0,0,0,0,0,3
"2024",1,2,7,1,54,30,1,1,1,2,2,1,2,2,2,2,1,1,2,2,2,2,2,1,2,2,4,1,1,1,2,1,0
"2024",1,1,8,1,39,60,1,1,2,2,1,4,2,1,2,1,1,1,2,1,2,2,2,1,1,2,0,0,0,0,0,0,1
"2024",1,2,2,9,67,30,2,1,2,2,2,0,0,0,0,0,0,4,2,2,1,2,1,2,2,2,0,0,0,0,0,0,0
"2024",1,2,3,1,43,15,1,2,2,2,1,5,2,2,1,2,2,0,0,0,0,0,0,0,0,0,0,0,0,0,0,0,3
"2024",1,2,6,1,42,60,2,2,2,2,1,0,0,0,0,0,0,0,0,0,0,0,0,0,0,0,0,0,0,0,0,0,3
"2024",0,1,2,8,84,0,0,0,0,0,0,0,0,0,0,0,0,0,0,0,0,0,0,0,0,0,0,0,0,0,0,0,0
"2024",0,2,0,7,80,0,0,0,0,0,0,0,0,0,0,0,0,0,0,0,0,0,0,0,0,0,0,0,0,0,0,0,0
"2024",1,1,2,8,73,10,2,1,2,2,2,0,0,0,0,0,0,4,2,2,2,2,2,2,2,1,0,0,0,0,0,0,0
"2024",4,2,0,7,53,0,2,2,2,2,2,0,0,0,0,0,0,0,0,0,0,0,0,0,0,0,0,0,0,0,0,0,0
"2024",1,2,7,1,35,30,1,2,2,2,1,3,2,2,2,2,1,0,0,0,0,0,0,0,0,0,0,0,0,0,0,0,1
"2024",4,1,3,8,85,0,2,2,2,2,2,0,0,0,0,0,0,0,0,0,0,0,0,0,0,0,0,0,0,0,0,0,0
"2024",3,2,6,1,67,30,2,1,2,2,1,0,0,0,0,0,0,3,2,2,1,1,2,2,2,2,0,0,0,0,0,0,3
"2024",1,2,8,1,32,30,1,2,2,2,2,3,2,2,2,1,2,0,0,0,0,0,0,0,0,0,0,0,0,0,0,0,0
"2024",1,1,9,1,59,90,1,1,1,2,2,1,1,2,2,2,2,1,2,2,2,2,2,1,2,2,3,1,1,1,2,1,0
"2024",1,1,7,8,67,60,1,1,2,2,1,3,2,2,2,1,2,4,2,2,1,2,2,2,2,2,0,0,0,0,0,0,4
"2024",1,1,7,1,36,30,1,2,2,2,1,4,2,2,2,1,1,0,0,0,0,0,0,0,0,0,0,0,0,0,0,0,4
"2024",1,2,7,1,61,30,1,1,2,2,1,5,2,2,1,2,2,3,2,2,1,1,1,1,1,2,0,0,0,0,0,0,3
"2024",1,1,6,8,77,20,1,1,1,2,2,4,2,2,2,1,2,4,1,2,2,2,1,2,2,1,3,1,2,1,1,2,0
"2024",3,2,7,1,37,60,2,1,2,2,1,0,0,0,0,0,0,3,2,2,2,2,2,2,1,2,0,0,0,0,0,0,3
"2024",1,2,8,1,36,30,1,2,1,2,1,3,2,1,1,2,2,0,0,0,0,0,0,0,0,0,3,1,1,2,2,1,1
"2024",2,2,3,1,38,0,2,2,2,2,2,0,0,0,0,0,0,0,0,0,0,0,0,0,0,0,0,0,0,0,0,0,0
"2024",3,2,3,1,28,30,2,2,2,2,1,0,0,0,0,0,0,0,0,0,0,0,0,0,0,0,0,0,0,0,0,0,4
"2024",1,2,2,7,48,60,1,2,2,2,2,5,2,2,1,2,2,0,0,0,0,0,0,0,0,0,0,0,0,0,0,0,0
"2024",0,2,0,7,89,0,0,0,0,0,0,0,0,0,0,0,0,0,0,0,0,0,0,0,0,0,0,0,0,0,0,0,0
"2024",1,2,4,1,36,40,2,1,2,2,2,0,0,0,0,0,0,3,2,1,2,1,2,2,2,2,0,0,0,0,0,0,0
"2024",4,2,3,1,46,0,2,2,2,2,2,0,0,0,0,0,0,0,0,0,0,0,0,0,0,0,0,0,0,0,0,0,0
"2024",1,2,4,7,41,10,2,2,2,2,1,0,0,0,0,0,0,0,0,0,0,0,0,0,0,0,0,0,0,0,0,0,4
"2024",4,2,4,7,50,0,2,2,2,2,2,0,0,0,0,0,0,0,0,0,0,0,0,0,0,0,0,0,0,0,0,0,0
"2024",1,2,7,7,40,15,1,1,2,2,1,4,2,2,2,1,2,3,2,2,1,2,2,1,2,2,0,0,0,0,0,0,4
"2024",1,2,7,7,30,60,1,2,2,2,1,4,2,2,1,1,2,0,0,0,0,0,0,0,0,0,0,0,0,0,0,0,3
"2024",1,1,3,1,45,60,1,2,2,2,2,3,2,2,1,2,2,0,0,0,0,0,0,0,0,0,0,0,0,0,0,0,0
"2024",2,1,3,7,79,0,2,2,2,2,2,0,0,0,0,0,0,0,0,0,0,0,0,0,0,0,0,0,0,0,0,0,0
"2024",3,1,3,1,35,10,2,2,2,1,1,0,0,0,0,0,0,0,0,0,0,0,0,0,0,0,0,0,0,0,0,0,4
"2024",1,1,3,1,60,30,2,1,2,2,2,0,0,0,0,0,0,3,1,2,2,1,2,1,2,2,0,0,0,0,0,0,0
"2024",1,2,7,1,29,30,1,1,1,2,1,1,2,1,2,2,1,1,2,1,2,2,2,2,1,2,3,1,2,1,1,1,3
"2024",1,2,4,8,78,60,1,1,1,2,2,3,2,2,2,1,1,4,2,2,1,1,1,2,2,1,3,1,2,1,2,1,0
"2024",1,1,7,1,67,180,1,1,1,2,1,3,2,2,2,1,1,3,2,1,2,1,2,1,1,2,3,1,2,2,2,1,3
"2024",1,2,7,8,76,40,1,1,2,2,2,4,2,2,1,1,2,4,2,2,2,1,1,2,1,2,0,0,0,0,0,0,0
"2024",1,2,4,7,42,60,1,2,2,2,1,3,2,2,2,1,2,0,0,0,0,0,0,0,0,0,0,0,0,0,0,0,3
"2024",4,1,7,8,65,0,2,2,2,2,2,0,0,0,0,0,0,0,0,0,0,0,0,0,0,0,0,0,0,0,0,0,0
"2024",4,1,4,1,53,0,2,2,2,2,2,0,0,0,0,0,0,0,0,0,0,0,0,0,0,0,0,0,0,0,0,0,0
"2024",1,1,3,1,33,25,1,2,2,2,2,3,2,1,2,2,2,0,0,0,0,0,0,0,0,0,0,0,0,0,0,0,0
"2024",0,2,3,1,27,0,0,0,0,0,0,0,0,0,0,0,0,0,0,0,0,0,0,0,0,0,0,0,0,0,0,0,0
"2024",4,1,2,1,40,0,2,2,2,2,2,0,0,0,0,0,0,0,0,0,0,0,0,0,0,0,0,0,0,0,0,0,0
"2024",4,1,4,1,24,0,2,2,2,2,2,0,0,0,0,0,0,0,0,0,0,0,0,0,0,0,0,0,0,0,0,0,0
"2024",0,2,0,7,71,0,0,0,0,0,0,0,0,0,0,0,0,0,0,0,0,0,0,0,0,0,0,0,0,0,0,0,0
"2024",3,2,2,1,38,25,2,2,2,2,1,0,0,0,0,0,0,0,0,0,0,0,0,0,0,0,0,0,0,0,0,0,4
"2024",3,2,4,7,51,20,2,1,2,2,2,0,0,0,0,0,0,4,2,2,2,2,2,2,2,1,0,0,0,0,0,0,0
"2024",1,1,6,1,33,20,1,2,2,2,1,3,2,2,1,2,2,0,0,0,0,0,0,0,0,0,0,0,0,0,0,0,3
"2024",1,2,3,1,59,20,1,2,2,2,2,5,2,2,2,1,2,0,0,0,0,0,0,0,0,0,0,0,0,0,0,0,0
"2024",1,1,7,1,23,60,1,2,2,2,2,1,2,1,1,2,2,0,0,0,0,0,0,0,0,0,0,0,0,0,0,0,0
"2024",4,1,2,1,63,0,2,2,2,2,2,0,0,0,0,0,0,0,0,0,0,0,0,0,0,0,0,0,0,0,0,0,0
"2024",1,1,4,1,53,60,1,1,1,2,2,3,2,1,1,1,1,3,1,2,2,1,2,1,1,2,3,1,1,1,1,1,0
"2024",1,2,7,1,34,20,1,1,1,2,1,1,2,1,2,2,2,4,2,2,2,1,2,1,2,1,3,1,1,1,1,1,4
"2024",1,2,3,7,48,40,1,1,2,2,2,3,2,2,2,1,1,4,2,2,1,1,2,2,2,1,0,0,0,0,0,0,0
"2024",4,2,7,1,28,0,2,2,2,2,2,0,0,0,0,0,0,0,0,0,0,0,0,0,0,0,0,0,0,0,0,0,0
"2024",1,1,7,1,47,60,1,2,2,2,2,3,2,2,2,2,1,0,0,0,0,0,0,0,0,0,0,0,0,0,0,0,0
"2024",4,2,7,1,40,0,2,2,2,2,2,0,0,0,0,0,0,0,0,0,0,0,0,0,0,0,0,0,0,0,0,0,0
"2024",3,2,4,1,38,15,2,1,2,2,2,0,0,0,0,0,0,4,2,2,2,2,2,2,2,1,0,0,0,0,0,0,0
"2024",1,2,4,1,41,30,2,2,2,2,1,0,0,0,0,0,0,0,0,0,0,0,0,0,0,0,0,0,0,0,0,0,3
"2024",1,1,7,8,54,15,2,1,1,2,2,0,0,0,0,0,0,3,1,2,2,2,2,2,2,2,3,2,1,2,1,1,0
"2024",4,1,6,7,71,0,2,2,2,2,2,0,0,0,0,0,0,0,0,0,0,0,0,0,0,0,0,0,0,0,0,0,0
"2024",1,2,3,7,26,2,1,2,2,2,1,4,2,2,1,1,2,0,0,0,0,0,0,0,0,0,0,0,0,0,0,0,3
"2024",1,1,3,1,52,30,1,2,2,2,2,3,2,1,2,1,1,0,0,0,0,0,0,0,0,0,0,0,0,0,0,0,0
"2024",4,1,3,1,38,0,2,2,2,2,2,0,0,0,0,0,0,0,0,0,0,0,0,0,0,0,0,0,0,0,0,0,0
"2024",1,2,2,1,65,15,1,1,2,2,2,4,2,2,1,2,2,5,2,2,2,2,1,2,2,2,0,0,0,0,0,0,0
"2024",3,2,2,7,53,60,2,2,2,2,1,0,0,0,0,0,0,0,0,0,0,0,0,0,0,0,0,0,0,0,0,0,3
"2024",4,2,6,1,38,0,2,2,2,2,2,0,0,0,0,0,0,0,0,0,0,0,0,0,0,0,0,0,0,0,0,0,0
"2024",4,2,6,1,50,0,2,2,2,2,2,0,0,0,0,0,0,0,0,0,0,0,0,0,0,0,0,0,0,0,0,0,0
"2024",4,1,3,4,31,0,2,2,2,2,2,0,0,0,0,0,0,0,0,0,0,0,0,0,0,0,0,0,0,0,0,0,0
"2024",1,2,4,1,43,20,2,1,2,1,2,0,0,0,0,0,0,4,2,2,2,2,2,2,1,1,0,0,0,0,0,0,0
"2024",3,2,3,1,56,30,2,2,2,2,1,0,0,0,0,0,0,0,0,0,0,0,0,0,0,0,0,0,0,0,0,0,3
"2024",4,2,4,1,33,0,2,2,2,2,2,0,0,0,0,0,0,0,0,0,0,0,0,0,0,0,0,0,0,0,0,0,0
"2024",4,2,3,1,50,0,2,2,2,2,2,0,0,0,0,0,0,0,0,0,0,0,0,0,0,0,0,0,0,0,0,0,0
"2024",3,2,2,7,62,10,1,2,2,2,2,5,2,2,1,2,2,0,0,0,0,0,0,0,0,0,0,0,0,0,0,0,0
"2024",1,2,2,7,52,30,2,1,2,2,2,0,0,0,0,0,0,4,2,2,1,2,1,2,2,2,0,0,0,0,0,0,0
"2024",3,1,3,8,73,10,2,2,1,2,2,0,0,0,0,0,0,0,0,0,0,0,0,0,0,0,3,1,1,2,2,1,0
"2024",1,2,2,8,85,20,1,1,2,2,2,5,2,2,1,2,2,5,2,2,2,2,1,2,2,2,0,0,0,0,0,0,0
"2024",3,2,7,1,45,60,1,2,2,2,2,1,2,1,2,2,2,0,0,0,0,0,0,0,0,0,0,0,0,0,0,0,0
"2024",4,2,2,7,76,0,2,2,2,2,2,0,0,0,0,0,0,0,0,0,0,0,0,0,0,0,0,0,0,0,0,0,0
"2024",1,1,9,1,54,60,1,2,1,2,1,1,2,1,2,1,2,0,0,0,0,0,0,0,0,0,3,1,1,2,2,1,2
"2024",1,1,7,1,55,30,1,1,1,2,1,3,2,2,2,2,1,4,2,2,2,2,2,2,1,2,3,1,1,2,2,1,3
"2024",4,1,2,8,86,0,2,2,2,2,2,0,0,0,0,0,0,0,0,0,0,0,0,0,0,0,0,0,0,0,0,0,0
"2024",1,1,7,1,44,40,1,2,2,2,1,4,2,2,2,2,1,0,0,0,0,0,0,0,0,0,0,0,0,0,0,0,3
"2024",1,1,7,1,32,30,1,2,2,2,1,4,2,2,1,2,2,0,0,0,0,0,0,0,0,0,0,0,0,0,0,0,1
"2024",3,1,2,1,54,20,1,2,2,2,2,4,2,1,2,2,2,0,0,0,0,0,0,0,0,0,0,0,0,0,0,0,0
"2024",1,1,4,1,50,120,1,2,2,2,1,2,2,2,2,2,1,0,0,0,0,0,0,0,0,0,0,0,0,0,0,0,2
"2024",2,1,4,1,53,0,2,2,2,2,2,0,0,0,0,0,0,0,0,0,0,0,0,0,0,0,0,0,0,0,0,0,0
"2024",1,2,3,1,32,20,2,1,2,2,1,0,0,0,0,0,0,4,2,2,2,2,2,2,2,1,0,0,0,0,0,0,4
"2024",4,2,4,7,52,0,2,2,2,2,2,0,0,0,0,0,0,0,0,0,0,0,0,0,0,0,0,0,0,0,0,0,0
"2024",4,1,4,1,42,0,2,2,2,2,2,0,0,0,0,0,0,0,0,0,0,0,0,0,0,0,0,0,0,0,0,0,0
"2024",4,2,2,1,27,0,2,2,2,2,2,0,0,0,0,0,0,0,0,0,0,0,0,0,0,0,0,0,0,0,0,0,0
"2024",1,1,7,1,28,15,1,2,2,2,1,4,2,2,2,2,1,0,0,0,0,0,0,0,0,0,0,0,0,0,0,0,3
"2024",1,2,7,1,30,15,1,2,1,2,1,4,2,2,1,2,2,0,0,0,0,0,0,0,0,0,4,1,1,2,2,2,1
"2024",1,1,4,1,47,45,1,2,2,2,2,1,1,2,2,2,2,0,0,0,0,0,0,0,0,0,0,0,0,0,0,0,0
"2024",1,2,7,1,30,20,1,2,2,2,2,3,2,2,1,2,2,0,0,0,0,0,0,0,0,0,0,0,0,0,0,0,0
"2024",4,1,3,1,30,0,2,2,2,2,2,0,0,0,0,0,0,0,0,0,0,0,0,0,0,0,0,0,0,0,0,0,0
"2024",4,1,4,1,40,0,2,2,2,2,2,0,0,0,0,0,0,0,0,0,0,0,0,0,0,0,0,0,0,0,0,0,0
"2024",4,1,3,8,76,0,2,2,2,2,2,0,0,0,0,0,0,0,0,0,0,0,0,0,0,0,0,0,0,0,0,0,0
"2024",4,2,6,7,73,0,2,2,2,2,2,0,0,0,0,0,0,0,0,0,0,0,0,0,0,0,0,0,0,0,0,0,0
"2024",4,1,2,1,44,0,2,2,2,2,2,0,0,0,0,0,0,0,0,0,0,0,0,0,0,0,0,0,0,0,0,0,0
"2024",1,2,4,1,32,60,1,2,2,2,1,4,2,2,2,1,1,0,0,0,0,0,0,0,0,0,0,0,0,0,0,0,4
"2024",1,2,2,7,65,15,1,2,1,2,2,5,2,2,1,2,2,0,0,0,0,0,0,0,0,0,4,2,2,2,1,1,0
"2024",1,1,4,1,27,30,1,1,2,2,2,4,2,1,2,2,2,4,2,2,2,2,2,1,2,2,0,0,0,0,0,0,0
"2024",3,2,7,1,42,5,2,1,2,2,2,0,0,0,0,0,0,4,2,2,2,2,2,2,2,1,0,0,0,0,0,0,0
"2024",1,2,6,8,70,30,1,1,2,2,2,5,2,2,1,2,2,5,2,2,2,2,1,2,2,2,0,0,0,0,0,0,0
"2024",4,2,4,8,70,0,2,2,2,2,2,0,0,0,0,0,0,0,0,0,0,0,0,0,0,0,0,0,0,0,0,0,0
"2024",3,2,3,7,24,60,2,2,2,2,1,0,0,0,0,0,0,0,0,0,0,0,0,0,0,0,0,0,0,0,0,0,4
"2024",1,1,2,1,56,30,2,1,2,2,1,0,0,0,0,0,0,1,2,2,1,2,2,2,2,2,0,0,0,0,0,0,1
"2024",1,2,2,8,74,30,2,1,2,2,2,0,0,0,0,0,0,5,2,2,2,2,1,2,2,2,0,0,0,0,0,0,0
"2024",1,1,3,1,52,20,1,2,2,2,2,4,2,2,1,2,2,0,0,0,0,0,0,0,0,0,0,0,0,0,0,0,0
"2024",1,1,4,4,20,40,1,2,2,2,2,3,2,2,1,2,2,0,0,0,0,0,0,0,0,0,0,0,0,0,0,0,0
"2024",1,1,8,1,41,30,1,1,2,2,1,3,2,2,2,2,1,3,2,1,2,1,2,2,2,2,0,0,0,0,0,0,3
"2024",4,2,2,8,65,0,2,2,2,2,2,0,0,0,0,0,0,0,0,0,0,0,0,0,0,0,0,0,0,0,0,0,0
"2024",1,2,2,1,55,60,2,2,2,2,1,0,0,0,0,0,0,0,0,0,0,0,0,0,0,0,0,0,0,0,0,0,3
"2024",4,2,2,7,57,0,2,2,2,2,2,0,0,0,0,0,0,0,0,0,0,0,0,0,0,0,0,0,0,0,0,0,0
"2024",1,2,4,1,29,30,1,2,2,2,2,4,2,2,2,1,2,0,0,0,0,0,0,0,0,0,0,0,0,0,0,0,0
"2024",4,1,4,8,71,0,2,2,2,2,2,0,0,0,0,0,0,0,0,0,0,0,0,0,0,0,0,0,0,0,0,0,0
"2024",1,1,4,1,30,60,1,2,2,2,2,4,2,2,2,2,1,0,0,0,0,0,0,0,0,0,0,0,0,0,0,0,0
"2024",1,2,2,7,81,15,2,1,2,2,2,0,0,0,0,0,0,5,2,2,2,2,1,2,2,2,0,0,0,0,0,0,0
"2024",1,2,7,1,29,25,2,2,2,2,1,0,0,0,0,0,0,0,0,0,0,0,0,0,0,0,0,0,0,0,0,0,3
"2024",1,1,7,1,64,30,1,2,2,2,2,4,2,2,1,2,2,0,0,0,0,0,0,0,0,0,0,0,0,0,0,0,0
"2024",1,1,4,1,26,30,1,2,1,2,1,3,2,2,2,2,1,0,0,0,0,0,0,0,0,0,3,1,1,2,2,2,3
"2024",4,1,4,1,50,0,2,2,2,2,2,0,0,0,0,0,0,0,0,0,0,0,0,0,0,0,0,0,0,0,0,0,0
"2024",1,1,7,1,26,15,1,2,2,2,2,4,1,2,2,2,2,0,0,0,0,0,0,0,0,0,0,0,0,0,0,0,0
"2024",4,1,3,1,57,0,2,2,2,2,2,0,0,0,0,0,0,0,0,0,0,0,0,0,0,0,0,0,0,0,0,0,0
"2024",4,1,7,1,45,0,2,2,2,2,2,0,0,0,0,0,0,0,0,0,0,0,0,0,0,0,0,0,0,0,0,0,0
"2024",1,1,7,1,24,60,1,1,2,2,1,3,2,1,2,2,1,3,2,1,1,2,2,2,2,2,0,0,0,0,0,0,3
"2024",2,2,7,7,59,0,2,2,2,2,2,0,0,0,0,0,0,0,0,0,0,0,0,0,0,0,0,0,0,0,0,0,0
"2024",1,2,7,1,50,40,2,2,2,2,1,0,0,0,0,0,0,0,0,0,0,0,0,0,0,0,0,0,0,0,0,0,3
"2024",1,1,7,1,35,30,1,1,2,2,2,4,1,2,2,1,2,4,2,2,2,2,2,2,2,1,0,0,0,0,0,0,0
"2024",1,2,7,6,23,20,1,1,2,2,1,3,2,2,1,1,1,2,2,1,1,2,2,1,2,1,0,0,0,0,0,0,4
"2024",1,2,2,7,81,40,1,1,2,2,2,3,2,1,1,2,2,3,2,2,1,2,2,2,1,2,0,0,0,0,0,0,0
"2024",1,2,4,7,48,30,1,1,2,2,1,5,2,2,1,2,2,4,2,2,1,2,2,1,2,2,0,0,0,0,0,0,4
"2024",1,1,7,1,25,60,1,1,2,2,1,4,2,1,2,1,1,4,2,2,1,2,2,2,2,1,0,0,0,0,0,0,4
"2024",1,1,7,8,75,30,1,1,2,2,2,4,2,2,2,2,1,4,2,1,1,1,2,2,2,2,0,0,0,0,0,0,0
"2024",3,2,3,7,38,15,2,2,2,2,1,0,0,0,0,0,0,0,0,0,0,0,0,0,0,0,0,0,0,0,0,0,3
"2024",3,2,2,7,61,15,2,1,2,2,2,0,0,0,0,0,0,4,2,2,2,2,1,2,2,2,0,0,0,0,0,0,0
"2024",4,1,4,6,23,0,2,2,2,2,2,0,0,0,0,0,0,0,0,0,0,0,0,0,0,0,0,0,0,0,0,0,0
"2024",4,2,7,6,28,0,2,2,2,2,2,0,0,0,0,0,0,0,0,0,0,0,0,0,0,0,0,0,0,0,0,0,0
"2024",4,1,3,1,37,0,2,2,2,2,2,0,0,0,0,0,0,0,0,0,0,0,0,0,0,0,0,0,0,0,0,0,0
"2024",2,2,3,1,40,0,2,2,2,2,2,0,0,0,0,0,0,0,0,0,0,0,0,0,0,0,0,0,0,0,0,0,0
"2024",4,2,4,7,41,0,2,2,2,2,2,0,0,0,0,0,0,0,0,0,0,0,0,0,0,0,0,0,0,0,0,0,0
"2024",1,2,4,1,29,30,1,2,2,2,1,4,2,2,1,2,1,0,0,0,0,0,0,0,0,0,0,0,0,0,0,0,4
"2024",4,2,7,1,33,0,2,2,2,2,2,0,0,0,0,0,0,0,0,0,0,0,0,0,0,0,0,0,0,0,0,0,0
"2024",4,1,3,1,50,0,2,2,2,2,2,0,0,0,0,0,0,0,0,0,0,0,0,0,0,0,0,0,0,0,0,0,0
"2024",1,1,3,1,30,45,1,2,2,2,2,4,2,2,2,1,2,0,0,0,0,0,0,0,0,0,0,0,0,0,0,0,0
"2024",4,1,4,1,58,0,2,2,2,2,2,0,0,0,0,0,0,0,0,0,0,0,0,0,0,0,0,0,0,0,0,0,0
"2024",1,2,3,1,51,30,1,2,2,2,2,3,2,2,2,1,2,0,0,0,0,0,0,0,0,0,0,0,0,0,0,0,0
"2024",4,2,7,7,61,0,2,2,2,2,2,0,0,0,0,0,0,0,0,0,0,0,0,0,0,0,0,0,0,0,0,0,0
"2024",4,1,2,8,78,0,2,2,2,2,2,0,0,0,0,0,0,0,0,0,0,0,0,0,0,0,0,0,0,0,0,0,0
"2024",4,2,2,7,87,0,2,2,2,2,2,0,0,0,0,0,0,0,0,0,0,0,0,0,0,0,0,0,0,0,0,0,0
"2024",2,2,3,7,38,0,2,2,2,2,2,0,0,0,0,0,0,0,0,0,0,0,0,0,0,0,0,0,0,0,0,0,0
"2024",4,1,4,1,30,0,2,2,2,2,2,0,0,0,0,0,0,0,0,0,0,0,0,0,0,0,0,0,0,0,0,0,0
"2024",1,2,2,8,75,20,1,1,2,2,2,4,2,2,1,2,2,5,2,2,2,2,1,2,2,1,0,0,0,0,0,0,0
"2024",1,1,7,1,26,45,1,2,1,2,1,1,2,1,2,1,2,0,0,0,0,0,0,0,0,0,1,1,2,2,2,2,1
"2024",0,1,4,1,43,0,0,0,0,0,0,0,0,0,0,0,0,0,0,0,0,0,0,0,0,0,0,0,0,0,0,0,0
"2024",1,2,4,1,63,20,2,1,2,2,2,0,0,0,0,0,0,5,2,2,2,2,1,2,2,2,0,0,0,0,0,0,0
"2024",1,1,4,6,20,30,1,2,2,2,1,2,2,1,2,2,2,0,0,0,0,0,0,0,0,0,0,0,0,0,0,0,2
"2024",4,2,2,7,74,0,2,2,2,2,2,0,0,0,0,0,0,0,0,0,0,0,0,0,0,0,0,0,0,0,0,0,0
"2024",4,1,2,10,81,0,2,2,2,2,2,0,0,0,0,0,0,0,0,0,0,0,0,0,0,0,0,0,0,0,0,0,0
"2024",4,1,4,1,45,0,2,2,2,2,2,0,0,0,0,0,0,0,0,0,0,0,0,0,0,0,0,0,0,0,0,0,0
"2024",1,2,6,1,48,90,1,2,2,2,1,3,2,2,1,1,2,0,0,0,0,0,0,0,0,0,0,0,0,0,0,0,1
"2024",1,1,3,1,37,30,1,2,2,2,2,4,2,2,1,2,2,0,0,0,0,0,0,0,0,0,0,0,0,0,0,0,0
"2024",3,2,3,1,36,60,2,2,2,2,1,0,0,0,0,0,0,0,0,0,0,0,0,0,0,0,0,0,0,0,0,0,4
"2024",4,2,4,7,21,0,2,2,2,2,2,0,0,0,0,0,0,0,0,0,0,0,0,0,0,0,0,0,0,0,0,0,0
"2024",4,2,4,7,30,0,2,2,2,2,2,0,0,0,0,0,0,0,0,0,0,0,0,0,0,0,0,0,0,0,0,0,0
"2024",0,2,7,7,65,0,0,0,0,0,0,0,0,0,0,0,0,0,0,0,0,0,0,0,0,0,0,0,0,0,0,0,0
"2024",1,2,4,7,25,60,2,1,2,2,1,0,0,0,0,0,0,3,2,2,1,2,2,2,1,2,0,0,0,0,0,0,4
"2024",4,2,3,7,23,0,2,2,2,2,2,0,0,0,0,0,0,0,0,0,0,0,0,0,0,0,0,0,0,0,0,0,0
"2024",4,1,2,1,51,0,2,2,2,2,2,0,0,0,0,0,0,0,0,0,0,0,0,0,0,0,0,0,0,0,0,0,0
"2024",3,2,3,1,37,90,2,2,2,2,1,0,0,0,0,0,0,0,0,0,0,0,0,0,0,0,0,0,0,0,0,0,4
"2024",1,1,2,8,70,15,1,2,2,2,2,3,2,2,2,1,2,0,0,0,0,0,0,0,0,0,0,0,0,0,0,0,0
"2024",3,2,4,7,37,60,2,2,2,2,1,0,0,0,0,0,0,0,0,0,0,0,0,0,0,0,0,0,0,0,0,0,4
"2024",4,2,6,8,72,0,2,2,2,2,2,0,0,0,0,0,0,0,0,0,0,0,0,0,0,0,0,0,0,0,0,0,0
"2024",4,2,3,1,32,0,2,2,2,2,2,0,0,0,0,0,0,0,0,0,0,0,0,0,0,0,0,0,0,0,0,0,0
"2024",2,2,2,7,64,0,2,2,2,2,2,0,0,0,0,0,0,0,0,0,0,0,0,0,0,0,0,0,0,0,0,0,0
"2024",1,1,3,1,64,20,1,2,2,2,2,5,2,2,2,2,1,0,0,0,0,0,0,0,0,0,0,0,0,0,0,0,0
"2024",4,1,3,1,38,0,2,2,2,2,2,0,0,0,0,0,0,0,0,0,0,0,0,0,0,0,0,0,0,0,0,0,0
"2024",1,1,4,1,32,25,1,2,2,2,1,1,2,1,2,2,2,0,0,0,0,0,0,0,0,0,0,0,0,0,0,0,3
"2024",4,1,2,8,80,0,2,2,2,2,2,0,0,0,0,0,0,0,0,0,0,0,0,0,0,0,0,0,0,0,0,0,0
"2024",4,1,2,8,81,0,2,2,2,2,2,0,0,0,0,0,0,0,0,0,0,0,0,0,0,0,0,0,0,0,0,0,0
"2024",4,1,3,1,30,0,2,2,2,2,2,0,0,0,0,0,0,0,0,0,0,0,0,0,0,0,0,0,0,0,0,0,0
"2024",2,2,3,1,21,0,2,2,2,2,2,0,0,0,0,0,0,0,0,0,0,0,0,0,0,0,0,0,0,0,0,0,0
"2024",1,2,4,1,46,45,1,1,2,2,2,3,2,1,2,2,2,4,2,2,2,1,2,2,2,2,0,0,0,0,0,0,0
"2024",0,2,0,7,73,0,0,0,0,0,0,0,0,0,0,0,0,0,0,0,0,0,0,0,0,0,0,0,0,0,0,0,0
"2024",1,2,7,1,41,35,1,2,2,2,1,4,2,1,2,1,1,0,0,0,0,0,0,0,0,0,0,0,0,0,0,0,3
"2024",4,2,4,7,42,0,2,2,2,2,2,0,0,0,0,0,0,0,0,0,0,0,0,0,0,0,0,0,0,0,0,0,0
"2024",3,1,7,1,65,30,2,1,1,2,1,0,0,0,0,0,0,3,1,1,2,1,1,2,2,1,3,1,1,1,2,1,3
"2024",3,2,4,1,36,15,2,1,2,2,1,0,0,0,0,0,0,4,2,2,2,2,2,2,2,1,0,0,0,0,0,0,3
"2024",1,2,4,6,23,60,1,1,2,2,1,2,2,1,2,1,1,3,2,2,2,2,2,1,1,1,0,0,0,0,0,0,2
"2024",4,2,4,7,32,0,2,2,2,2,2,0,0,0,0,0,0,0,0,0,0,0,0,0,0,0,0,0,0,0,0,0,0
"2024",1,2,3,2,45,40,1,2,2,2,2,5,2,2,1,2,2,0,0,0,0,0,0,0,0,0,0,0,0,0,0,0,0
"2024",1,2,8,1,60,15,1,1,2,2,2,4,2,1,2,2,2,4,2,2,2,2,2,2,2,1,0,0,0,0,0,0,0
"2024",1,2,3,7,61,20,1,2,2,2,2,4,2,2,1,2,2,0,0,0,0,0,0,0,0,0,0,0,0,0,0,0,0
"2024",1,2,2,7,73,20,1,2,2,2,2,3,2,2,1,2,2,0,0,0,0,0,0,0,0,0,0,0,0,0,0,0,0
"2024",3,2,7,1,44,10,2,2,2,2,1,0,0,0,0,0,0,0,0,0,0,0,0,0,0,0,0,0,0,0,0,0,4
"2024",1,2,6,7,65,30,1,2,2,2,2,4,2,2,2,2,1,0,0,0,0,0,0,0,0,0,0,0,0,0,0,0,0
"2024",4,2,6,7,65,0,2,2,2,2,2,0,0,0,0,0,0,0,0,0,0,0,0,0,0,0,0,0,0,0,0,0,0
"2024",4,1,0,1,30,0,2,2,2,2,2,0,0,0,0,0,0,0,0,0,0,0,0,0,0,0,0,0,0,0,0,0,0
"2024",2,2,3,1,47,0,2,2,2,2,2,0,0,0,0,0,0,0,0,0,0,0,0,0,0,0,0,0,0,0,0,0,0
"2024",3,1,4,1,18,10,2,1,2,2,2,0,0,0,0,0,0,4,1,2,2,2,2,2,2,2,0,0,0,0,0,0,0
"2024",1,2,7,1,26,60,1,2,2,2,1,2,2,1,2,2,2,0,0,0,0,0,0,0,0,0,0,0,0,0,0,0,3
"2024",1,1,4,1,31,60,1,2,2,2,1,3,2,2,1,2,2,0,0,0,0,0,0,0,0,0,0,0,0,0,0,0,4
"2024",1,2,4,1,23,45,1,1,2,2,1,1,2,1,1,1,2,3,2,2,2,2,2,2,2,1,0,0,0,0,0,0,1
"2024",1,2,4,7,42,30,1,1,1,2,2,4,2,2,1,2,2,4,2,2,2,2,2,2,1,1,3,1,2,1,2,2,0
"2024",0,2,2,7,37,0,0,0,0,0,0,0,0,0,0,0,0,0,0,0,0,0,0,0,0,0,0,0,0,0,0,0,0
"2024",4,1,3,1,51,0,2,2,2,2,2,0,0,0,0,0,0,0,0,0,0,0,0,0,0,0,0,0,0,0,0,0,0
"2024",4,1,5,10,63,0,2,2,2,2,2,0,0,0,0,0,0,0,0,0,0,0,0,0,0,0,0,0,0,0,0,0,0
"2024",1,1,7,1,27,40,1,2,2,2,1,3,2,2,2,1,1,0,0,0,0,0,0,0,0,0,0,0,0,0,0,0,3
"2024",3,2,3,1,38,10,2,2,2,2,1,0,0,0,0,0,0,0,0,0,0,0,0,0,0,0,0,0,0,0,0,0,3
"2024",1,1,7,1,34,30,1,2,2,2,1,3,2,1,1,2,2,0,0,0,0,0,0,0,0,0,0,0,0,0,0,0,3
"2024",1,2,7,1,60,35,1,2,2,2,1,3,2,1,2,1,2,0,0,0,0,0,0,0,0,0,0,0,0,0,0,0,3
"2024",1,1,3,1,65,25,2,2,2,2,1,0,0,0,0,0,0,0,0,0,0,0,0,0,0,0,0,0,0,0,0,0,3
"2024",1,2,7,7,38,35,1,2,2,2,1,3,2,1,2,2,1,0,0,0,0,0,0,0,0,0,0,0,0,0,0,0,4
"2024",1,1,4,1,26,30,1,2,1,2,1,4,2,2,2,1,1,0,0,0,0,0,0,0,0,0,3,1,1,2,2,1,4
"2024",3,2,3,1,22,20,2,2,2,2,1,0,0,0,0,0,0,0,0,0,0,0,0,0,0,0,0,0,0,0,0,0,4
"2024",1,1,7,1,51,180,1,2,2,2,2,3,2,2,2,1,2,0,0,0,0,0,0,0,0,0,0,0,0,0,0,0,0
"2024",4,1,4,1,28,0,2,2,2,2,2,0,0,0,0,0,0,0,0,0,0,0,0,0,0,0,0,0,0,0,0,0,0
"2024",1,2,7,7,64,35,1,2,2,2,2,3,2,1,2,1,2,0,0,0,0,0,0,0,0,0,0,0,0,0,0,0,0
"2024",1,1,7,1,28,45,1,2,2,2,1,3,2,1,2,1,2,0,0,0,0,0,0,0,0,0,0,0,0,0,0,0,3
"2024",1,2,7,1,51,45,1,2,2,2,1,3,2,1,2,1,2,0,0,0,0,0,0,0,0,0,0,0,0,0,0,0,4
"2024",1,2,7,7,65,20,1,2,2,2,2,4,2,2,1,2,2,0,0,0,0,0,0,0,0,0,0,0,0,0,0,0,0
"2024",4,2,3,1,39,0,2,2,2,2,2,0,0,0,0,0,0,0,0,0,0,0,0,0,0,0,0,0,0,0,0,0,0
"2024",1,2,2,1,64,30,1,2,2,2,2,5,2,2,1,2,2,0,0,0,0,0,0,0,0,0,0,0,0,0,0,0,0
"2024",4,2,2,7,48,0,2,2,2,2,2,0,0,0,0,0,0,0,0,0,0,0,0,0,0,0,0,0,0,0,0,0,0
"2024",1,2,7,6,47,180,1,1,1,2,1,2,2,1,2,1,1,3,2,2,2,2,2,2,1,2,3,1,1,2,1,1,2
"2024",4,2,2,8,79,0,2,2,2,2,2,0,0,0,0,0,0,0,0,0,0,0,0,0,0,0,0,0,0,0,0,0,0
"2024",1,2,6,8,64,20,1,1,2,2,1,4,1,2,1,2,2,5,2,2,2,2,1,2,2,2,0,0,0,0,0,0,4
"2024",3,2,2,8,73,20,2,1,2,2,2,0,0,0,0,0,0,4,2,2,2,2,1,2,1,2,0,0,0,0,0,0,0
"2024",4,2,4,7,66,0,2,2,2,2,2,0,0,0,0,0,0,0,0,0,0,0,0,0,0,0,0,0,0,0,0,0,0
"2024",4,2,0,7,73,0,2,2,2,2,2,0,0,0,0,0,0,0,0,0,0,0,0,0,0,0,0,0,0,0,0,0,0
"2024",4,2,2,7,48,0,2,2,2,2,2,0,0,0,0,0,0,0,0,0,0,0,0,0,0,0,0,0,0,0,0,0,0
"2024",4,2,7,7,38,0,2,2,2,2,2,0,0,0,0,0,0,0,0,0,0,0,0,0,0,0,0,0,0,0,0,0,0
"2024",4,2,7,1,25,0,2,2,2,2,2,0,0,0,0,0,0,0,0,0,0,0,0,0,0,0,0,0,0,0,0,0,0
"2024",4,1,3,1,48,0,2,2,2,2,2,0,0,0,0,0,0,0,0,0,0,0,0,0,0,0,0,0,0,0,0,0,0
"2024",4,1,7,1,38,0,2,2,2,2,2,0,0,0,0,0,0,0,0,0,0,0,0,0,0,0,0,0,0,0,0,0,0
"2024",1,1,7,1,52,60,1,2,2,2,1,3,2,2,1,2,1,0,0,0,0,0,0,0,0,0,0,0,0,0,0,0,3
"2024",1,1,6,1,34,60,1,2,2,2,1,3,2,2,2,1,2,0,0,0,0,0,0,0,0,0,0,0,0,0,0,0,3
"2024",3,2,3,1,56,15,2,1,2,2,2,0,0,0,0,0,0,4,2,2,2,2,1,2,2,1,0,0,0,0,0,0,0
"2024",1,1,4,1,33,60,2,2,2,2,1,0,0,0,0,0,0,0,0,0,0,0,0,0,0,0,0,0,0,0,0,0,1
"2024",4,1,4,1,47,0,2,2,2,2,2,0,0,0,0,0,0,0,0,0,0,0,0,0,0,0,0,0,0,0,0,0,0
"2024",3,2,3,7,29,30,1,2,2,2,2,4,1,2,2,2,2,0,0,0,0,0,0,0,0,0,0,0,0,0,0,0,0
"2024",4,2,3,7,34,0,2,2,2,2,2,0,0,0,0,0,0,0,0,0,0,0,0,0,0,0,0,0,0,0,0,0,0
"2024",1,2,7,1,42,30,1,2,2,2,2,3,2,1,2,2,2,0,0,0,0,0,0,0,0,0,0,0,0,0,0,0,0
"2024",1,2,8,7,65,120,1,2,2,2,1,4,2,2,1,1,1,0,0,0,0,0,0,0,0,0,0,0,0,0,0,0,3
"2024",1,1,7,1,24,60,1,2,2,2,1,3,2,1,2,2,2,0,0,0,0,0,0,0,0,0,0,0,0,0,0,0,3
"2024",1,2,3,7,78,30,2,1,1,2,2,0,0,0,0,0,0,4,2,1,2,2,2,2,1,2,3,1,2,2,2,2,0
"2024",1,1,7,1,35,45,1,2,2,2,1,3,2,1,2,1,1,0,0,0,0,0,0,0,0,0,0,0,0,0,0,0,3
"2024",1,2,6,7,79,60,1,2,2,2,2,4,2,2,2,1,1,0,0,0,0,0,0,0,0,0,0,0,0,0,0,0,0
"2024",1,1,7,1,54,30,1,2,2,2,1,4,2,1,2,1,2,0,0,0,0,0,0,0,0,0,0,0,0,0,0,0,1
"2024",1,1,8,1,62,60,1,2,2,2,2,4,2,2,2,2,1,0,0,0,0,0,0,0,0,0,0,0,0,0,0,0,0
"2024",1,2,4,7,47,20,2,2,2,2,1,0,0,0,0,0,0,0,0,0,0,0,0,0,0,0,0,0,0,0,0,0,3
"2024",1,2,3,7,28,60,1,1,2,2,1,4,2,2,1,2,2,4,2,2,2,2,2,2,2,1,0,0,0,0,0,0,4
"2024",1,2,3,4,29,60,1,2,2,2,1,4,2,2,1,2,2,0,0,0,0,0,0,0,0,0,0,0,0,0,0,0,3
"2024",1,1,4,1,40,30,1,2,2,2,1,3,2,2,2,1,2,0,0,0,0,0,0,0,0,0,0,0,0,0,0,0,4
"2024",2,2,3,7,40,0,2,2,2,2,2,0,0,0,0,0,0,0,0,0,0,0,0,0,0,0,0,0,0,0,0,0,0
"2024",4,2,3,7,26,0,2,2,2,2,2,0,0,0,0,0,0,0,0,0,0,0,0,0,0,0,0,0,0,0,0,0,0
"2024",1,2,4,6,18,30,1,2,2,2,2,2,2,1,2,2,2,0,0,0,0,0,0,0,0,0,0,0,0,0,0,0,0
"2024",3,1,4,1,37,15,2,2,2,2,1,0,0,0,0,0,0,0,0,0,0,0,0,0,0,0,0,0,0,0,0,0,3
"2024",1,1,6,1,59,30,2,2,1,2,2,0,0,0,0,0,0,0,0,0,0,0,0,0,0,0,4,1,1,2,2,2,0
"2024",1,1,7,1,27,60,1,2,1,2,1,4,2,1,2,1,1,0,0,0,0,0,0,0,0,0,3,1,1,2,2,1,3
"2024",1,2,3,7,60,15,1,1,2,2,1,3,2,2,2,2,1,3,1,2,2,2,2,2,1,2,0,0,0,0,0,0,3
"2024",4,2,2,7,77,0,2,2,2,2,2,0,0,0,0,0,0,0,0,0,0,0,0,0,0,0,0,0,0,0,0,0,0
"2024",1,1,7,1,39,120,1,1,1,2,1,3,2,1,2,2,2,3,2,2,2,2,2,1,2,1,3,1,2,1,2,2,3
"2024",1,1,3,8,73,60,1,2,2,2,2,4,2,2,1,2,2,0,0,0,0,0,0,0,0,0,0,0,0,0,0,0,0
"2024",3,1,3,1,21,10,2,1,1,2,2,0,0,0,0,0,0,4,1,2,2,2,2,2,2,2,1,2,1,2,2,2,0
"2024",1,2,4,1,26,120,1,2,2,2,1,1,2,1,1,2,1,0,0,0,0,0,0,0,0,0,0,0,0,0,0,0,1
"2024",4,2,3,7,28,0,2,2,2,2,2,0,0,0,0,0,0,0,0,0,0,0,0,0,0,0,0,0,0,0,0,0,0
"2024",4,2,4,1,42,0,2,2,2,2,2,0,0,0,0,0,0,0,0,0,0,0,0,0,0,0,0,0,0,0,0,0,0
"2024",1,2,4,1,27,30,2,2,2,2,1,0,0,0,0,0,0,0,0,0,0,0,0,0,0,0,0,0,0,0,0,0,4
"2024",3,2,4,7,30,20,2,2,2,2,1,0,0,0,0,0,0,0,0,0,0,0,0,0,0,0,0,0,0,0,0,0,4
"2024",4,2,3,7,31,0,2,2,2,2,2,0,0,0,0,0,0,0,0,0,0,0,0,0,0,0,0,0,0,0,0,0,0
"2024",1,2,4,7,22,20,1,2,2,2,2,4,2,2,1,2,2,0,0,0,0,0,0,0,0,0,0,0,0,0,0,0,0
"2024",1,2,3,7,47,20,1,1,2,2,2,4,2,2,1,2,2,4,2,2,1,2,2,2,2,2,0,0,0,0,0,0,0
"2024",4,2,6,7,49,0,2,2,2,2,2,0,0,0,0,0,0,0,0,0,0,0,0,0,0,0,0,0,0,0,0,0,0
"2024",4,1,4,1,49,0,2,2,2,2,2,0,0,0,0,0,0,0,0,0,0,0,0,0,0,0,0,0,0,0,0,0,0
"2024",4,1,2,8,66,0,2,2,2,2,2,0,0,0,0,0,0,0,0,0,0,0,0,0,0,0,0,0,0,0,0,0,0
"2024",1,2,3,7,72,10,2,1,2,2,2,0,0,0,0,0,0,4,2,2,2,2,2,2,2,1,0,0,0,0,0,0,0
"2024",4,1,2,4,60,0,2,2,2,2,2,0,0,0,0,0,0,0,0,0,0,0,0,0,0,0,0,0,0,0,0,0,0
"2024",4,2,3,7,51,0,2,2,2,2,2,0,0,0,0,0,0,0,0,0,0,0,0,0,0,0,0,0,0,0,0,0,0
"2024",0,2,0,7,73,0,0,0,0,0,0,0,0,0,0,0,0,0,0,0,0,0,0,0,0,0,0,0,0,0,0,0,0
"2024",1,2,2,8,73,30,2,1,2,1,2,0,0,0,0,0,0,4,2,2,1,2,2,2,1,2,0,0,0,0,0,0,0
"2024",1,2,8,1,56,120,1,2,2,2,2,4,2,2,1,2,1,0,0,0,0,0,0,0,0,0,0,0,0,0,0,0,0
"2024",1,2,7,7,53,60,1,2,1,2,1,4,2,2,2,1,2,0,0,0,0,0,0,0,0,0,3,1,2,2,2,2,4
"2024",4,2,7,1,47,0,2,2,2,2,2,0,0,0,0,0,0,0,0,0,0,0,0,0,0,0,0,0,0,0,0,0,0
"2024",4,2,3,7,86,0,2,2,2,2,2,0,0,0,0,0,0,0,0,0,0,0,0,0,0,0,0,0,0,0,0,0,0
"2024",3,2,4,1,28,20,2,2,2,2,1,0,0,0,0,0,0,0,0,0,0,0,0,0,0,0,0,0,0,0,0,0,3
"2024",4,2,4,7,53,0,2,2,2,2,2,0,0,0,0,0,0,0,0,0,0,0,0,0,0,0,0,0,0,0,0,0,0
"2024",4,2,2,7,56,0,2,2,2,2,2,0,0,0,0,0,0,0,0,0,0,0,0,0,0,0,0,0,0,0,0,0,0
"2024",1,2,2,7,47,20,2,1,2,2,1,0,0,0,0,0,0,4,2,2,2,2,2,1,2,1,0,0,0,0,0,0,3
"2024",1,2,7,7,52,30,1,2,2,2,2,4,2,2,1,1,2,0,0,0,0,0,0,0,0,0,0,0,0,0,0,0,0
"2024",1,1,7,1,37,40,1,2,2,2,1,3,2,2,2,1,1,0,0,0,0,0,0,0,0,0,0,0,0,0,0,0,4
"2024",4,2,3,7,49,0,2,2,2,2,2,0,0,0,0,0,0,0,0,0,0,0,0,0,0,0,0,0,0,0,0,0,0
"2024",1,2,4,7,44,20,1,2,2,2,2,4,2,2,1,2,2,0,0,0,0,0,0,0,0,0,0,0,0,0,0,0,0
"2024",1,2,3,7,59,10,2,2,2,2,1,0,0,0,0,0,0,0,0,0,0,0,0,0,0,0,0,0,0,0,0,0,4
"2024",4,1,4,1,18,0,2,2,2,2,2,0,0,0,0,0,0,0,0,0,0,0,0,0,0,0,0,0,0,0,0,0,0
"2024",1,2,6,6,21,60,1,1,2,2,1,2,2,1,2,2,2,4,2,2,2,2,2,1,2,1,0,0,0,0,0,0,3
"2024",4,2,3,8,63,0,2,2,2,2,2,0,0,0,0,0,0,0,0,0,0,0,0,0,0,0,0,0,0,0,0,0,0
"2024",3,2,3,7,38,10,2,2,2,2,1,0,0,0,0,0,0,0,0,0,0,0,0,0,0,0,0,0,0,0,0,0,3
"2024",4,2,4,6,19,0,2,2,2,2,2,0,0,0,0,0,0,0,0,0,0,0,0,0,0,0,0,0,0,0,0,0,0
"2024",1,2,4,7,40,10,1,2,2,2,2,6,2,2,2,1,2,0,0,0,0,0,0,0,0,0,0,0,0,0,0,0,0
"2024",4,2,3,7,42,0,2,2,2,2,2,0,0,0,0,0,0,0,0,0,0,0,0,0,0,0,0,0,0,0,0,0,0
"2024",3,1,7,1,25,30,2,2,2,2,1,0,0,0,0,0,0,0,0,0,0,0,0,0,0,0,0,0,0,0,0,0,4
"2024",1,2,7,6,26,30,1,1,2,2,1,4,2,2,2,1,2,4,2,2,2,2,2,2,2,1,0,0,0,0,0,0,4
"2024",4,1,4,1,21,0,2,2,2,2,2,0,0,0,0,0,0,0,0,0,0,0,0,0,0,0,0,0,0,0,0,0,0
"2024",3,2,6,7,49,15,2,1,2,2,1,0,0,0,0,0,0,4,2,2,2,2,2,2,2,1,0,0,0,0,0,0,3
"2024",1,1,4,1,19,60,1,2,2,2,1,2,2,1,2,2,2,0,0,0,0,0,0,0,0,0,0,0,0,0,0,0,2
"2024",1,2,4,1,27,30,1,2,2,2,1,3,2,2,2,2,1,0,0,0,0,0,0,0,0,0,0,0,0,0,0,0,4
"2024",4,2,3,7,53,0,2,2,2,2,2,0,0,0,0,0,0,0,0,0,0,0,0,0,0,0,0,0,0,0,0,0,0
"2024",1,2,4,1,32,20,2,2,1,2,2,0,0,0,0,0,0,0,0,0,0,0,0,0,0,0,3,2,2,1,1,1,0
"2024",4,2,4,1,41,0,2,2,2,2,2,0,0,0,0,0,0,0,0,0,0,0,0,0,0,0,0,0,0,0,0,0,0
"2024",1,1,7,1,23,40,1,2,2,2,2,4,2,2,2,1,2,0,0,0,0,0,0,0,0,0,0,0,0,0,0,0,0
"2024",3,2,4,1,44,20,2,2,2,2,1,0,0,0,0,0,0,0,0,0,0,0,0,0,0,0,0,0,0,0,0,0,3
"2024",4,2,7,1,69,0,2,2,2,2,2,0,0,0,0,0,0,0,0,0,0,0,0,0,0,0,0,0,0,0,0,0,0
"2024",4,2,2,7,76,0,2,2,2,2,2,0,0,0,0,0,0,0,0,0,0,0,0,0,0,0,0,0,0,0,0,0,0
"2024",1,2,7,1,38,70,1,1,2,2,1,4,2,1,2,1,2,4,2,1,2,1,2,1,1,2,0,0,0,0,0,0,4
"2024",3,2,6,7,68,30,2,2,1,2,2,0,0,0,0,0,0,0,0,0,0,0,0,0,0,0,4,2,2,1,1,2,0
"2024",1,2,4,1,52,30,1,1,2,2,1,3,1,2,1,1,2,4,2,2,1,2,2,2,2,1,0,0,0,0,0,0,3
"2024",1,1,4,1,53,20,1,2,2,2,2,4,2,2,2,1,1,0,0,0,0,0,0,0,0,0,0,0,0,0,0,0,0
"2024",1,2,4,7,25,30,1,2,2,2,2,4,2,2,1,2,1,0,0,0,0,0,0,0,0,0,0,0,0,0,0,0,0
"2024",1,1,7,6,27,30,1,2,2,1,1,4,2,2,1,1,2,0,0,0,0,0,0,0,0,0,0,0,0,0,0,0,3
"2024",3,2,3,7,56,60,2,2,2,2,1,0,0,0,0,0,0,0,0,0,0,0,0,0,0,0,0,0,0,0,0,0,3
"2024",1,2,2,7,69,10,1,1,2,2,2,4,1,2,2,2,2,4,2,2,2,1,2,2,2,2,0,0,0,0,0,0,0
"2024",1,2,3,7,36,30,1,1,2,1,2,4,2,2,2,2,1,4,2,2,2,2,2,2,2,1,0,0,0,0,0,0,0
"2024",3,1,3,1,41,20,1,2,1,2,2,4,2,2,2,1,2,0,0,0,0,0,0,0,0,0,3,1,1,1,2,1,0
"2024",1,2,5,7,72,30,2,2,2,1,2,0,0,0,0,0,0,0,0,0,0,0,0,0,0,0,0,0,0,0,0,0,0
"2024",4,1,3,4,44,0,2,2,2,2,2,0,0,0,0,0,0,0,0,0,0,0,0,0,0,0,0,0,0,0,0,0,0
"2024",4,2,0,7,54,0,2,2,2,2,2,0,0,0,0,0,0,0,0,0,0,0,0,0,0,0,0,0,0,0,0,0,0
"2024",1,1,7,8,79,15,1,1,2,2,1,3,2,2,2,2,1,3,1,2,2,2,2,2,1,2,0,0,0,0,0,0,3
"2024",1,1,7,4,39,40,1,2,2,2,2,3,2,2,2,2,1,0,0,0,0,0,0,0,0,0,0,0,0,0,0,0,0
"2024",4,2,3,1,31,0,2,2,2,2,2,0,0,0,0,0,0,0,0,0,0,0,0,0,0,0,0,0,0,0,0,0,0
"2024",4,1,3,1,36,0,2,2,2,2,2,0,0,0,0,0,0,0,0,0,0,0,0,0,0,0,0,0,0,0,0,0,0
"2024",1,2,6,1,54,30,1,2,2,2,2,5,2,2,1,2,2,0,0,0,0,0,0,0,0,0,0,0,0,0,0,0,0
"2024",1,2,3,7,57,30,1,2,2,2,1,6,2,2,1,2,2,0,0,0,0,0,0,0,0,0,0,0,0,0,0,0,6
"2024",4,2,4,1,29,0,2,2,2,2,2,0,0,0,0,0,0,0,0,0,0,0,0,0,0,0,0,0,0,0,0,0,0
"2024",4,2,4,1,21,0,2,2,2,2,2,0,0,0,0,0,0,0,0,0,0,0,0,0,0,0,0,0,0,0,0,0,0
"2024",1,2,6,1,42,30,1,2,2,2,2,4,2,2,2,1,2,0,0,0,0,0,0,0,0,0,0,0,0,0,0,0,0
"2024",4,2,4,1,39,0,2,2,2,2,2,0,0,0,0,0,0,0,0,0,0,0,0,0,0,0,0,0,0,0,0,0,0
"2024",1,2,3,7,79,60,1,2,2,2,2,5,2,2,1,2,2,0,0,0,0,0,0,0,0,0,0,0,0,0,0,0,0
"2024",1,1,4,1,55,45,1,2,1,2,2,4,2,2,2,1,1,0,0,0,0,0,0,0,0,0,3,1,1,1,2,1,0
"2024",4,1,4,10,54,0,2,2,2,2,2,0,0,0,0,0,0,0,0,0,0,0,0,0,0,0,0,0,0,0,0,0,0
"2024",1,2,7,7,42,90,1,2,2,2,2,3,2,1,2,2,2,0,0,0,0,0,0,0,0,0,0,0,0,0,0,0,0
"2024",4,1,2,8,63,0,2,2,2,2,2,0,0,0,0,0,0,0,0,0,0,0,0,0,0,0,0,0,0,0,0,0,0
"2024",4,2,2,1,74,0,2,2,2,2,2,0,0,0,0,0,0,0,0,0,0,0,0,0,0,0,0,0,0,0,0,0,0
"2024",1,2,3,1,49,30,1,1,2,2,2,4,2,2,2,1,2,4,2,2,1,2,2,2,2,1,0,0,0,0,0,0,0
"2024",4,2,2,1,49,0,2,2,2,2,2,0,0,0,0,0,0,0,0,0,0,0,0,0,0,0,0,0,0,0,0,0,0
"2024",4,2,3,7,58,0,2,2,2,2,2,0,0,0,0,0,0,0,0,0,0,0,0,0,0,0,0,0,0,0,0,0,0
"2024",1,1,3,1,54,30,2,2,1,2,2,0,0,0,0,0,0,0,0,0,0,0,0,0,0,0,3,1,1,2,2,1,0
"2024",0,2,0,7,58,0,0,0,0,0,0,0,0,0,0,0,0,0,0,0,0,0,0,0,0,0,0,0,0,0,0,0,0
"2024",4,2,3,1,42,0,2,2,2,2,2,0,0,0,0,0,0,0,0,0,0,0,0,0,0,0,0,0,0,0,0,0,0
"2024",1,2,4,1,30,50,1,2,2,2,2,4,2,2,2,1,2,0,0,0,0,0,0,0,0,0,0,0,0,0,0,0,0
"2024",4,2,4,1,34,0,2,2,2,2,2,0,0,0,0,0,0,0,0,0,0,0,0,0,0,0,0,0,0,0,0,0,0
"2024",1,1,7,1,32,40,2,2,2,2,1,0,0,0,0,0,0,0,0,0,0,0,0,0,0,0,0,0,0,0,0,0,3
"2024",4,1,2,10,63,0,2,2,2,2,2,0,0,0,0,0,0,0,0,0,0,0,0,0,0,0,0,0,0,0,0,0,0
"2024",4,2,2,1,74,0,2,2,2,2,2,0,0,0,0,0,0,0,0,0,0,0,0,0,0,0,0,0,0,0,0,0,0
"2024",4,1,2,1,61,0,2,2,2,2,2,0,0,0,0,0,0,0,0,0,0,0,0,0,0,0,0,0,0,0,0,0,0
"2024",4,2,3,1,79,0,2,2,2,2,2,0,0,0,0,0,0,0,0,0,0,0,0,0,0,0,0,0,0,0,0,0,0
"2024",4,2,3,7,32,0,2,2,2,2,2,0,0,0,0,0,0,0,0,0,0,0,0,0,0,0,0,0,0,0,0,0,0
"2024",4,1,4,1,51,0,2,2,2,2,2,0,0,0,0,0,0,0,0,0,0,0,0,0,0,0,0,0,0,0,0,0,0
"2024",4,1,3,1,29,0,2,2,2,2,2,0,0,0,0,0,0,0,0,0,0,0,0,0,0,0,0,0,0,0,0,0,0
"2024",4,1,2,10,75,0,2,2,2,2,2,0,0,0,0,0,0,0,0,0,0,0,0,0,0,0,0,0,0,0,0,0,0
"2024",4,2,4,1,22,0,2,2,2,2,2,0,0,0,0,0,0,0,0,0,0,0,0,0,0,0,0,0,0,0,0,0,0
"2024",1,1,4,1,29,20,1,2,2,2,1,2,2,1,2,2,2,0,0,0,0,0,0,0,0,0,0,0,0,0,0,0,2
"2024",1,2,2,7,74,20,2,1,2,2,2,0,0,0,0,0,0,4,2,2,2,2,2,2,2,1,0,0,0,0,0,0,0
"2024",1,1,4,1,41,15,1,2,2,2,1,1,2,1,2,2,2,0,0,0,0,0,0,0,0,0,0,0,0,0,0,0,3
"2024",4,2,4,7,41,0,2,2,2,2,2,0,0,0,0,0,0,0,0,0,0,0,0,0,0,0,0,0,0,0,0,0,0
"2024",4,2,4,1,46,0,2,2,2,2,2,0,0,0,0,0,0,0,0,0,0,0,0,0,0,0,0,0,0,0,0,0,0
"2024",1,1,7,1,49,30,1,1,1,2,2,1,1,1,2,2,2,1,1,2,2,2,1,2,2,2,1,1,1,2,2,2,0
"2024",4,2,4,10,65,0,2,2,2,2,2,0,0,0,0,0,0,0,0,0,0,0,0,0,0,0,0,0,0,0,0,0,0
"2024",4,2,2,1,64,0,2,2,2,2,2,0,0,0,0,0,0,0,0,0,0,0,0,0,0,0,0,0,0,0,0,0,0
"2024",1,2,7,1,32,30,1,2,2,2,1,3,2,2,2,1,2,0,0,0,0,0,0,0,0,0,0,0,0,0,0,0,3
"2024",1,2,3,1,39,30,2,1,2,2,1,0,0,0,0,0,0,4,2,2,2,2,2,2,2,1,0,0,0,0,0,0,3
"2024",4,2,3,1,52,0,2,2,2,2,2,0,0,0,0,0,0,0,0,0,0,0,0,0,0,0,0,0,0,0,0,0,0
"2024",4,2,4,1,35,0,2,2,2,2,2,0,0,0,0,0,0,0,0,0,0,0,0,0,0,0,0,0,0,0,0,0,0
"2024",1,2,9,1,42,30,1,2,2,2,1,1,2,1,2,2,2,0,0,0,0,0,0,0,0,0,0,0,0,0,0,0,1
"2024",4,2,7,7,60,0,2,2,2,2,2,0,0,0,0,0,0,0,0,0,0,0,0,0,0,0,0,0,0,0,0,0,0
"2024",4,1,3,8,74,0,2,2,2,2,2,0,0,0,0,0,0,0,0,0,0,0,0,0,0,0,0,0,0,0,0,0,0
"2024",4,1,2,8,70,0,2,2,2,2,2,0,0,0,0,0,0,0,0,0,0,0,0,0,0,0,0,0,0,0,0,0,0
"2024",4,2,2,7,37,0,2,2,2,2,2,0,0,0,0,0,0,0,0,0,0,0,0,0,0,0,0,0,0,0,0,0,0
"2024",4,1,3,1,28,0,2,2,2,2,2,0,0,0,0,0,0,0,0,0,0,0,0,0,0,0,0,0,0,0,0,0,0
"2024",4,1,2,1,58,0,2,2,2,2,2,0,0,0,0,0,0,0,0,0,0,0,0,0,0,0,0,0,0,0,0,0,0
"2024",4,1,3,1,43,0,2,2,2,2,2,0,0,0,0,0,0,0,0,0,0,0,0,0,0,0,0,0,0,0,0,0,0
"2024",4,1,2,8,78,0,2,2,2,2,2,0,0,0,0,0,0,0,0,0,0,0,0,0,0,0,0,0,0,0,0,0,0
"2024",4,1,3,1,38,0,2,2,2,2,2,0,0,0,0,0,0,0,0,0,0,0,0,0,0,0,0,0,0,0,0,0,0
"2024",4,1,2,7,83,0,2,2,2,2,2,0,0,0,0,0,0,0,0,0,0,0,0,0,0,0,0,0,0,0,0,0,0
"2024",4,2,2,7,65,0,2,2,2,2,2,0,0,0,0,0,0,0,0,0,0,0,0,0,0,0,0,0,0,0,0,0,0
"2024",1,1,7,1,41,120,1,2,2,2,1,1,2,1,2,2,2,0,0,0,0,0,0,0,0,0,0,0,0,0,0,0,1
"2024",1,1,6,8,59,45,1,2,1,2,2,3,2,2,2,2,1,0,0,0,0,0,0,0,0,0,4,1,1,2,2,1,0
"2024",1,1,7,1,47,60,1,2,2,2,1,4,2,2,2,1,1,0,0,0,0,0,0,0,0,0,0,0,0,0,0,0,3
"2024",1,1,7,8,66,120,1,2,1,2,2,4,2,2,2,1,2,0,0,0,0,0,0,0,0,0,4,1,1,2,2,1,0
"2024",1,1,7,1,73,120,1,2,1,2,1,3,2,1,2,2,2,0,0,0,0,0,0,0,0,0,3,1,1,2,2,1,1
"2024",1,1,9,1,58,120,1,2,2,2,1,1,2,1,2,2,2,0,0,0,0,0,0,0,0,0,0,0,0,0,0,0,1
"2024",1,1,4,6,19,120,1,2,2,2,1,2,2,1,2,2,2,0,0,0,0,0,0,0,0,0,0,0,0,0,0,0,2
"2024",1,2,7,1,37,60,1,2,2,2,1,3,2,2,1,1,2,0,0,0,0,0,0,0,0,0,0,0,0,0,0,0,4
"2024",4,1,3,1,19,0,2,2,2,2,2,0,0,0,0,0,0,0,0,0,0,0,0,0,0,0,0,0,0,0,0,0,0
"2024",4,2,0,1,65,0,2,2,2,2,2,0,0,0,0,0,0,0,0,0,0,0,0,0,0,0,0,0,0,0,0,0,0
"2024",4,2,5,8,70,0,2,2,2,2,2,0,0,0,0,0,0,0,0,0,0,0,0,0,0,0,0,0,0,0,0,0,0
"2024",4,2,3,8,76,0,2,2,2,2,2,0,0,0,0,0,0,0,0,0,0,0,0,0,0,0,0,0,0,0,0,0,0
"2024",1,1,8,1,42,120,1,2,2,2,1,1,2,1,2,2,2,0,0,0,0,0,0,0,0,0,0,0,0,0,0,0,1
"2024",2,2,6,1,48,0,2,2,2,2,2,0,0,0,0,0,0,0,0,0,0,0,0,0,0,0,0,0,0,0,0,0,0
"2024",1,1,7,6,22,120,1,2,2,2,1,2,2,1,2,2,2,0,0,0,0,0,0,0,0,0,0,0,0,0,0,0,2
"2024",4,1,3,1,48,0,2,2,2,2,2,0,0,0,0,0,0,0,0,0,0,0,0,0,0,0,0,0,0,0,0,0,0
"2024",4,2,3,1,50,0,2,2,2,2,2,0,0,0,0,0,0,0,0,0,0,0,0,0,0,0,0,0,0,0,0,0,0
"2024",1,1,4,1,36,120,1,1,2,1,2,3,2,2,2,1,2,2,2,2,1,2,2,2,1,2,0,0,0,0,0,0,0
"2024",4,2,7,1,52,0,2,2,2,2,2,0,0,0,0,0,0,0,0,0,0,0,0,0,0,0,0,0,0,0,0,0,0
"2024",1,1,4,1,18,45,1,2,1,2,2,4,2,2,2,1,2,0,0,0,0,0,0,0,0,0,4,1,1,2,2,1,0
"2024",1,2,3,7,45,120,1,1,2,1,2,4,2,2,2,1,2,4,2,2,1,2,2,2,2,1,0,0,0,0,0,0,0
"2024",4,1,7,1,50,0,2,2,2,2,2,0,0,0,0,0,0,0,0,0,0,0,0,0,0,0,0,0,0,0,0,0,0
"2024",1,2,4,7,60,60,2,1,2,2,2,0,0,0,0,0,0,4,2,2,1,2,2,2,2,1,0,0,0,0,0,0,0
"2024",4,2,3,7,74,0,2,2,2,2,2,0,0,0,0,0,0,0,0,0,0,0,0,0,0,0,0,0,0,0,0,0,0
"2024",1,2,7,1,29,90,1,2,2,2,1,1,2,1,2,1,2,0,0,0,0,0,0,0,0,0,0,0,0,0,0,0,1
"2024",1,1,7,1,58,45,1,2,2,2,1,1,2,1,2,2,2,0,0,0,0,0,0,0,0,0,0,0,0,0,0,0,4
"2024",1,1,7,1,49,45,1,2,2,2,1,3,2,2,2,1,2,0,0,0,0,0,0,0,0,0,0,0,0,0,0,0,1
"2024",4,2,6,1,46,0,2,2,2,2,2,0,0,0,0,0,0,0,0,0,0,0,0,0,0,0,0,0,0,0,0,0,0
"2024",1,2,3,7,33,35,1,1,2,2,2,4,2,2,2,1,2,4,2,2,1,1,2,2,2,1,0,0,0,0,0,0,0
"2024",4,1,3,1,36,0,2,2,2,2,2,0,0,0,0,0,0,0,0,0,0,0,0,0,0,0,0,0,0,0,0,0,0
"2024",1,2,7,1,25,120,1,2,2,2,1,1,2,1,2,2,2,0,0,0,0,0,0,0,0,0,0,0,0,0,0,0,1
"2024",0,2,0,7,59,0,0,0,0,0,0,0,0,0,0,0,0,0,0,0,0,0,0,0,0,0,0,0,0,0,0,0,0
"2024",1,1,7,1,71,30,1,2,2,2,2,3,2,2,2,2,1,0,0,0,0,0,0,0,0,0,0,0,0,0,0,0,0
"2024",1,1,7,1,58,30,1,2,2,2,1,4,2,2,2,1,2,0,0,0,0,0,0,0,0,0,0,0,0,0,0,0,3
"2024",1,2,7,6,23,45,2,1,2,2,1,0,0,0,0,0,0,4,2,2,2,2,2,2,1,2,0,0,0,0,0,0,4
"2024",1,1,3,1,27,30,1,2,2,2,1,1,1,2,2,2,2,0,0,0,0,0,0,0,0,0,0,0,0,0,0,0,4
"2024",1,1,3,1,47,60,2,2,1,2,1,0,0,0,0,0,0,0,0,0,0,0,0,0,0,0,4,1,1,1,2,1,3
"2024",1,2,0,1,69,30,1,2,2,2,2,5,2,2,1,2,2,0,0,0,0,0,0,0,0,0,0,0,0,0,0,0,0
"2024",4,1,7,1,65,0,2,2,2,2,2,0,0,0,0,0,0,0,0,0,0,0,0,0,0,0,0,0,0,0,0,0,0
"2024",1,1,7,1,32,30,1,2,1,2,2,1,2,2,2,2,1,0,0,0,0,0,0,0,0,0,4,2,1,2,2,1,0
"2024",4,1,2,1,35,0,2,2,2,2,2,0,0,0,0,0,0,0,0,0,0,0,0,0,0,0,0,0,0,0,0,0,0
"2024",1,1,7,1,62,30,2,1,2,2,2,0,0,0,0,0,0,1,2,1,2,2,2,1,2,2,0,0,0,0,0,0,0
"2024",1,1,7,1,41,90,1,2,2,2,1,4,2,2,2,2,1,0,0,0,0,0,0,0,0,0,0,0,0,0,0,0,4
"2024",1,2,7,7,47,30,1,1,2,2,2,4,2,2,2,2,1,4,2,1,2,2,2,2,2,2,0,0,0,0,0,0,0
"2024",4,1,3,1,37,0,2,2,2,2,2,0,0,0,0,0,0,0,0,0,0,0,0,0,0,0,0,0,0,0,0,0,0
"2024",2,2,2,7,84,0,2,2,2,2,2,0,0,0,0,0,0,0,0,0,0,0,0,0,0,0,0,0,0,0,0,0,0
"2024",3,2,7,1,42,30,2,2,2,2,1,0,0,0,0,0,0,0,0,0,0,0,0,0,0,0,0,0,0,0,0,0,1
"2024",4,2,2,1,70,0,2,2,2,2,2,0,0,0,0,0,0,0,0,0,0,0,0,0,0,0,0,0,0,0,0,0,0
"2024",1,2,7,1,37,120,1,2,2,2,2,1,1,2,2,2,2,0,0,0,0,0,0,0,0,0,0,0,0,0,0,0,0
"2024",1,2,2,7,55,10,2,2,2,2,1,0,0,0,0,0,0,0,0,0,0,0,0,0,0,0,0,0,0,0,0,0,5
"2024",4,1,3,1,21,0,2,2,2,2,2,0,0,0,0,0,0,0,0,0,0,0,0,0,0,0,0,0,0,0,0,0,0
"2024",1,2,7,1,33,30,2,2,2,2,1,0,0,0,0,0,0,0,0,0,0,0,0,0,0,0,0,0,0,0,0,0,4
"2024",4,1,4,1,66,0,2,2,2,2,2,0,0,0,0,0,0,0,0,0,0,0,0,0,0,0,0,0,0,0,0,0,0
"2024",1,2,7,1,41,60,1,2,2,2,2,4,2,2,2,1,2,0,0,0,0,0,0,0,0,0,0,0,0,0,0,0,0
"2024",4,2,7,7,37,0,2,2,2,2,2,0,0,0,0,0,0,0,0,0,0,0,0,0,0,0,0,0,0,0,0,0,0
"2024",1,2,7,4,23,180,1,2,2,2,1,4,2,2,2,1,2,0,0,0,0,0,0,0,0,0,0,0,0,0,0,0,4
"2024",1,2,8,1,41,15,1,1,1,2,2,4,2,2,2,2,1,3,2,2,2,1,2,2,2,2,4,1,1,1,1,1,0
"2024",2,2,4,7,39,0,2,2,2,2,2,0,0,0,0,0,0,0,0,0,0,0,0,0,0,0,0,0,0,0,0,0,0
"2024",4,1,3,4,53,0,2,2,2,2,2,0,0,0,0,0,0,0,0,0,0,0,0,0,0,0,0,0,0,0,0,0,0
"2024",1,2,7,1,33,60,1,2,2,2,2,1,1,2,2,2,2,0,0,0,0,0,0,0,0,0,0,0,0,0,0,0,0
"2024",4,1,6,9,70,0,2,2,2,2,2,0,0,0,0,0,0,0,0,0,0,0,0,0,0,0,0,0,0,0,0,0,0
"2024",1,2,3,1,56,30,1,2,2,2,1,2,2,2,2,2,1,0,0,0,0,0,0,0,0,0,0,0,0,0,0,0,5
"2024",1,2,3,4,33,20,2,1,1,1,2,0,0,0,0,0,0,4,2,2,2,2,2,2,1,2,4,1,1,1,1,1,0
"2024",4,2,2,2,57,0,2,2,2,2,2,0,0,0,0,0,0,0,0,0,0,0,0,0,0,0,0,0,0,0,0,0,0
"2024",4,1,3,1,69,0,2,2,2,2,2,0,0,0,0,0,0,0,0,0,0,0,0,0,0,0,0,0,0,0,0,0,0
"2024",1,2,7,1,45,60,1,2,2,2,1,4,2,2,2,1,1,0,0,0,0,0,0,0,0,0,0,0,0,0,0,0,1
"2024",3,1,4,1,33,15,2,2,2,2,1,0,0,0,0,0,0,0,0,0,0,0,0,0,0,0,0,0,0,0,0,0,3
"2024",0,2,0,7,72,0,0,0,0,0,0,0,0,0,0,0,0,0,0,0,0,0,0,0,0,0,0,0,0,0,0,0,0
"2024",0,2,2,7,57,0,0,0,0,0,0,0,0,0,0,0,0,0,0,0,0,0,0,0,0,0,0,0,0,0,0,0,0
"2024",1,2,7,6,21,60,1,2,1,2,1,2,2,1,2,2,1,0,0,0,0,0,0,0,0,0,2,1,2,2,1,2,2
"2024",2,2,3,2,46,0,2,2,2,2,2,0,0,0,0,0,0,0,0,0,0,0,0,0,0,0,0,0,0,0,0,0,0
"2024",1,1,3,1,38,5,2,2,2,2,1,0,0,0,0,0,0,0,0,0,0,0,0,0,0,0,0,0,0,0,0,0,3
"2024",0,1,0,1,69,0,0,0,0,0,0,0,0,0,0,0,0,0,0,0,0,0,0,0,0,0,0,0,0,0,0,0,0
"2024",1,1,3,1,36,30,1,1,1,2,1,3,2,1,2,2,2,4,2,2,2,2,2,1,2,2,3,1,1,2,2,1,3
"2024",2,2,6,7,50,0,2,2,2,2,2,0,0,0,0,0,0,0,0,0,0,0,0,0,0,0,0,0,0,0,0,0,0
"2024",1,1,7,1,53,15,2,1,1,2,2,0,0,0,0,0,0,4,1,2,2,2,2,2,2,2,4,1,1,1,1,1,0
"2024",1,1,7,4,44,30,1,1,2,2,1,3,2,2,1,2,2,2,2,2,1,2,2,1,2,2,0,0,0,0,0,0,3
"2024",1,1,2,8,68,30,1,2,2,2,1,4,2,2,2,2,1,0,0,0,0,0,0,0,0,0,0,0,0,0,0,0,4
"2024",1,2,7,1,47,60,1,2,2,2,2,4,2,2,2,1,2,0,0,0,0,0,0,0,0,0,0,0,0,0,0,0,0
"2024",1,2,7,6,20,40,1,1,2,2,1,4,2,2,2,1,2,4,2,2,1,2,2,2,2,2,0,0,0,0,0,0,3
"2024",1,2,6,1,54,30,2,1,2,2,1,0,0,0,0,0,0,1,2,2,2,1,2,2,2,2,0,0,0,0,0,0,1
"2024",1,1,7,1,26,60,2,1,2,2,1,0,0,0,0,0,0,4,2,2,2,2,2,2,1,2,0,0,0,0,0,0,2
"2024",1,1,7,1,64,60,1,2,2,2,2,6,2,2,1,2,2,0,0,0,0,0,0,0,0,0,0,0,0,0,0,0,0
"2024",1,1,2,1,64,30,2,1,2,2,2,0,0,0,0,0,0,5,2,2,2,2,1,2,2,2,0,0,0,0,0,0,0
"2024",1,2,6,1,60,60,2,2,2,2,1,0,0,0,0,0,0,0,0,0,0,0,0,0,0,0,0,0,0,0,0,0,3
"2024",3,2,2,7,80,10,2,2,1,2,2,0,0,0,0,0,0,0,0,0,0,0,0,0,0,0,4,2,2,2,2,1,0
"2024",1,2,3,7,44,15,2,1,2,2,2,0,0,0,0,0,0,4,2,2,2,2,2,1,2,2,0,0,0,0,0,0,0
"2024",1,2,7,8,76,30,1,2,2,2,2,4,2,2,2,1,1,0,0,0,0,0,0,0,0,0,0,0,0,0,0,0,0
"2024",1,2,3,1,47,30,2,1,2,2,1,0,0,0,0,0,0,5,2,2,2,2,1,2,2,2,0,0,0,0,0,0,3
"2024",1,2,7,1,24,30,1,2,2,2,2,3,2,2,2,2,1,0,0,0,0,0,0,0,0,0,0,0,0,0,0,0,0
"2024",4,2,3,7,54,0,2,2,2,2,2,0,0,0,0,0,0,0,0,0,0,0,0,0,0,0,0,0,0,0,0,0,0
"2024",4,1,4,1,30,0,2,2,2,2,2,0,0,0,0,0,0,0,0,0,0,0,0,0,0,0,0,0,0,0,0,0,0
"2024",1,1,7,1,39,40,1,1,1,2,1,3,2,1,2,2,2,3,1,2,2,2,2,2,2,2,4,1,1,2,2,1,3
"2024",1,1,2,1,51,40,1,1,1,2,2,4,2,2,1,2,2,3,2,1,2,1,2,2,2,1,4,1,1,1,1,2,0
"2024",4,2,4,1,61,0,2,2,2,2,2,0,0,0,0,0,0,0,0,0,0,0,0,0,0,0,0,0,0,0,0,0,0
"2024",4,1,2,1,39,0,2,2,2,2,2,0,0,0,0,0,0,0,0,0,0,0,0,0,0,0,0,0,0,0,0,0,0
"2024",1,2,3,7,46,10,1,1,1,2,1,4,2,2,2,2,1,3,2,2,1,2,2,2,2,2,3,2,2,2,2,1,3
"2024",1,2,4,1,31,30,1,2,2,2,2,1,2,1,2,2,2,0,0,0,0,0,0,0,0,0,0,0,0,0,0,0,0
"2024",4,2,2,7,74,0,2,2,2,2,2,0,0,0,0,0,0,0,0,0,0,0,0,0,0,0,0,0,0,0,0,0,0
"2024",1,1,3,1,37,30,1,1,2,2,1,3,2,2,1,2,2,3,2,2,2,2,1,2,1,2,0,0,0,0,0,0,3
"2024",1,1,4,3,36,20,2,1,1,2,1,0,0,0,0,0,0,3,2,1,2,2,2,2,1,2,3,1,2,2,1,2,3
"2024",3,2,7,1,25,10,2,1,2,2,1,0,0,0,0,0,0,3,2,2,2,1,2,2,2,2,0,0,0,0,0,0,3
"2024",3,1,4,1,46,2,2,2,2,2,1,0,0,0,0,0,0,0,0,0,0,0,0,0,0,0,0,0,0,0,0,0,4
"2024",3,1,4,1,48,30,2,1,2,2,1,0,0,0,0,0,0,4,1,2,2,2,2,2,2,2,0,0,0,0,0,0,4
"2024",1,1,8,1,55,60,1,1,2,2,1,3,2,2,2,2,1,1,2,2,2,1,2,2,2,2,0,0,0,0,0,0,3
"2024",4,1,4,1,18,0,2,2,2,2,2,0,0,0,0,0,0,0,0,0,0,0,0,0,0,0,0,0,0,0,0,0,0
"2024",1,2,4,7,28,30,1,1,1,2,1,4,2,2,2,1,2,4,2,2,2,2,1,2,2,2,4,2,2,2,1,2,4
"2024",1,1,7,1,63,60,1,2,2,2,1,4,2,1,2,2,2,0,0,0,0,0,0,0,0,0,0,0,0,0,0,0,3
"2024",1,2,4,7,23,45,1,1,1,2,1,4,2,2,2,1,2,4,2,2,1,2,2,2,2,2,4,1,2,2,1,2,3
"2024",1,1,7,8,67,60,1,2,2,2,2,4,2,1,2,1,2,0,0,0,0,0,0,0,0,0,0,0,0,0,0,0,0
"2024",4,2,3,1,69,0,2,2,2,2,2,0,0,0,0,0,0,0,0,0,0,0,0,0,0,0,0,0,0,0,0,0,0
"2024",1,1,8,1,36,30,2,1,2,1,1,0,0,0,0,0,0,3,2,2,2,2,2,1,2,2,0,0,0,0,0,0,2
"2024",1,2,2,8,71,30,1,2,2,2,2,4,1,2,2,2,2,0,0,0,0,0,0,0,0,0,0,0,0,0,0,0,0
"2024",1,1,99,1,49,15,2,2,1,2,2,0,0,0,0,0,0,0,0,0,0,0,0,0,0,0,3,2,1,2,2,1,0
"2024",1,1,7,1,38,30,1,2,2,2,1,3,2,1,2,1,2,0,0,0,0,0,0,0,0,0,0,0,0,0,0,0,3
"2024",1,1,7,1,68,60,1,2,2,2,1,3,2,2,2,1,1,0,0,0,0,0,0,0,0,0,0,0,0,0,0,0,3
"2024",4,1,2,8,66,0,2,2,2,2,2,0,0,0,0,0,0,0,0,0,0,0,0,0,0,0,0,0,0,0,0,0,0
"2024",1,2,3,7,46,10,2,1,2,2,2,0,0,0,0,0,0,4,2,2,2,2,2,2,1,2,0,0,0,0,0,0,0
"2024",3,2,7,1,54,15,2,2,2,2,1,0,0,0,0,0,0,0,0,0,0,0,0,0,0,0,0,0,0,0,0,0,3
"2024",3,1,3,1,40,10,2,2,2,2,1,0,0,0,0,0,0,0,0,0,0,0,0,0,0,0,0,0,0,0,0,0,4
"2024",1,2,2,1,53,30,2,1,2,2,2,0,0,0,0,0,0,5,2,2,2,2,1,2,2,2,0,0,0,0,0,0,0
"2024",3,1,4,1,47,5,2,2,2,2,1,0,0,0,0,0,0,0,0,0,0,0,0,0,0,0,0,0,0,0,0,0,3
"2024",1,1,8,1,50,60,1,1,1,2,1,1,2,1,2,2,2,1,2,1,2,2,2,2,2,2,4,1,1,2,2,1,1
"2024",1,2,7,1,63,90,1,2,2,2,1,3,2,2,2,2,1,0,0,0,0,0,0,0,0,0,0,0,0,0,0,0,4
"2024",4,1,7,1,54,0,2,2,2,2,2,0,0,0,0,0,0,0,0,0,0,0,0,0,0,0,0,0,0,0,0,0,0
"2024",1,2,2,1,69,20,1,1,2,2,2,5,2,1,2,2,2,5,2,2,2,2,1,2,2,2,0,0,0,0,0,0,0
"2024",1,2,7,1,52,60,1,2,2,2,1,3,2,2,1,2,2,0,0,0,0,0,0,0,0,0,0,0,0,0,0,0,4
"2024",2,2,3,7,45,0,2,2,2,2,2,0,0,0,0,0,0,0,0,0,0,0,0,0,0,0,0,0,0,0,0,0,0
"2024",1,2,7,1,35,30,1,2,2,2,1,4,2,1,1,1,1,0,0,0,0,0,0,0,0,0,0,0,0,0,0,0,4
"2024",1,2,3,1,24,60,1,2,2,1,2,4,2,2,2,1,2,0,0,0,0,0,0,0,0,0,0,0,0,0,0,0,0
"2024",1,1,4,1,59,10,2,2,2,2,1,0,0,0,0,0,0,0,0,0,0,0,0,0,0,0,0,0,0,0,0,0,3
"2024",3,1,7,1,36,60,2,2,2,2,1,0,0,0,0,0,0,0,0,0,0,0,0,0,0,0,0,0,0,0,0,0,4
"2024",3,2,7,1,34,25,2,2,2,2,1,0,0,0,0,0,0,0,0,0,0,0,0,0,0,0,0,0,0,0,0,0,4
"2024",1,1,7,8,67,20,1,1,2,2,2,3,2,1,1,2,2,4,2,1,2,2,2,2,2,2,0,0,0,0,0,0,0
"2024",4,2,7,1,49,0,2,2,2,2,2,0,0,0,0,0,0,0,0,0,0,0,0,0,0,0,0,0,0,0,0,0,0
"2024",1,2,3,1,35,30,2,1,2,2,1,0,0,0,0,0,0,3,2,1,1,2,2,2,2,2,0,0,0,0,0,0,3
"2024",1,2,4,7,50,30,2,1,2,2,1,0,0,0,0,0,0,3,2,1,2,1,2,2,2,2,0,0,0,0,0,0,3
"2024",1,1,4,1,31,60,1,2,2,1,1,4,2,2,2,1,2,0,0,0,0,0,0,0,0,0,0,0,0,0,0,0,3
"2024",1,1,7,1,30,20,1,2,1,2,1,4,2,2,2,2,1,0,0,0,0,0,0,0,0,0,3,1,2,2,2,1,3
"2024",1,2,7,1,38,5,1,2,2,2,1,4,2,2,2,1,2,0,0,0,0,0,0,0,0,0,0,0,0,0,0,0,1
"2024",1,2,7,1,30,30,1,1,2,1,1,4,2,2,2,1,2,4,2,2,2,2,2,1,2,2,0,0,0,0,0,0,4
"2024",3,2,4,7,22,10,2,2,2,2,1,0,0,0,0,0,0,0,0,0,0,0,0,0,0,0,0,0,0,0,0,0,4
"2024",4,2,3,1,77,0,2,2,2,2,2,0,0,0,0,0,0,0,0,0,0,0,0,0,0,0,0,0,0,0,0,0,0
"2024",3,2,3,1,54,5,2,2,2,2,1,0,0,0,0,0,0,0,0,0,0,0,0,0,0,0,0,0,0,0,0,0,4
"2024",1,2,2,7,56,10,2,2,2,2,1,0,0,0,0,0,0,0,0,0,0,0,0,0,0,0,0,0,0,0,0,0,3
"2024",4,2,2,7,94,0,2,2,2,2,2,0,0,0,0,0,0,0,0,0,0,0,0,0,0,0,0,0,0,0,0,0,0
"2024",1,2,7,7,63,20,1,2,1,2,1,3,2,2,1,2,1,0,0,0,0,0,0,0,0,0,3,1,2,2,2,2,3
"2024",1,1,8,1,56,40,1,1,1,2,1,4,2,2,2,2,1,1,2,2,1,2,2,1,2,2,4,1,1,1,2,1,1
"2024",1,2,6,8,80,30,1,2,2,2,2,5,2,2,1,2,2,0,0,0,0,0,0,0,0,0,0,0,0,0,0,0,0
"2024",3,1,7,8,84,60,1,2,2,2,2,5,2,2,2,2,1,0,0,0,0,0,0,0,0,0,0,0,0,0,0,0,0
"2024",1,2,7,1,54,30,1,1,2,2,2,2,2,2,2,2,1,3,2,1,2,2,2,1,2,2,0,0,0,0,0,0,0
"2024",1,2,4,1,70,45,1,1,1,2,1,3,1,2,2,2,2,4,2,2,2,2,2,2,1,2,4,1,2,1,1,1,4
"2024",1,2,4,1,47,60,1,2,2,2,2,5,2,2,1,2,2,0,0,0,0,0,0,0,0,0,0,0,0,0,0,0,0
"2024",3,1,4,1,23,5,2,2,2,2,1,0,0,0,0,0,0,0,0,0,0,0,0,0,0,0,0,0,0,0,0,0,4
"2024",1,1,4,1,26,30,2,1,2,2,1,0,0,0,0,0,0,1,1,2,2,2,2,2,1,2,0,0,0,0,0,0,4
"2024",2,2,3,7,33,0,2,2,2,2,2,0,0,0,0,0,0,0,0,0,0,0,0,0,0,0,0,0,0,0,0,0,0
"2024",1,2,4,7,50,15,2,1,2,2,1,0,0,0,0,0,0,3,2,2,1,2,2,2,2,2,0,0,0,0,0,0,3
"2024",1,1,7,8,73,60,1,1,2,1,1,1,2,1,2,2,2,1,2,2,2,1,2,2,2,2,0,0,0,0,0,0,1
"2024",1,1,7,1,26,60,1,2,2,2,2,4,2,2,2,1,2,0,0,0,0,0,0,0,0,0,0,0,0,0,0,0,0
"2024",4,1,2,1,62,0,2,2,2,2,2,0,0,0,0,0,0,0,0,0,0,0,0,0,0,0,0,0,0,0,0,0,0
"2024",1,2,6,7,52,60,2,2,2,2,1,0,0,0,0,0,0,0,0,0,0,0,0,0,0,0,0,0,0,0,0,0,3
"2024",3,1,7,1,25,30,2,2,1,2,2,0,0,0,0,0,0,0,0,0,0,0,0,0,0,0,3,1,1,1,2,2,0
"2024",1,1,7,8,70,30,2,1,1,2,1,0,0,0,0,0,0,3,2,2,2,2,2,2,1,2,4,2,1,2,1,1,3
"2024",1,2,6,8,81,60,2,1,2,2,2,0,0,0,0,0,0,4,2,1,2,2,2,2,2,1,0,0,0,0,0,0,0
"2024",3,2,3,7,75,10,2,2,2,2,1,0,0,0,0,0,0,0,0,0,0,0,0,0,0,0,0,0,0,0,0,0,3
"2024",4,1,2,8,66,0,2,2,2,2,2,0,0,0,0,0,0,0,0,0,0,0,0,0,0,0,0,0,0,0,0,0,0
"2024",1,2,2,7,69,20,2,2,1,2,2,0,0,0,0,0,0,0,0,0,0,0,0,0,0,0,6,2,2,2,2,2,0
"2024",1,2,3,1,39,30,2,1,2,2,1,0,0,0,0,0,0,4,2,2,2,2,2,2,1,2,0,0,0,0,0,0,3
"2024",3,1,7,1,51,60,2,1,2,2,2,0,0,0,0,0,0,1,1,2,2,2,2,2,2,2,0,0,0,0,0,0,0
"2024",1,2,3,7,40,30,1,2,1,2,1,4,2,2,1,2,2,0,0,0,0,0,0,0,0,0,3,1,2,1,1,1,4
"2024",1,2,4,6,19,60,1,2,2,1,2,4,2,2,2,1,2,0,0,0,0,0,0,0,0,0,0,0,0,0,0,0,0
"2024",1,2,4,7,37,60,1,2,2,2,2,4,2,2,2,1,1,0,0,0,0,0,0,0,0,0,0,0,0,0,0,0,0
"2024",1,1,2,1,20,10,2,2,1,2,2,0,0,0,0,0,0,0,0,0,0,0,0,0,0,0,4,2,1,2,1,1,0
"2024",3,1,3,1,32,30,2,2,1,2,2,0,0,0,0,0,0,0,0,0,0,0,0,0,0,0,4,2,2,1,2,1,0
"2024",1,2,3,7,22,60,2,2,1,1,1,0,0,0,0,0,0,0,0,0,0,0,0,0,0,0,4,2,1,1,1,1,1
"2024",4,2,3,7,39,0,2,2,2,2,2,0,0,0,0,0,0,0,0,0,0,0,0,0,0,0,0,0,0,0,0,0,0
"2024",1,1,6,1,66,120,1,2,2,2,1,1,2,1,2,2,2,0,0,0,0,0,0,0,0,0,0,0,0,0,0,0,3
"2024",1,2,7,7,49,30,1,2,2,2,1,4,2,2,2,1,2,0,0,0,0,0,0,0,0,0,0,0,0,0,0,0,4
"2024",1,2,7,1,52,20,1,2,2,2,1,4,2,2,1,2,2,0,0,0,0,0,0,0,0,0,0,0,0,0,0,0,2
"2024",1,1,7,1,27,120,1,2,2,2,1,1,2,1,2,2,2,0,0,0,0,0,0,0,0,0,0,0,0,0,0,0,1
"2024",1,1,6,1,48,60,2,1,1,2,2,0,0,0,0,0,0,1,2,2,2,1,2,1,2,2,3,1,1,1,1,2,0
"2024",1,2,2,3,61,30,1,2,2,2,2,4,2,2,2,1,2,0,0,0,0,0,0,0,0,0,0,0,0,0,0,0,0
"2024",1,1,4,1,44,60,2,1,2,2,1,0,0,0,0,0,0,2,2,2,2,2,2,1,2,2,0,0,0,0,0,0,2
"2024",2,2,6,1,42,0,2,2,2,2,2,0,0,0,0,0,0,0,0,0,0,0,0,0,0,0,0,0,0,0,0,0,0
"2024",1,2,3,1,45,10,2,2,1,2,2,0,0,0,0,0,0,0,0,0,0,0,0,0,0,0,3,2,1,1,2,1,0
"2024",3,2,2,3,25,15,2,1,1,2,2,0,0,0,0,0,0,4,2,2,1,2,2,2,2,2,3,2,2,1,1,1,0
"2024",0,2,0,7,70,0,0,0,0,0,0,0,0,0,0,0,0,0,0,0,0,0,0,0,0,0,0,0,0,0,0,0,0
"2024",4,2,2,1,61,0,2,2,2,2,2,0,0,0,0,0,0,0,0,0,0,0,0,0,0,0,0,0,0,0,0,0,0
"2024",2,2,3,1,46,0,2,2,2,2,2,0,0,0,0,0,0,0,0,0,0,0,0,0,0,0,0,0,0,0,0,0,0
"2024",1,2,3,7,33,30,1,2,2,2,2,1,2,1,2,2,2,0,0,0,0,0,0,0,0,0,0,0,0,0,0,0,0
"2024",1,1,8,1,30,60,1,2,1,2,1,2,2,1,2,2,2,0,0,0,0,0,0,0,0,0,4,1,1,1,1,1,4
"2024",1,1,7,4,68,60,1,1,1,2,1,3,2,2,2,1,2,4,2,1,2,2,2,2,2,2,4,1,1,1,1,2,3
"2024",1,2,7,7,45,45,1,2,1,2,1,4,2,1,2,2,2,0,0,0,0,0,0,0,0,0,3,1,2,1,1,1,4
"2024",1,1,8,1,50,90,1,1,1,2,1,3,2,1,2,2,2,4,2,2,1,2,2,2,2,2,3,1,1,1,2,2,3
"2024",1,2,7,8,67,60,1,2,2,2,1,4,2,2,2,1,2,0,0,0,0,0,0,0,0,0,0,0,0,0,0,0,3
"2024",4,2,7,8,87,0,2,2,2,2,2,0,0,0,0,0,0,0,0,0,0,0,0,0,0,0,0,0,0,0,0,0,0
"2024",3,1,7,1,26,60,1,1,2,2,1,4,2,2,2,1,2,4,1,2,2,2,2,2,2,1,0,0,0,0,0,0,4
"2024",1,1,7,8,84,60,2,1,2,2,2,0,0,0,0,0,0,4,2,2,2,1,2,2,1,2,0,0,0,0,0,0,0
"2024",4,1,3,1,57,0,2,2,2,2,2,0,0,0,0,0,0,0,0,0,0,0,0,0,0,0,0,0,0,0,0,0,0
"2024",1,1,3,1,45,60,1,2,2,2,1,4,2,2,2,2,1,0,0,0,0,0,0,0,0,0,0,0,0,0,0,0,3
"2024",1,1,99,1,61,40,1,2,2,2,2,5,2,2,1,2,2,0,0,0,0,0,0,0,0,0,0,0,0,0,0,0,0
"2024",1,2,2,7,49,60,1,1,1,2,2,4,2,2,2,1,2,4,2,2,2,1,2,2,2,2,4,1,2,1,1,1,0
"2024",4,2,6,1,53,0,2,2,2,2,2,0,0,0,0,0,0,0,0,0,0,0,0,0,0,0,0,0,0,0,0,0,0
"2024",1,2,7,1,31,15,1,1,2,2,2,2,2,1,2,2,2,4,2,2,1,2,2,2,2,2,0,0,0,0,0,0,0
"2024",4,1,3,1,50,0,2,2,2,2,2,0,0,0,0,0,0,0,0,0,0,0,0,0,0,0,0,0,0,0,0,0,0
"2024",1,2,9,1,60,60,1,2,2,2,2,1,2,1,2,2,2,0,0,0,0,0,0,0,0,0,0,0,0,0,0,0,0
"2024",1,2,7,6,26,30,1,2,2,2,2,2,2,1,2,2,2,0,0,0,0,0,0,0,0,0,0,0,0,0,0,0,0
"2024",1,2,2,8,61,30,2,1,2,2,2,0,0,0,0,0,0,5,2,2,2,2,1,2,2,2,0,0,0,0,0,0,0
"2024",4,1,3,1,31,0,2,2,2,2,2,0,0,0,0,0,0,0,0,0,0,0,0,0,0,0,0,0,0,0,0,0,0
"2024",1,2,3,1,30,30,1,1,2,2,2,4,2,2,2,2,1,4,2,1,2,2,2,2,2,2,0,0,0,0,0,0,0
"2024",4,2,3,1,35,0,2,2,2,2,2,0,0,0,0,0,0,0,0,0,0,0,0,0,0,0,0,0,0,0,0,0,0
"2024",1,2,7,1,29,30,1,2,2,2,2,4,2,1,2,1,2,0,0,0,0,0,0,0,0,0,0,0,0,0,0,0,0
"2024",1,2,3,7,25,20,2,1,2,2,2,0,0,0,0,0,0,4,2,2,1,2,2,2,2,1,0,0,0,0,0,0,0
"2024",4,1,3,1,57,0,2,2,2,2,2,0,0,0,0,0,0,0,0,0,0,0,0,0,0,0,0,0,0,0,0,0,0
"2024",1,1,4,4,23,20,1,2,2,2,2,4,2,2,2,1,2,0,0,0,0,0,0,0,0,0,0,0,0,0,0,0,0
"2024",1,1,7,1,50,30,1,2,2,2,2,4,2,2,2,2,1,0,0,0,0,0,0,0,0,0,0,0,0,0,0,0,0
"2024",1,1,7,1,40,60,1,2,2,2,2,4,2,2,1,2,2,0,0,0,0,0,0,0,0,0,0,0,0,0,0,0,0
"2024",4,1,6,1,45,0,2,2,2,2,2,0,0,0,0,0,0,0,0,0,0,0,0,0,0,0,0,0,0,0,0,0,0
"2024",1,1,7,8,61,120,1,2,2,2,2,3,2,2,2,2,1,0,0,0,0,0,0,0,0,0,0,0,0,0,0,0,0
"2024",4,1,3,1,52,0,2,2,2,2,2,0,0,0,0,0,0,0,0,0,0,0,0,0,0,0,0,0,0,0,0,0,0
"2024",1,1,3,1,58,30,1,2,2,2,2,4,2,2,1,2,2,0,0,0,0,0,0,0,0,0,0,0,0,0,0,0,0
"2024",1,2,7,8,69,30,1,2,2,2,2,3,2,2,1,2,2,0,0,0,0,0,0,0,0,0,0,0,0,0,0,0,0
"2024",1,1,7,1,35,20,1,2,2,2,1,1,2,1,2,2,2,0,0,0,0,0,0,0,0,0,0,0,0,0,0,0,3
"2024",4,2,2,7,55,0,2,2,2,2,2,0,0,0,0,0,0,0,0,0,0,0,0,0,0,0,0,0,0,0,0,0,0
"2024",1,2,7,1,34,30,2,1,2,1,1,0,0,0,0,0,0,4,2,2,1,1,2,2,2,2,0,0,0,0,0,0,4
"2024",4,1,3,1,27,0,2,2,2,2,2,0,0,0,0,0,0,0,0,0,0,0,0,0,0,0,0,0,0,0,0,0,0
"2024",4,1,3,1,53,0,2,2,2,2,2,0,0,0,0,0,0,0,0,0,0,0,0,0,0,0,0,0,0,0,0,0,0
"2024",4,2,3,1,35,0,2,2,2,2,2,0,0,0,0,0,0,0,0,0,0,0,0,0,0,0,0,0,0,0,0,0,0
"2024",1,1,7,1,36,10,2,2,1,2,1,0,0,0,0,0,0,0,0,0,0,0,0,0,0,0,3,1,1,1,1,1,4
"2024",3,2,6,8,72,20,2,2,2,2,1,0,0,0,0,0,0,0,0,0,0,0,0,0,0,0,0,0,0,0,0,0,4
"2024",4,2,7,1,33,0,2,2,2,2,2,0,0,0,0,0,0,0,0,0,0,0,0,0,0,0,0,0,0,0,0,0,0
"2024",1,2,3,1,28,120,1,2,2,1,1,4,2,2,2,1,1,0,0,0,0,0,0,0,0,0,0,0,0,0,0,0,4
"2024",1,1,7,1,36,30,2,2,1,2,2,0,0,0,0,0,0,0,0,0,0,0,0,0,0,0,3,1,1,2,2,1,0
"2024",3,2,3,7,26,30,2,2,1,2,1,0,0,0,0,0,0,0,0,0,0,0,0,0,0,0,3,2,2,1,2,1,4
"2024",1,1,8,8,68,60,1,1,1,2,1,2,2,1,2,2,2,2,2,2,2,2,2,1,2,2,3,1,1,2,2,1,2
"2024",1,1,3,1,52,45,2,2,1,2,1,0,0,0,0,0,0,0,0,0,0,0,0,0,0,0,4,1,1,2,2,1,4
"2024",1,1,4,1,57,30,1,2,1,2,2,4,2,2,2,1,2,0,0,0,0,0,0,0,0,0,3,1,1,1,2,1,0
"2024",4,1,3,4,30,0,2,2,2,2,2,0,0,0,0,0,0,0,0,0,0,0,0,0,0,0,0,0,0,0,0,0,0
"2024",1,1,7,6,19,90,1,1,2,1,1,4,2,2,1,1,1,2,2,2,1,2,2,1,1,2,0,0,0,0,0,0,3
"2024",1,2,7,7,25,120,1,2,2,1,2,4,2,2,2,1,2,0,0,0,0,0,0,0,0,0,0,0,0,0,0,0,0
"2024",3,2,7,8,65,20,2,2,2,2,1,0,0,0,0,0,0,0,0,0,0,0,0,0,0,0,0,0,0,0,0,0,3
"2024",1,2,7,7,38,20,1,1,2,2,1,3,2,1,2,2,2,4,2,1,2,2,2,2,2,1,0,0,0,0,0,0,4
"2024",1,1,7,1,36,30,1,1,2,2,1,4,2,2,2,1,2,4,2,1,2,2,2,2,1,2,0,0,0,0,0,0,3
"2024",1,2,6,7,54,15,1,1,2,2,1,4,2,2,1,2,2,4,2,2,2,2,2,2,2,1,0,0,0,0,0,0,4
"2024",1,2,4,1,22,60,1,2,2,2,1,4,2,2,2,1,2,0,0,0,0,0,0,0,0,0,0,0,0,0,0,0,4
"2024",1,2,4,1,26,20,2,1,2,2,2,0,0,0,0,0,0,4,2,2,2,1,2,2,2,2,0,0,0,0,0,0,0
"2024",1,2,7,1,21,10,2,1,2,2,1,0,0,0,0,0,0,1,2,1,2,2,2,2,2,2,0,0,0,0,0,0,3
"2024",4,1,3,1,43,0,2,2,2,2,2,0,0,0,0,0,0,0,0,0,0,0,0,0,0,0,0,0,0,0,0,0,0
"2024",4,1,3,1,60,0,2,2,2,2,2,0,0,0,0,0,0,0,0,0,0,0,0,0,0,0,0,0,0,0,0,0,0
"2024",2,2,3,1,37,0,2,2,2,2,2,0,0,0,0,0,0,0,0,0,0,0,0,0,0,0,0,0,0,0,0,0,0
"2024",1,1,3,1,46,60,2,2,2,2,1,0,0,0,0,0,0,0,0,0,0,0,0,0,0,0,0,0,0,0,0,0,1
"2024",1,2,3,7,52,15,1,1,1,2,2,4,2,2,2,2,1,3,2,2,2,1,2,2,2,1,4,2,2,2,1,1,0
"2024",1,1,4,1,22,15,2,1,2,2,1,0,0,0,0,0,0,4,1,2,2,2,2,1,2,2,0,0,0,0,0,0,4
"2024",4,2,2,7,64,0,2,2,2,2,2,0,0,0,0,0,0,0,0,0,0,0,0,0,0,0,0,0,0,0,0,0,0
"2024",1,2,3,2,34,60,1,2,2,2,1,3,2,2,1,2,2,0,0,0,0,0,0,0,0,0,0,0,0,0,0,0,4
"2024",1,2,2,1,57,15,1,2,1,2,1,3,2,2,2,2,1,0,0,0,0,0,0,0,0,0,3,1,2,1,2,1,4
"2024",4,1,2,8,51,0,2,2,2,2,2,0,0,0,0,0,0,0,0,0,0,0,0,0,0,0,0,0,0,0,0,0,0
"2024",3,2,3,7,31,20,1,1,2,1,2,3,2,1,2,2,2,4,2,2,2,2,2,2,2,1,0,0,0,0,0,0,0
"2024",1,2,2,1,60,20,2,1,2,2,1,0,0,0,0,0,0,3,2,2,1,2,2,2,1,2,0,0,0,0,0,0,3
"2024",1,2,3,7,64,30,2,1,1,2,2,0,0,0,0,0,0,5,2,2,2,2,1,2,2,2,3,1,2,2,2,1,0
"2024",1,1,4,1,54,30,2,2,1,2,2,0,0,0,0,0,0,0,0,0,0,0,0,0,0,0,4,1,1,2,2,1,0
"2024",1,1,7,1,21,15,1,1,2,2,1,5,2,2,1,2,2,5,2,2,2,2,1,2,2,2,0,0,0,0,0,0,3
"2024",1,1,8,1,35,60,1,2,2,2,1,3,2,2,1,2,1,0,0,0,0,0,0,0,0,0,0,0,0,0,0,0,3
"2024",1,2,7,1,49,120,1,1,2,2,1,1,2,1,1,2,1,4,2,1,2,2,2,2,2,1,0,0,0,0,0,0,1
"2024",1,2,3,7,44,30,1,2,2,2,2,3,2,1,2,2,2,0,0,0,0,0,0,0,0,0,0,0,0,0,0,0,0
"2024",4,2,4,1,26,0,2,2,2,2,2,0,0,0,0,0,0,0,0,0,0,0,0,0,0,0,0,0,0,0,0,0,0
"2024",4,1,6,1,52,0,2,2,2,2,2,0,0,0,0,0,0,0,0,0,0,0,0,0,0,0,0,0,0,0,0,0,0
"2024",1,2,6,7,74,20,1,2,2,2,1,3,2,2,2,2,1,0,0,0,0,0,0,0,0,0,0,0,0,0,0,0,4
"2024",1,2,4,1,40,60,2,2,1,2,1,0,0,0,0,0,0,0,0,0,0,0,0,0,0,0,4,1,2,1,2,1,4
"2024",1,1,7,1,61,90,1,2,1,2,1,1,2,2,1,2,2,0,0,0,0,0,0,0,0,0,3,1,1,1,1,1,2
"2024",1,1,7,4,24,20,2,1,2,2,1,0,0,0,0,0,0,3,2,2,2,2,2,2,1,2,0,0,0,0,0,0,1
"2024",1,1,7,1,47,60,1,1,1,1,1,4,1,2,2,2,1,4,2,2,2,2,2,2,1,1,4,2,1,1,2,1,4
"2024",3,2,7,7,24,20,2,1,2,2,1,0,0,0,0,0,0,3,2,1,2,2,2,2,2,2,0,0,0,0,0,0,3
"2024",1,1,3,8,75,30,2,2,1,1,2,0,0,0,0,0,0,0,0,0,0,0,0,0,0,0,4,1,1,1,1,1,0
"2024",1,2,2,7,83,25,2,2,1,2,2,0,0,0,0,0,0,0,0,0,0,0,0,0,0,0,4,2,2,1,1,1,0
"2024",2,1,3,1,70,0,2,2,2,2,2,0,0,0,0,0,0,0,0,0,0,0,0,0,0,0,0,0,0,0,0,0,0
"2024",2,1,4,1,46,0,2,2,2,2,2,0,0,0,0,0,0,0,0,0,0,0,0,0,0,0,0,0,0,0,0,0,0
"2024",1,2,7,7,24,20,1,1,2,2,2,2,2,1,2,2,2,4,2,2,2,2,2,2,2,1,0,0,0,0,0,0,0
"2024",3,1,4,1,54,30,2,2,1,2,2,0,0,0,0,0,0,0,0,0,0,0,0,0,0,0,3,1,1,1,1,1,0
"2024",1,1,7,1,37,30,1,2,2,2,1,4,2,2,1,2,2,0,0,0,0,0,0,0,0,0,0,0,0,0,0,0,3
"2024",1,2,2,8,80,30,1,2,2,2,2,5,2,2,1,2,2,0,0,0,0,0,0,0,0,0,0,0,0,0,0,0,0
"2024",1,2,4,7,65,60,1,2,2,2,1,3,2,2,1,2,2,0,0,0,0,0,0,0,0,0,0,0,0,0,0,0,3
"2024",3,2,7,1,50,60,2,1,2,2,2,0,0,0,0,0,0,4,2,1,2,2,2,2,1,1,0,0,0,0,0,0,0
"2024",1,1,7,1,22,30,1,2,2,2,1,2,2,1,2,2,2,0,0,0,0,0,0,0,0,0,0,0,0,0,0,0,1
"2024",1,2,6,1,57,60,2,1,1,2,1,0,0,0,0,0,0,1,2,2,2,2,2,1,2,2,3,2,1,1,1,1,4
"2024",1,1,6,8,68,20,2,1,2,1,2,0,0,0,0,0,0,4,2,2,2,2,2,2,2,1,0,0,0,0,0,0,0
"2024",1,1,6,1,20,20,1,1,2,2,1,4,2,2,1,2,2,4,1,2,2,2,2,2,2,2,0,0,0,0,0,0,2
"2024",1,2,3,7,35,60,1,2,2,2,2,4,2,2,2,2,1,0,0,0,0,0,0,0,0,0,0,0,0,0,0,0,0
"2024",1,1,2,1,52,30,2,2,1,2,2,0,0,0,0,0,0,0,0,0,0,0,0,0,0,0,4,1,1,2,2,1,0
"2024",1,2,5,8,69,90,1,2,2,2,2,3,2,2,1,2,2,0,0,0,0,0,0,0,0,0,0,0,0,0,0,0,0
"2024",4,1,2,1,48,0,2,2,2,2,2,0,0,0,0,0,0,0,0,0,0,0,0,0,0,0,0,0,0,0,0,0,0
"2024",3,1,5,1,43,30,2,2,2,2,1,0,0,0,0,0,0,0,0,0,0,0,0,0,0,0,0,0,0,0,0,0,4
"2024",1,2,6,7,51,120,1,2,2,2,1,4,2,2,1,2,2,0,0,0,0,0,0,0,0,0,0,0,0,0,0,0,3
"2024",1,1,7,1,21,60,1,1,2,2,1,4,2,2,2,1,2,3,2,2,2,2,2,2,2,1,0,0,0,0,0,0,3
"2024",1,2,3,7,67,30,2,1,1,2,2,0,0,0,0,0,0,4,2,2,1,1,2,2,2,2,3,2,1,1,2,2,0
"2024",1,2,3,1,47,30,1,1,2,2,1,5,2,2,1,2,2,5,2,2,1,2,2,2,2,2,0,0,0,0,0,0,2
"2024",4,2,2,7,69,0,2,2,2,2,2,0,0,0,0,0,0,0,0,0,0,0,0,0,0,0,0,0,0,0,0,0,0
"2024",4,2,2,1,59,0,2,2,2,2,2,0,0,0,0,0,0,0,0,0,0,0,0,0,0,0,0,0,0,0,0,0,0
"2024",1,2,4,1,21,60,1,2,2,2,1,4,2,2,2,1,2,0,0,0,0,0,0,0,0,0,0,0,0,0,0,0,4
"2024",4,2,6,8,71,0,2,2,2,2,2,0,0,0,0,0,0,0,0,0,0,0,0,0,0,0,0,0,0,0,0,0,0
"2024",4,2,6,8,67,0,2,2,2,2,2,0,0,0,0,0,0,0,0,0,0,0,0,0,0,0,0,0,0,0,0,0,0
"2024",1,2,6,7,58,60,1,1,1,2,2,4,1,2,2,2,2,4,2,2,1,2,2,1,2,2,4,1,2,1,1,1,0
"2024",1,1,4,6,19,30,2,1,2,1,1,0,0,0,0,0,0,4,2,2,2,1,2,2,2,1,0,0,0,0,0,0,4
"2024",1,2,6,7,58,30,1,2,2,2,2,4,2,2,2,2,1,0,0,0,0,0,0,0,0,0,0,0,0,0,0,0,0
"2024",1,2,2,1,49,20,2,2,2,2,1,0,0,0,0,0,0,0,0,0,0,0,0,0,0,0,0,0,0,0,0,0,3
"2024",1,1,3,1,56,30,2,2,1,2,2,0,0,0,0,0,0,0,0,0,0,0,0,0,0,0,4,1,2,1,1,1,0
"2024",4,2,6,7,54,0,2,2,2,2,2,0,0,0,0,0,0,0,0,0,0,0,0,0,0,0,0,0,0,0,0,0,0
"2024",4,2,2,8,69,0,2,2,2,2,2,0,0,0,0,0,0,0,0,0,0,0,0,0,0,0,0,0,0,0,0,0,0
"2024",1,1,7,1,31,120,2,1,2,2,1,0,0,0,0,0,0,1,2,2,2,2,2,1,2,2,0,0,0,0,0,0,1
"2024",1,1,3,1,32,30,1,2,2,2,2,5,2,2,2,2,2,0,0,0,0,0,0,0,0,0,0,0,0,0,0,0,0
"2024",4,2,4,7,25,0,2,2,2,2,2,0,0,0,0,0,0,0,0,0,0,0,0,0,0,0,0,0,0,0,0,0,0
"2024",1,1,3,1,26,20,1,2,2,2,2,4,2,2,2,1,2,0,0,0,0,0,0,0,0,0,0,0,0,0,0,0,0
"2024",0,2,2,1,44,0,0,0,0,0,0,0,0,0,0,0,0,0,0,0,0,0,0,0,0,0,0,0,0,0,0,0,0
"2024",1,1,7,1,26,90,1,2,2,2,2,4,2,1,2,2,2,0,0,0,0,0,0,0,0,0,0,0,0,0,0,0,0
"2024",1,1,7,1,44,40,1,2,2,2,2,4,2,2,2,1,1,0,0,0,0,0,0,0,0,0,0,0,0,0,0,0,0
"2024",4,2,6,1,52,0,2,2,2,2,2,0,0,0,0,0,0,0,0,0,0,0,0,0,0,0,0,0,0,0,0,0,0
"2024",4,2,7,1,31,0,2,2,2,2,2,0,0,0,0,0,0,0,0,0,0,0,0,0,0,0,0,0,0,0,0,0,0
"2024",1,2,7,1,44,10,2,1,2,2,1,0,0,0,0,0,0,3,2,2,2,2,2,1,2,2,0,0,0,0,0,0,3
"2024",3,1,4,1,69,30,2,1,2,2,2,0,0,0,0,0,0,3,2,2,2,2,2,2,1,2,0,0,0,0,0,0,0
"2024",4,1,7,1,62,0,2,2,2,2,2,0,0,0,0,0,0,0,0,0,0,0,0,0,0,0,0,0,0,0,0,0,0
"2024",1,2,7,1,33,30,1,2,2,1,1,4,2,2,2,1,2,0,0,0,0,0,0,0,0,0,0,0,0,0,0,0,3
"2024",4,2,4,1,55,0,2,2,2,2,2,0,0,0,0,0,0,0,0,0,0,0,0,0,0,0,0,0,0,0,0,0,0
"2024",3,2,4,1,32,20,1,2,2,2,1,4,2,2,1,2,2,0,0,0,0,0,0,0,0,0,0,0,0,0,0,0,4
"2024",1,2,4,7,29,10,1,2,2,2,1,3,2,1,2,2,2,0,0,0,0,0,0,0,0,0,0,0,0,0,0,0,3
"2024",4,2,2,1,54,0,2,2,2,2,2,0,0,0,0,0,0,0,0,0,0,0,0,0,0,0,0,0,0,0,0,0,0
"2024",1,2,4,1,50,120,1,2,2,2,2,4,2,1,2,2,2,0,0,0,0,0,0,0,0,0,0,0,0,0,0,0,0
"2024",1,1,4,1,20,30,1,2,2,2,1,4,2,2,1,2,2,0,0,0,0,0,0,0,0,0,0,0,0,0,0,0,4
"2024",4,2,3,7,28,0,2,2,2,2,2,0,0,0,0,0,0,0,0,0,0,0,0,0,0,0,0,0,0,0,0,0,0
"2024",1,1,2,1,59,30,2,2,1,2,2,0,0,0,0,0,0,0,0,0,0,0,0,0,0,0,3,1,1,2,2,1,0
"2024",4,1,7,1,29,0,2,2,2,2,2,0,0,0,0,0,0,0,0,0,0,0,0,0,0,0,0,0,0,0,0,0,0
"2024",1,2,6,1,31,10,2,1,2,2,1,0,0,0,0,0,0,2,2,2,2,2,2,1,2,2,0,0,0,0,0,0,3
"2024",3,1,7,1,24,10,2,1,1,2,1,0,0,0,0,0,0,3,1,2,2,1,2,2,1,2,3,2,1,1,2,2,3
"2024",1,1,7,8,65,60,2,1,1,2,2,0,0,0,0,0,0,3,2,1,2,2,2,2,2,2,3,1,1,1,1,1,0
"2024",3,2,7,1,41,30,1,2,2,1,1,4,2,2,2,1,2,0,0,0,0,0,0,0,0,0,0,0,0,0,0,0,3
"2024",1,1,3,1,42,40,2,1,1,2,2,0,0,0,0,0,0,4,2,2,2,2,2,2,1,1,3,2,1,1,2,1,0
"2024",3,2,7,1,50,20,2,1,2,2,1,0,0,0,0,0,0,3,2,2,1,2,2,2,1,2,0,0,0,0,0,0,4
"2024",1,1,7,1,23,300,1,2,2,2,1,4,2,2,1,2,2,0,0,0,0,0,0,0,0,0,0,0,0,0,0,0,3
"2024",1,1,4,1,41,60,2,1,1,1,2,0,0,0,0,0,0,4,2,1,2,2,2,2,2,2,3,1,2,1,1,1,0
"2024",1,2,3,1,58,120,2,2,2,2,1,0,0,0,0,0,0,0,0,0,0,0,0,0,0,0,0,0,0,0,0,0,4
"2024",1,1,8,1,34,30,1,2,2,2,1,3,2,2,2,2,1,0,0,0,0,0,0,0,0,0,0,0,0,0,0,0,3
"2024",1,2,6,7,49,20,1,1,2,2,2,4,2,1,2,2,2,4,2,2,1,2,2,2,2,2,0,0,0,0,0,0,0
"2024",3,1,3,1,29,30,2,1,1,2,2,0,0,0,0,0,0,4,2,1,2,2,2,2,2,2,4,1,1,1,1,2,0
"2024",4,1,3,1,33,0,2,2,2,2,2,0,0,0,0,0,0,0,0,0,0,0,0,0,0,0,0,0,0,0,0,0,0
"2024",1,2,4,1,20,40,1,2,2,2,1,4,2,2,1,1,2,0,0,0,0,0,0,0,0,0,0,0,0,0,0,0,3
"2024",3,1,4,1,51,90,2,2,2,2,1,0,0,0,0,0,0,0,0,0,0,0,0,0,0,0,0,0,0,0,0,0,1
"2024",1,1,3,1,41,60,1,1,2,1,1,3,2,1,2,2,2,3,2,1,2,1,2,2,2,2,0,0,0,0,0,0,3
"2024",4,2,6,1,25,0,2,2,2,2,2,0,0,0,0,0,0,0,0,0,0,0,0,0,0,0,0,0,0,0,0,0,0
"2024",1,2,2,1,19,60,2,2,2,2,1,0,0,0,0,0,0,0,0,0,0,0,0,0,0,0,0,0,0,0,0,0,4
"2024",1,2,8,1,48,120,1,2,1,2,1,2,2,1,2,2,2,0,0,0,0,0,0,0,0,0,4,1,2,1,2,2,3
"2024",1,2,7,1,26,60,1,2,2,2,2,4,2,2,1,2,2,0,0,0,0,0,0,0,0,0,0,0,0,0,0,0,0
"2024",1,1,7,1,35,30,1,2,2,2,2,3,2,2,2,1,2,0,0,0,0,0,0,0,0,0,0,0,0,0,0,0,0
"2024",4,2,2,8,75,0,2,2,2,2,2,0,0,0,0,0,0,0,0,0,0,0,0,0,0,0,0,0,0,0,0,0,0
"2024",4,2,6,8,73,0,2,2,2,2,2,0,0,0,0,0,0,0,0,0,0,0,0,0,0,0,0,0,0,0,0,0,0
"2024",1,1,4,8,79,15,1,2,2,2,2,4,2,2,2,1,2,0,0,0,0,0,0,0,0,0,0,0,0,0,0,0,0
"2024",1,1,3,8,74,60,2,2,1,2,2,0,0,0,0,0,0,0,0,0,0,0,0,0,0,0,4,1,1,1,1,1,0
"2024",3,2,7,1,57,180,2,2,1,2,2,0,0,0,0,0,0,0,0,0,0,0,0,0,0,0,3,2,2,1,1,1,0
"2024",1,1,6,8,71,20,2,2,2,2,1,0,0,0,0,0,0,0,0,0,0,0,0,0,0,0,0,0,0,0,0,0,4
"2024",1,1,7,1,31,15,2,2,1,2,1,0,0,0,0,0,0,0,0,0,0,0,0,0,0,0,3,2,1,1,2,2,4
"2024",0,1,0,2,42,0,0,0,0,0,0,0,0,0,0,0,0,0,0,0,0,0,0,0,0,0,0,0,0,0,0,0,0
"2024",3,2,7,7,63,30,2,2,2,2,1,0,0,0,0,0,0,0,0,0,0,0,0,0,0,0,0,0,0,0,0,0,3
"2024",4,2,3,1,47,0,2,2,2,2,2,0,0,0,0,0,0,0,0,0,0,0,0,0,0,0,0,0,0,0,0,0,0
"2024",1,2,4,1,28,20,1,2,2,2,1,6,2,1,2,2,1,0,0,0,0,0,0,0,0,0,0,0,0,0,0,0,6
"2024",4,2,2,7,51,0,2,2,2,2,2,0,0,0,0,0,0,0,0,0,0,0,0,0,0,0,0,0,0,0,0,0,0
"2024",3,1,7,1,31,20,2,2,1,2,1,0,0,0,0,0,0,0,0,0,0,0,0,0,0,0,3,1,1,2,2,1,3
"2024",2,1,3,10,48,0,2,2,2,2,2,0,0,0,0,0,0,0,0,0,0,0,0,0,0,0,0,0,0,0,0,0,0
"2024",4,2,3,1,57,0,2,2,2,2,2,0,0,0,0,0,0,0,0,0,0,0,0,0,0,0,0,0,0,0,0,0,0
"2024",1,1,4,1,21,60,1,1,2,1,1,3,2,2,2,1,2,3,2,2,2,2,1,2,2,2,0,0,0,0,0,0,3
"2024",3,2,4,7,36,10,2,2,2,2,1,0,0,0,0,0,0,0,0,0,0,0,0,0,0,0,0,0,0,0,0,0,4
"2024",1,2,2,10,84,60,1,1,2,2,2,4,2,2,1,1,2,4,2,2,2,2,1,2,2,2,0,0,0,0,0,0,0
"2024",1,2,3,7,25,20,1,2,2,2,1,3,1,1,2,1,1,0,0,0,0,0,0,0,0,0,0,0,0,0,0,0,3
"2024",1,2,7,1,32,30,2,1,2,2,1,0,0,0,0,0,0,3,2,2,2,2,2,1,1,2,0,0,0,0,0,0,1
"2024",1,2,7,1,48,15,1,2,2,2,1,4,2,2,2,1,2,0,0,0,0,0,0,0,0,0,0,0,0,0,0,0,1
"2024",3,2,3,7,29,10,2,1,2,2,1,0,0,0,0,0,0,4,2,2,2,2,2,2,2,1,0,0,0,0,0,0,2
"2024",2,1,2,10,79,0,2,2,2,2,2,0,0,0,0,0,0,0,0,0,0,0,0,0,0,0,0,0,0,0,0,0,0
"2024",3,1,4,1,42,30,2,2,2,2,1,0,0,0,0,0,0,0,0,0,0,0,0,0,0,0,0,0,0,0,0,0,4
"2024",4,2,2,7,61,0,2,2,2,2,2,0,0,0,0,0,0,0,0,0,0,0,0,0,0,0,0,0,0,0,0,0,0
"2024",1,1,8,8,68,60,1,1,1,1,1,1,2,1,2,2,2,1,2,2,2,1,2,1,2,2,3,2,1,1,2,2,3
"2024",3,2,7,1,37,20,2,1,2,2,1,0,0,0,0,0,0,1,2,2,1,2,2,2,2,2,0,0,0,0,0,0,1
"2024",1,2,7,1,24,35,1,1,2,1,1,2,2,1,2,1,1,3,2,2,2,2,2,1,2,2,0,0,0,0,0,0,3
"2024",1,2,4,1,39,30,1,2,1,2,1,3,2,2,2,2,1,0,0,0,0,0,0,0,0,0,3,2,2,1,1,1,4
"2024",1,2,4,1,24,120,1,2,2,1,2,4,1,2,2,1,1,0,0,0,0,0,0,0,0,0,0,0,0,0,0,0,0
"2024",1,2,2,1,67,15,1,2,2,2,2,5,2,2,2,2,1,0,0,0,0,0,0,0,0,0,0,0,0,0,0,0,0
"2024",4,2,0,7,66,0,2,2,2,2,2,0,0,0,0,0,0,0,0,0,0,0,0,0,0,0,0,0,0,0,0,0,0
"2024",1,1,4,1,38,10,2,2,2,2,1,0,0,0,0,0,0,0,0,0,0,0,0,0,0,0,0,0,0,0,0,0,3
"2024",3,1,4,1,29,30,2,2,2,1,2,0,0,0,0,0,0,0,0,0,0,0,0,0,0,0,0,0,0,0,0,0,0
"2024",1,2,2,7,52,10,1,2,2,2,2,5,2,2,1,2,2,0,0,0,0,0,0,0,0,0,0,0,0,0,0,0,0
"2024",1,1,3,1,39,20,1,2,1,2,2,4,2,2,2,1,2,0,0,0,0,0,0,0,0,0,2,1,1,1,2,1,0
"2024",3,1,7,1,45,15,2,2,2,2,1,0,0,0,0,0,0,0,0,0,0,0,0,0,0,0,0,0,0,0,0,0,1
"2024",1,1,9,1,45,240,1,1,1,2,1,1,2,1,2,1,1,4,1,1,1,2,2,1,1,1,3,1,1,1,1,1,2
"2024",1,2,6,8,66,20,2,2,1,2,1,0,0,0,0,0,0,0,0,0,0,0,0,0,0,0,3,1,1,1,1,2,3
"2024",1,2,7,1,25,30,1,2,2,2,1,1,2,1,1,1,2,0,0,0,0,0,0,0,0,0,0,0,0,0,0,0,1
"2024",1,1,7,6,23,60,2,1,2,1,1,0,0,0,0,0,0,2,2,2,2,2,2,1,2,2,0,0,0,0,0,0,4
"2024",1,2,4,1,43,20,1,2,2,2,1,3,2,2,1,2,2,0,0,0,0,0,0,0,0,0,0,0,0,0,0,0,2
"2024",1,2,6,1,48,15,2,2,2,2,1,0,0,0,0,0,0,0,0,0,0,0,0,0,0,0,0,0,0,0,0,0,4
"2024",4,2,2,1,58,0,2,2,2,2,2,0,0,0,0,0,0,0,0,0,0,0,0,0,0,0,0,0,0,0,0,0,0
"2024",1,2,3,7,52,60,1,2,2,2,2,4,2,2,2,1,2,0,0,0,0,0,0,0,0,0,0,0,0,0,0,0,0
"2024",1,2,8,1,44,30,2,1,2,2,1,0,0,0,0,0,0,1,2,2,1,2,2,2,1,2,0,0,0,0,0,0,1
"2024",3,2,4,1,26,60,2,1,2,2,1,0,0,0,0,0,0,4,2,2,2,2,2,1,2,2,0,0,0,0,0,0,3
"2024",1,1,2,1,30,30,1,1,2,2,1,4,2,2,1,1,1,4,1,2,2,2,2,1,2,1,0,0,0,0,0,0,4
"2024",3,2,3,8,73,30,1,2,2,2,2,5,2,2,1,2,2,0,0,0,0,0,0,0,0,0,0,0,0,0,0,0,0
"2024",1,1,7,1,39,40,1,2,2,2,1,4,2,2,2,2,1,0,0,0,0,0,0,0,0,0,0,0,0,0,0,0,4
"2024",1,2,7,6,22,90,1,1,2,2,1,2,2,1,2,2,2,3,2,2,2,2,2,2,1,2,0,0,0,0,0,0,3
"2024",4,2,2,1,67,0,2,2,2,2,2,0,0,0,0,0,0,0,0,0,0,0,0,0,0,0,0,0,0,0,0,0,0
"2024",1,2,3,7,49,45,1,2,2,2,1,3,2,2,2,1,2,0,0,0,0,0,0,0,0,0,0,0,0,0,0,0,3
"2024",1,2,7,1,40,30,2,2,2,2,1,0,0,0,0,0,0,0,0,0,0,0,0,0,0,0,0,0,0,0,0,0,3
"2024",4,2,3,1,41,0,2,2,2,2,2,0,0,0,0,0,0,0,0,0,0,0,0,0,0,0,0,0,0,0,0,0,0
"2024",3,1,7,6,19,15,1,2,2,2,2,2,2,1,2,2,2,0,0,0,0,0,0,0,0,0,0,0,0,0,0,0,0
"2024",3,2,7,6,27,60,2,2,2,2,1,0,0,0,0,0,0,0,0,0,0,0,0,0,0,0,0,0,0,0,0,0,4
"2024",1,1,4,4,31,20,1,1,2,2,1,4,2,2,1,2,2,4,2,1,2,2,2,2,2,1,0,0,0,0,0,0,3
"2024",1,1,7,1,42,60,2,2,1,2,1,0,0,0,0,0,0,0,0,0,0,0,0,0,0,0,4,2,1,1,1,2,4
"2024",4,2,4,1,24,0,2,2,2,2,2,0,0,0,0,0,0,0,0,0,0,0,0,0,0,0,0,0,0,0,0,0,0
"2024",1,2,7,1,36,15,2,1,2,2,1,0,0,0,0,0,0,4,2,1,2,2,2,2,2,2,0,0,0,0,0,0,4
"2024",1,2,6,1,29,30,1,2,2,2,1,4,2,2,2,2,1,0,0,0,0,0,0,0,0,0,0,0,0,0,0,0,4
"2024",2,1,7,1,52,0,2,2,2,2,2,0,0,0,0,0,0,0,0,0,0,0,0,0,0,0,0,0,0,0,0,0,0
"2024",1,2,3,1,39,45,1,2,2,2,2,4,2,2,2,2,1,0,0,0,0,0,0,0,0,0,0,0,0,0,0,0,0
"2024",3,1,4,1,22,15,2,1,2,2,2,0,0,0,0,0,0,3,1,2,2,2,2,2,2,2,0,0,0,0,0,0,0
"2024",1,2,2,7,72,10,1,2,2,2,2,5,2,2,1,2,2,0,0,0,0,0,0,0,0,0,0,0,0,0,0,0,0
"2024",1,2,7,1,29,20,1,2,2,2,1,4,2,2,2,1,2,0,0,0,0,0,0,0,0,0,0,0,0,0,0,0,3
"2024",1,1,2,8,83,40,1,2,2,2,2,3,2,2,2,2,1,0,0,0,0,0,0,0,0,0,0,0,0,0,0,0,0
"2024",4,2,4,7,28,0,2,2,2,2,2,0,0,0,0,0,0,0,0,0,0,0,0,0,0,0,0,0,0,0,0,0,0
"2024",1,2,3,7,52,30,1,2,2,2,2,5,2,2,1,2,2,0,0,0,0,0,0,0,0,0,0,0,0,0,0,0,0
"2024",4,2,7,8,62,0,2,2,2,2,2,0,0,0,0,0,0,0,0,0,0,0,0,0,0,0,0,0,0,0,0,0,0
"2024",1,1,7,1,32,20,1,1,1,2,1,4,2,1,2,1,2,4,2,2,2,2,2,2,1,2,4,1,1,2,2,2,2
"2024",4,2,7,1,30,0,2,2,2,2,2,0,0,0,0,0,0,0,0,0,0,0,0,0,0,0,0,0,0,0,0,0,0
"2024",1,2,6,1,35,10,2,1,2,2,2,0,0,0,0,0,0,4,2,2,2,2,1,2,2,2,0,0,0,0,0,0,0
"2024",1,1,3,8,50,60,1,1,2,2,1,4,2,2,2,2,1,4,2,2,2,2,2,2,1,2,0,0,0,0,0,0,3
"2024",1,2,7,1,51,30,1,1,2,2,1,4,2,2,2,1,2,3,2,2,2,2,2,2,1,2,0,0,0,0,0,0,4
"2024",3,1,4,1,56,40,2,2,2,2,1,0,0,0,0,0,0,0,0,0,0,0,0,0,0,0,0,0,0,0,0,0,3
"2024",1,2,3,1,53,45,1,2,2,2,1,3,2,2,2,2,1,0,0,0,0,0,0,0,0,0,0,0,0,0,0,0,3
"2024",1,1,7,1,46,120,1,1,1,2,1,4,1,2,2,1,1,4,2,1,2,2,2,1,1,2,3,1,2,1,2,2,4
"2024",1,2,6,1,51,60,1,2,2,2,2,5,2,2,1,2,2,0,0,0,0,0,0,0,0,0,0,0,0,0,0,0,0
"2024",1,1,4,6,18,30,1,2,2,1,2,2,2,1,2,1,2,0,0,0,0,0,0,0,0,0,0,0,0,0,0,0,0
"2024",4,1,2,1,43,0,2,2,2,2,2,0,0,0,0,0,0,0,0,0,0,0,0,0,0,0,0,0,0,0,0,0,0
"2024",3,2,3,7,25,20,2,2,2,2,1,0,0,0,0,0,0,0,0,0,0,0,0,0,0,0,0,0,0,0,0,0,4
"2024",1,1,4,1,55,40,1,2,2,2,2,5,2,2,1,2,2,0,0,0,0,0,0,0,0,0,0,0,0,0,0,0,0
"2024",4,1,2,1,63,0,2,2,2,2,2,0,0,0,0,0,0,0,0,0,0,0,0,0,0,0,0,0,0,0,0,0,0
"2024",3,2,7,1,55,45,1,2,2,2,2,3,2,2,2,2,1,0,0,0,0,0,0,0,0,0,0,0,0,0,0,0,0
"2024",1,2,7,6,21,90,1,1,2,2,1,2,2,1,2,2,2,2,2,2,2,2,2,1,2,2,0,0,0,0,0,0,3
"2024",1,2,3,7,49,20,1,2,2,2,2,5,2,1,2,2,2,0,0,0,0,0,0,0,0,0,0,0,0,0,0,0,0
"2024",3,1,4,6,21,30,1,2,2,2,1,2,2,1,2,2,2,0,0,0,0,0,0,0,0,0,0,0,0,0,0,0,4
"2024",1,1,4,1,37,120,2,2,2,2,1,0,0,0,0,0,0,0,0,0,0,0,0,0,0,0,0,0,0,0,0,0,1
"2024",4,1,3,1,31,0,2,2,2,2,2,0,0,0,0,0,0,0,0,0,0,0,0,0,0,0,0,0,0,0,0,0,0
"2024",1,1,7,1,39,120,1,1,2,2,1,3,2,1,2,2,1,3,2,1,2,2,2,2,2,2,0,0,0,0,0,0,3
"2024",4,1,4,1,38,0,2,2,2,2,2,0,0,0,0,0,0,0,0,0,0,0,0,0,0,0,0,0,0,0,0,0,0
"2024",1,2,7,1,27,60,1,2,2,2,1,3,2,2,2,2,1,0,0,0,0,0,0,0,0,0,0,0,0,0,0,0,3
"2024",1,2,7,8,70,30,2,2,2,2,1,0,0,0,0,0,0,0,0,0,0,0,0,0,0,0,0,0,0,0,0,0,4
"2024",1,1,8,8,60,30,2,2,2,2,1,0,0,0,0,0,0,0,0,0,0,0,0,0,0,0,0,0,0,0,0,0,3
"2024",4,1,3,1,18,0,2,2,2,2,2,0,0,0,0,0,0,0,0,0,0,0,0,0,0,0,0,0,0,0,0,0,0
"2024",4,2,3,1,48,0,2,2,2,2,2,0,0,0,0,0,0,0,0,0,0,0,0,0,0,0,0,0,0,0,0,0,0
"2024",1,2,4,7,50,60,1,2,2,2,2,5,2,2,1,2,2,0,0,0,0,0,0,0,0,0,0,0,0,0,0,0,0
"2024",1,1,7,1,24,60,2,2,2,2,1,0,0,0,0,0,0,0,0,0,0,0,0,0,0,0,0,0,0,0,0,0,4
"2024",1,2,7,6,26,60,1,2,2,2,1,2,2,1,2,2,2,0,0,0,0,0,0,0,0,0,0,0,0,0,0,0,2
"2024",1,1,7,1,35,50,1,2,2,2,1,3,2,2,2,2,1,0,0,0,0,0,0,0,0,0,0,0,0,0,0,0,4
"2024",1,2,7,1,55,90,1,2,2,2,2,3,2,2,2,2,1,0,0,0,0,0,0,0,0,0,0,0,0,0,0,0,0
"2024",3,1,4,1,56,20,2,2,2,2,1,0,0,0,0,0,0,0,0,0,0,0,0,0,0,0,0,0,0,0,0,0,3
"2024",1,2,7,1,35,30,2,2,1,2,1,0,0,0,0,0,0,0,0,0,0,0,0,0,0,0,3,1,2,1,2,2,3
"2024",1,2,8,1,40,20,1,1,1,2,1,4,2,2,2,1,2,4,2,2,2,2,2,1,2,2,4,1,1,1,1,1,4
"2024",1,1,4,1,53,60,1,2,2,1,2,2,2,1,2,2,1,0,0,0,0,0,0,0,0,0,0,0,0,0,0,0,0
"2024",1,1,4,1,51,20,1,2,2,2,2,3,2,2,2,1,2,0,0,0,0,0,0,0,0,0,0,0,0,0,0,0,0
"2024",1,1,4,1,27,30,1,1,2,2,2,2,2,1,2,2,2,4,2,2,2,2,2,2,2,1,0,0,0,0,0,0,0
"2024",1,2,7,1,51,30,1,2,2,2,1,1,2,1,2,2,2,0,0,0,0,0,0,0,0,0,0,0,0,0,0,0,1
"2024",3,1,4,6,20,120,1,2,2,2,2,2,2,1,2,2,2,0,0,0,0,0,0,0,0,0,0,0,0,0,0,0,0
"2024",4,2,7,1,28,0,2,2,2,2,2,0,0,0,0,0,0,0,0,0,0,0,0,0,0,0,0,0,0,0,0,0,0
"2024",1,2,6,1,64,60,2,2,2,2,1,0,0,0,0,0,0,0,0,0,0,0,0,0,0,0,0,0,0,0,0,0,6
"2024",1,2,6,2,64,30,1,2,2,2,2,4,1,2,2,1,2,0,0,0,0,0,0,0,0,0,0,0,0,0,0,0,0
"2024",1,2,7,7,60,40,1,1,2,2,1,4,1,2,1,2,2,3,2,2,2,2,2,2,1,1,0,0,0,0,0,0,3
"2024",1,1,4,1,44,40,1,2,2,2,1,3,2,2,1,2,2,0,0,0,0,0,0,0,0,0,0,0,0,0,0,0,3
"2024",1,2,8,1,60,90,1,2,2,2,1,3,2,2,1,2,1,0,0,0,0,0,0,0,0,0,0,0,0,0,0,0,3
"2024",4,2,6,7,58,0,2,2,2,2,2,0,0,0,0,0,0,0,0,0,0,0,0,0,0,0,0,0,0,0,0,0,0
"2024",1,1,4,7,34,20,1,2,2,2,2,4,2,2,2,1,2,0,0,0,0,0,0,0,0,0,0,0,0,0,0,0,0
"2024",4,1,4,1,54,0,2,2,2,2,2,0,0,0,0,0,0,0,0,0,0,0,0,0,0,0,0,0,0,0,0,0,0
"2024",4,2,6,8,82,0,2,2,2,2,2,0,0,0,0,0,0,0,0,0,0,0,0,0,0,0,0,0,0,0,0,0,0
"2024",1,2,6,1,47,20,1,1,2,2,2,4,2,2,2,1,2,3,2,2,1,2,2,2,1,2,0,0,0,0,0,0,0
"2024",4,2,3,7,23,0,2,2,2,2,2,0,0,0,0,0,0,0,0,0,0,0,0,0,0,0,0,0,0,0,0,0,0
"2024",2,2,2,7,53,0,2,2,2,2,2,0,0,0,0,0,0,0,0,0,0,0,0,0,0,0,0,0,0,0,0,0,0
"2024",1,2,7,1,21,30,1,2,2,2,1,2,2,1,2,2,2,0,0,0,0,0,0,0,0,0,0,0,0,0,0,0,3
"2024",4,2,0,1,49,0,2,2,2,2,2,0,0,0,0,0,0,0,0,0,0,0,0,0,0,0,0,0,0,0,0,0,0
"2024",4,1,3,1,40,0,2,2,2,2,2,0,0,0,0,0,0,0,0,0,0,0,0,0,0,0,0,0,0,0,0,0,0
"2024",4,2,3,7,23,0,2,2,2,2,2,0,0,0,0,0,0,0,0,0,0,0,0,0,0,0,0,0,0,0,0,0,0
"2024",1,1,4,1,29,30,2,2,1,2,2,0,0,0,0,0,0,0,0,0,0,0,0,0,0,0,3,2,1,1,2,2,0
"2024",1,2,2,7,54,60,2,1,1,2,2,0,0,0,0,0,0,4,2,2,2,2,1,2,1,2,3,1,2,2,2,2,0
"2024",4,2,4,1,30,0,2,2,2,2,2,0,0,0,0,0,0,0,0,0,0,0,0,0,0,0,0,0,0,0,0,0,0
"2024",1,1,7,1,32,30,1,1,2,2,1,4,2,2,2,1,1,4,2,1,2,2,2,2,2,2,0,0,0,0,0,0,3
"2024",1,2,6,1,53,30,1,1,2,2,2,4,2,2,1,2,2,3,2,2,2,2,2,2,1,2,0,0,0,0,0,0,0
"2024",1,1,7,1,37,40,1,1,1,2,1,4,2,2,2,2,1,3,2,2,1,2,2,1,2,2,3,1,2,2,2,1,3
"2024",1,2,4,1,30,60,1,1,2,1,1,4,2,2,2,2,1,4,1,2,1,2,2,2,2,1,0,0,0,0,0,0,4
"2024",4,1,3,1,40,0,2,2,2,2,2,0,0,0,0,0,0,0,0,0,0,0,0,0,0,0,0,0,0,0,0,0,0
"2024",3,2,4,1,35,20,2,2,2,2,1,0,0,0,0,0,0,0,0,0,0,0,0,0,0,0,0,0,0,0,0,0,3
"2024",3,2,7,1,36,30,1,2,2,2,1,1,2,1,2,2,2,0,0,0,0,0,0,0,0,0,0,0,0,0,0,0,3
"2024",1,1,7,1,23,60,1,2,2,2,1,4,2,2,2,2,1,0,0,0,0,0,0,0,0,0,0,0,0,0,0,0,3
"2024",1,1,7,1,34,20,1,1,1,2,1,4,2,2,2,1,2,4,2,1,1,2,2,1,1,2,3,1,2,1,2,1,3
"2024",3,2,7,1,44,30,1,2,2,2,1,1,1,2,2,2,2,0,0,0,0,0,0,0,0,0,0,0,0,0,0,0,3
"2024",1,1,6,8,82,20,1,2,1,2,2,4,2,2,2,1,2,0,0,0,0,0,0,0,0,0,4,1,1,1,1,1,0
"2024",4,1,3,1,29,0,2,2,2,2,2,0,0,0,0,0,0,0,0,0,0,0,0,0,0,0,0,0,0,0,0,0,0
"2024",4,2,3,1,45,0,2,2,2,2,2,0,0,0,0,0,0,0,0,0,0,0,0,0,0,0,0,0,0,0,0,0,0
"2024",4,2,0,1,58,0,2,2,2,2,2,0,0,0,0,0,0,0,0,0,0,0,0,0,0,0,0,0,0,0,0,0,0
"2024",1,2,3,7,30,30,2,1,1,2,2,0,0,0,0,0,0,4,2,2,2,2,1,2,2,2,3,2,2,2,1,1,0
"2024",1,1,3,1,55,30,1,2,2,2,2,5,2,2,1,2,2,0,0,0,0,0,0,0,0,0,0,0,0,0,0,0,0
"2024",1,2,4,1,36,25,1,2,1,2,1,3,2,2,2,2,1,0,0,0,0,0,0,0,0,0,4,1,1,1,1,2,3
"2024",1,1,7,8,77,30,1,1,2,2,2,4,2,1,2,2,2,4,1,2,2,2,2,2,2,2,0,0,0,0,0,0,0
"2024",3,1,7,1,28,30,1,2,2,2,1,4,2,2,2,1,2,0,0,0,0,0,0,0,0,0,0,0,0,0,0,0,4
"2024",1,1,3,1,49,10,1,2,2,2,1,3,2,2,2,2,1,0,0,0,0,0,0,0,0,0,0,0,0,0,0,0,3
"2024",3,2,4,1,40,15,2,1,2,2,2,0,0,0,0,0,0,4,2,2,2,1,2,2,2,2,0,0,0,0,0,0,0
"2024",3,2,4,7,39,20,2,1,2,2,2,0,0,0,0,0,0,5,2,2,2,2,1,2,2,2,0,0,0,0,0,0,0
"2024",3,1,4,1,20,20,2,1,2,2,2,0,0,0,0,0,0,4,2,2,2,2,2,2,2,1,0,0,0,0,0,0,0
"2024",1,1,6,1,60,15,1,2,1,2,1,4,2,2,2,2,1,0,0,0,0,0,0,0,0,0,4,1,1,2,2,1,4
"2024",3,1,2,1,68,10,1,1,2,2,2,5,2,2,1,2,2,5,2,2,2,2,1,2,2,2,0,0,0,0,0,0,0
"2024",3,1,2,1,33,10,2,2,1,2,2,0,0,0,0,0,0,0,0,0,0,0,0,0,0,0,4,2,1,2,2,1,0
"2024",3,1,4,1,18,30,2,2,2,2,1,0,0,0,0,0,0,0,0,0,0,0,0,0,0,0,0,0,0,0,0,0,4
"2024",3,1,7,1,25,20,2,1,1,2,2,0,0,0,0,0,0,4,2,2,2,1,2,2,2,2,4,1,1,2,2,1,0
"2024",4,1,7,1,66,0,2,2,2,2,2,0,0,0,0,0,0,0,0,0,0,0,0,0,0,0,0,0,0,0,0,0,0
"2024",1,1,7,1,58,60,2,2,1,2,2,0,0,0,0,0,0,0,0,0,0,0,0,0,0,0,3,1,1,1,1,1,0
"2024",4,2,3,1,42,0,2,2,2,2,2,0,0,0,0,0,0,0,0,0,0,0,0,0,0,0,0,0,0,0,0,0,0
"2024",4,2,3,1,23,0,2,2,2,2,2,0,0,0,0,0,0,0,0,0,0,0,0,0,0,0,0,0,0,0,0,0,0
"2024",3,2,2,7,58,30,1,2,2,2,2,5,2,2,1,2,2,0,0,0,0,0,0,0,0,0,0,0,0,0,0,0,0
"2024",1,2,3,1,28,20,2,1,1,2,2,0,0,0,0,0,0,4,2,2,2,2,2,2,2,1,3,2,1,1,2,1,0
"2024",1,2,4,7,30,60,1,1,2,2,1,3,2,2,1,2,2,4,2,2,2,2,2,2,2,1,0,0,0,0,0,0,4
"2024",1,2,2,7,71,10,2,2,1,2,2,0,0,0,0,0,0,0,0,0,0,0,0,0,0,0,4,2,2,1,1,1,0
"2024",1,2,4,1,30,30,1,1,2,2,1,3,2,2,1,2,2,4,2,2,2,2,1,2,2,2,0,0,0,0,0,0,3
"2024",1,2,7,6,18,30,1,2,1,2,2,2,2,1,2,2,2,0,0,0,0,0,0,0,0,0,3,1,2,2,2,2,0
"2024",1,2,7,1,32,30,1,1,2,2,1,3,2,2,1,2,2,4,2,2,2,2,2,2,2,1,0,0,0,0,0,0,3
"2024",1,1,4,1,36,35,1,2,1,2,2,3,2,2,2,2,1,0,0,0,0,0,0,0,0,0,3,1,1,1,1,2,0
"2024",1,1,4,1,25,25,2,1,1,2,2,0,0,0,0,0,0,4,2,2,2,2,2,2,1,2,3,2,1,1,2,1,0
"2024",1,2,7,1,34,25,1,1,2,2,1,4,2,2,2,2,1,3,2,2,2,1,2,2,2,2,0,0,0,0,0,0,4
"2024",3,1,3,1,54,20,2,2,1,2,2,0,0,0,0,0,0,0,0,0,0,0,0,0,0,0,3,1,1,1,2,1,0
"2024",4,1,7,1,65,0,2,2,2,2,2,0,0,0,0,0,0,0,0,0,0,0,0,0,0,0,0,0,0,0,0,0,0
"2024",3,2,3,7,60,20,2,2,2,2,1,0,0,0,0,0,0,0,0,0,0,0,0,0,0,0,0,0,0,0,0,0,4
"2024",1,2,4,1,30,20,1,2,1,2,1,4,2,2,2,1,2,0,0,0,0,0,0,0,0,0,3,1,1,2,1,1,3
"2024",1,2,7,1,46,20,1,2,2,2,1,4,2,2,2,1,1,0,0,0,0,0,0,0,0,0,0,0,0,0,0,0,1
"2024",2,1,7,1,35,0,2,2,2,2,2,0,0,0,0,0,0,0,0,0,0,0,0,0,0,0,0,0,0,0,0,0,0
"2024",4,2,4,1,22,0,2,2,2,2,2,0,0,0,0,0,0,0,0,0,0,0,0,0,0,0,0,0,0,0,0,0,0
"2024",4,2,3,1,55,0,2,2,2,2,2,0,0,0,0,0,0,0,0,0,0,0,0,0,0,0,0,0,0,0,0,0,0
"2024",3,2,0,7,71,30,1,1,2,2,2,4,2,2,1,2,2,4,2,2,2,2,1,2,2,2,0,0,0,0,0,0,0
"2024",3,2,2,7,22,10,2,1,1,1,1,0,0,0,0,0,0,4,2,2,2,2,2,2,2,1,3,2,1,1,2,1,3
"2024",1,2,2,1,46,20,1,2,2,2,2,2,2,2,1,2,2,0,0,0,0,0,0,0,0,0,0,0,0,0,0,0,0
"2024",3,2,4,7,34,15,2,2,2,2,1,0,0,0,0,0,0,0,0,0,0,0,0,0,0,0,0,0,0,0,0,0,3
"2024",4,2,3,8,66,0,2,2,2,2,2,0,0,0,0,0,0,0,0,0,0,0,0,0,0,0,0,0,0,0,0,0,0
"2024",4,2,3,7,60,0,2,2,2,2,2,0,0,0,0,0,0,0,0,0,0,0,0,0,0,0,0,0,0,0,0,0,0
"2024",4,2,2,1,58,0,2,2,2,2,2,0,0,0,0,0,0,0,0,0,0,0,0,0,0,0,0,0,0,0,0,0,0
"2024",1,1,4,1,59,30,2,1,2,2,2,0,0,0,0,0,0,3,2,2,2,2,2,2,1,2,0,0,0,0,0,0,0
"2024",1,1,2,8,69,30,1,1,1,2,2,4,2,2,2,1,2,3,2,2,2,1,2,2,2,2,3,1,2,2,2,1,0
"2024",1,1,4,1,26,60,1,2,2,2,1,4,2,2,1,2,2,0,0,0,0,0,0,0,0,0,0,0,0,0,0,0,2
"2024",1,1,8,1,31,60,1,2,2,2,1,3,2,2,2,2,1,0,0,0,0,0,0,0,0,0,0,0,0,0,0,0,4
"2024",4,2,2,7,57,0,2,2,2,2,2,0,0,0,0,0,0,0,0,0,0,0,0,0,0,0,0,0,0,0,0,0,0
"2024",1,1,4,1,27,20,1,2,2,2,2,4,2,2,2,2,1,0,0,0,0,0,0,0,0,0,0,0,0,0,0,0,0
"2024",1,1,4,1,33,30,2,1,1,1,1,0,0,0,0,0,0,3,2,2,2,2,2,1,1,2,3,1,1,1,1,1,3
"2024",1,2,7,1,30,30,1,2,2,2,1,4,2,2,2,1,2,0,0,0,0,0,0,0,0,0,0,0,0,0,0,0,3
"2024",1,2,2,7,70,20,2,2,1,2,2,0,0,0,0,0,0,0,0,0,0,0,0,0,0,0,3,1,1,1,1,1,0
"2024",4,2,4,1,41,0,2,2,2,2,2,0,0,0,0,0,0,0,0,0,0,0,0,0,0,0,0,0,0,0,0,0,0
"2024",4,1,3,1,38,0,2,2,2,2,2,0,0,0,0,0,0,0,0,0,0,0,0,0,0,0,0,0,0,0,0,0,0
"2024",3,2,3,7,24,20,2,2,1,2,2,0,0,0,0,0,0,0,0,0,0,0,0,0,0,0,1,2,2,2,2,1,0
"2024",1,1,6,8,61,30,1,2,2,2,2,4,2,2,1,2,2,0,0,0,0,0,0,0,0,0,0,0,0,0,0,0,0
"2024",1,1,7,1,24,60,1,2,2,2,1,3,2,2,2,1,2,0,0,0,0,0,0,0,0,0,0,0,0,0,0,0,4
"2024",1,1,7,1,21,60,1,1,2,2,1,2,2,1,2,2,1,4,1,2,2,2,2,2,2,2,0,0,0,0,0,0,2
"2024",1,2,3,7,44,30,1,1,1,2,1,3,2,2,2,1,2,3,2,2,1,2,2,2,1,2,4,1,2,2,1,1,3
"2024",4,1,3,1,45,0,2,2,2,2,2,0,0,0,0,0,0,0,0,0,0,0,0,0,0,0,0,0,0,0,0,0,0
"2024",4,2,3,7,35,0,2,2,2,2,2,0,0,0,0,0,0,0,0,0,0,0,0,0,0,0,0,0,0,0,0,0,0
"2024",1,2,6,1,31,30,1,2,2,2,1,3,2,2,1,2,1,0,0,0,0,0,0,0,0,0,0,0,0,0,0,0,4
"2024",1,2,6,7,22,60,1,2,2,2,1,4,2,2,2,1,2,0,0,0,0,0,0,0,0,0,0,0,0,0,0,0,3
"2024",4,1,3,1,46,0,2,2,2,2,2,0,0,0,0,0,0,0,0,0,0,0,0,0,0,0,0,0,0,0,0,0,0
"2024",1,2,4,1,32,20,1,2,2,2,2,3,2,2,1,2,2,0,0,0,0,0,0,0,0,0,0,0,0,0,0,0,0
"2024",4,1,3,1,37,0,2,2,2,2,2,0,0,0,0,0,0,0,0,0,0,0,0,0,0,0,0,0,0,0,0,0,0
"2024",1,1,7,1,35,60,1,1,1,2,1,1,2,2,1,2,1,4,2,2,2,1,2,2,1,2,3,1,2,1,2,1,3
"2024",1,2,7,1,25,45,1,2,2,2,1,3,2,2,2,1,2,0,0,0,0,0,0,0,0,0,0,0,0,0,0,0,1
"2024",4,2,4,7,71,0,2,2,2,2,2,0,0,0,0,0,0,0,0,0,0,0,0,0,0,0,0,0,0,0,0,0,0
"2024",1,1,7,1,45,30,1,1,2,2,1,1,1,2,2,2,2,1,2,2,2,2,2,1,2,2,0,0,0,0,0,0,1
"2024",1,2,3,1,24,10,1,1,1,2,1,3,2,2,2,1,2,4,2,2,2,2,2,2,2,1,3,2,2,2,2,1,4
"2024",4,1,3,1,57,0,2,2,2,2,2,0,0,0,0,0,0,0,0,0,0,0,0,0,0,0,0,0,0,0,0,0,0
"2024",4,2,3,1,34,0,2,2,2,2,2,0,0,0,0,0,0,0,0,0,0,0,0,0,0,0,0,0,0,0,0,0,0
"2024",1,2,7,1,61,30,1,2,2,2,2,3,2,2,2,1,2,0,0,0,0,0,0,0,0,0,0,0,0,0,0,0,0
"2024",4,1,3,1,56,0,2,2,2,2,2,0,0,0,0,0,0,0,0,0,0,0,0,0,0,0,0,0,0,0,0,0,0
"2024",1,1,3,1,51,30,1,2,2,2,2,5,2,2,1,2,2,0,0,0,0,0,0,0,0,0,0,0,0,0,0,0,0
"2024",4,1,4,1,22,0,2,2,2,2,2,0,0,0,0,0,0,0,0,0,0,0,0,0,0,0,0,0,0,0,0,0,0
"2024",3,2,3,1,45,25,1,2,2,2,2,4,2,2,2,1,2,0,0,0,0,0,0,0,0,0,0,0,0,0,0,0,0
"2024",1,2,4,1,21,30,1,2,2,2,1,3,2,2,2,1,2,0,0,0,0,0,0,0,0,0,0,0,0,0,0,0,3
"2024",4,2,7,1,24,0,2,2,2,2,2,0,0,0,0,0,0,0,0,0,0,0,0,0,0,0,0,0,0,0,0,0,0
"2024",4,2,2,1,69,0,2,2,2,2,2,0,0,0,0,0,0,0,0,0,0,0,0,0,0,0,0,0,0,0,0,0,0
"2024",4,2,0,1,48,0,2,2,2,2,2,0,0,0,0,0,0,0,0,0,0,0,0,0,0,0,0,0,0,0,0,0,0
"2024",1,2,0,7,47,5,2,2,2,2,1,0,0,0,0,0,0,0,0,0,0,0,0,0,0,0,0,0,0,0,0,0,3
"2024",1,2,3,7,45,30,1,2,2,2,2,4,2,2,2,2,1,0,0,0,0,0,0,0,0,0,0,0,0,0,0,0,0
"2024",3,2,4,1,21,30,1,2,2,1,1,1,1,2,2,2,2,0,0,0,0,0,0,0,0,0,0,0,0,0,0,0,1
"2024",1,1,7,1,40,120,2,1,1,2,1,0,0,0,0,0,0,1,2,2,2,2,2,2,1,2,4,2,2,2,2,1,1
"2024",4,2,2,7,61,0,2,2,2,2,2,0,0,0,0,0,0,0,0,0,0,0,0,0,0,0,0,0,0,0,0,0,0
"2024",4,2,7,8,65,0,2,2,2,2,2,0,0,0,0,0,0,0,0,0,0,0,0,0,0,0,0,0,0,0,0,0,0
"2024",1,1,4,1,54,10,1,2,1,2,2,4,1,2,2,2,2,0,0,0,0,0,0,0,0,0,4,2,1,2,2,2,0
"2024",4,2,3,1,47,0,2,2,2,2,2,0,0,0,0,0,0,0,0,0,0,0,0,0,0,0,0,0,0,0,0,0,0
"2024",3,2,7,1,39,10,2,2,2,2,1,0,0,0,0,0,0,0,0,0,0,0,0,0,0,0,0,0,0,0,0,0,4
"2024",1,1,4,3,45,5,2,2,1,2,1,0,0,0,0,0,0,0,0,0,0,0,0,0,0,0,3,2,2,2,2,1,1
"2024",1,2,4,6,21,60,1,1,2,2,1,4,2,2,2,1,2,2,2,2,2,2,2,2,1,2,0,0,0,0,0,0,2
"2024",1,2,4,1,20,20,1,2,2,2,2,2,2,2,2,2,1,0,0,0,0,0,0,0,0,0,0,0,0,0,0,0,0
"2024",3,1,7,1,71,10,2,2,2,2,1,0,0,0,0,0,0,0,0,0,0,0,0,0,0,0,0,0,0,0,0,0,3
"2024",3,2,7,1,57,20,2,2,2,2,1,0,0,0,0,0,0,0,0,0,0,0,0,0,0,0,0,0,0,0,0,0,4
"2024",3,2,3,1,45,5,2,1,2,2,1,0,0,0,0,0,0,4,2,2,2,1,2,2,2,1,0,0,0,0,0,0,4
"2024",1,2,6,1,26,30,1,2,2,2,1,4,2,2,1,2,2,0,0,0,0,0,0,0,0,0,0,0,0,0,0,0,4
"2024",1,1,6,1,44,30,1,1,1,1,1,3,2,1,2,1,1,4,2,1,2,2,2,1,1,2,3,1,1,1,2,2,1
"2024",3,2,3,7,22,10,2,2,2,2,1,0,0,0,0,0,0,0,0,0,0,0,0,0,0,0,0,0,0,0,0,0,4
"2024",4,1,6,1,55,0,2,2,2,2,2,0,0,0,0,0,0,0,0,0,0,0,0,0,0,0,0,0,0,0,0,0,0
"2024",1,1,4,1,47,20,2,1,1,2,2,0,0,0,0,0,0,4,2,2,2,2,2,2,1,2,4,1,1,2,2,2,0
"2024",1,2,7,1,59,30,2,1,2,2,1,0,0,0,0,0,0,4,2,2,2,2,1,2,2,2,0,0,0,0,0,0,1
"2024",1,2,6,8,65,90,1,1,2,2,1,4,2,2,2,1,2,4,2,2,2,2,2,1,2,2,0,0,0,0,0,0,4
"2024",1,2,7,8,61,20,1,1,1,2,2,4,2,2,2,2,1,4,2,2,2,1,2,2,2,2,4,1,1,1,1,1,0
"2024",1,2,7,1,63,30,1,1,2,2,2,5,2,2,2,2,1,5,2,2,2,2,1,2,2,2,0,0,0,0,0,0,0
"2024",1,2,7,8,67,60,1,2,2,1,1,4,2,2,2,2,1,0,0,0,0,0,0,0,0,0,0,0,0,0,0,0,4
"2024",3,1,4,1,50,5,2,2,1,2,1,0,0,0,0,0,0,0,0,0,0,0,0,0,0,0,4,2,1,2,2,2,4
"2024",0,1,2,1,25,0,0,0,0,0,0,0,0,0,0,0,0,0,0,0,0,0,0,0,0,0,0,0,0,0,0,0,0
"2024",4,2,4,1,33,0,2,2,2,2,2,0,0,0,0,0,0,0,0,0,0,0,0,0,0,0,0,0,0,0,0,0,0
"2024",3,2,7,1,51,5,2,2,1,2,2,0,0,0,0,0,0,0,0,0,0,0,0,0,0,0,4,2,1,2,1,2,0
"2024",4,2,7,8,65,0,2,2,2,2,2,0,0,0,0,0,0,0,0,0,0,0,0,0,0,0,0,0,0,0,0,0,0
"2024",1,1,7,1,21,30,1,2,2,1,2,1,2,2,2,1,1,0,0,0,0,0,0,0,0,0,0,0,0,0,0,0,0
"2024",1,2,7,7,62,60,1,2,2,2,1,4,2,2,2,2,1,0,0,0,0,0,0,0,0,0,0,0,0,0,0,0,3
"2024",1,2,7,1,31,60,1,2,1,2,1,4,2,2,2,1,2,0,0,0,0,0,0,0,0,0,3,1,2,2,2,2,1
"2024",1,2,2,8,82,15,1,2,1,2,2,4,2,2,2,2,1,0,0,0,0,0,0,0,0,0,4,2,2,2,1,2,0
"2024",4,1,7,1,52,0,2,2,2,2,2,0,0,0,0,0,0,0,0,0,0,0,0,0,0,0,0,0,0,0,0,0,0
"2024",1,2,7,1,53,45,1,2,2,2,2,3,2,2,1,2,2,0,0,0,0,0,0,0,0,0,0,0,0,0,0,0,0
"2024",4,1,3,1,62,0,2,2,2,2,2,0,0,0,0,0,0,0,0,0,0,0,0,0,0,0,0,0,0,0,0,0,0
"2024",4,1,4,8,60,0,2,2,2,2,2,0,0,0,0,0,0,0,0,0,0,0,0,0,0,0,0,0,0,0,0,0,0
"2024",1,2,7,1,28,25,2,2,2,2,1,0,0,0,0,0,0,0,0,0,0,0,0,0,0,0,0,0,0,0,0,0,3
"2024",1,2,3,7,67,30,2,2,1,2,2,0,0,0,0,0,0,0,0,0,0,0,0,0,0,0,3,1,1,1,2,1,0
"2024",1,1,7,1,76,30,1,2,2,2,1,1,2,1,2,2,2,0,0,0,0,0,0,0,0,0,0,0,0,0,0,0,1
"2024",1,2,7,1,32,30,1,2,2,2,1,1,2,1,2,2,2,0,0,0,0,0,0,0,0,0,0,0,0,0,0,0,1
"2024",1,2,7,1,46,20,2,2,2,2,1,0,0,0,0,0,0,0,0,0,0,0,0,0,0,0,0,0,0,0,0,0,3
"2024",4,2,2,7,71,0,2,2,2,2,2,0,0,0,0,0,0,0,0,0,0,0,0,0,0,0,0,0,0,0,0,0,0
"2024",4,1,3,4,38,0,2,2,2,2,2,0,0,0,0,0,0,0,0,0,0,0,0,0,0,0,0,0,0,0,0,0,0
"2024",4,2,3,1,51,0,2,2,2,2,2,0,0,0,0,0,0,0,0,0,0,0,0,0,0,0,0,0,0,0,0,0,0
"2024",1,1,4,1,28,10,2,2,2,2,1,0,0,0,0,0,0,0,0,0,0,0,0,0,0,0,0,0,0,0,0,0,4
"2024",1,1,3,1,58,20,2,1,2,2,2,0,0,0,0,0,0,5,2,2,2,2,1,2,2,2,0,0,0,0,0,0,0
"2024",1,1,7,1,25,60,1,2,1,1,1,4,2,1,2,1,2,0,0,0,0,0,0,0,0,0,4,1,2,1,1,2,4
"2024",1,2,4,7,35,30,1,2,2,2,2,4,2,2,2,1,2,0,0,0,0,0,0,0,0,0,0,0,0,0,0,0,0
"2024",1,2,7,1,33,20,1,2,2,2,2,4,2,2,2,1,2,0,0,0,0,0,0,0,0,0,0,0,0,0,0,0,0
"2024",1,2,6,1,60,30,1,2,1,2,1,4,2,2,2,2,1,0,0,0,0,0,0,0,0,0,3,1,1,2,2,1,3
"2024",4,1,3,1,40,0,2,2,2,2,2,0,0,0,0,0,0,0,0,0,0,0,0,0,0,0,0,0,0,0,0,0,0
"2024",3,1,4,1,29,5,2,2,1,2,1,0,0,0,0,0,0,0,0,0,0,0,0,0,0,0,3,2,1,2,2,1,3
"2024",1,2,6,1,47,10,1,2,2,2,2,6,2,2,2,1,2,0,0,0,0,0,0,0,0,0,0,0,0,0,0,0,0
"2024",1,2,7,1,42,30,2,1,1,2,1,0,0,0,0,0,0,1,2,1,2,2,2,2,1,2,1,2,2,2,2,2,6
"2024",1,2,3,7,77,5,2,2,1,2,2,0,0,0,0,0,0,0,0,0,0,0,0,0,0,0,4,2,2,2,2,1,0
"2024",4,1,2,1,36,0,2,2,2,2,2,0,0,0,0,0,0,0,0,0,0,0,0,0,0,0,0,0,0,0,0,0,0
"2024",3,2,4,1,19,20,1,2,2,2,2,4,2,2,2,1,2,0,0,0,0,0,0,0,0,0,0,0,0,0,0,0,0
"2024",4,1,3,1,45,0,2,2,2,2,2,0,0,0,0,0,0,0,0,0,0,0,0,0,0,0,0,0,0,0,0,0,0
"2024",4,2,3,1,26,0,2,2,2,2,2,0,0,0,0,0,0,0,0,0,0,0,0,0,0,0,0,0,0,0,0,0,0
"2024",4,1,4,1,28,0,2,2,2,2,2,0,0,0,0,0,0,0,0,0,0,0,0,0,0,0,0,0,0,0,0,0,0
"2024",1,2,3,1,30,60,1,2,2,1,1,4,2,2,1,1,1,0,0,0,0,0,0,0,0,0,0,0,0,0,0,0,4
"2024",1,1,3,1,46,15,2,1,2,2,1,0,0,0,0,0,0,3,2,2,2,2,2,2,1,2,0,0,0,0,0,0,3
"2024",4,1,3,1,54,0,2,2,2,2,2,0,0,0,0,0,0,0,0,0,0,0,0,0,0,0,0,0,0,0,0,0,0
"2024",3,2,3,8,66,20,2,2,1,2,2,0,0,0,0,0,0,0,0,0,0,0,0,0,0,0,3,2,2,2,2,1,0
"2024",3,1,3,1,54,20,2,2,2,2,1,0,0,0,0,0,0,0,0,0,0,0,0,0,0,0,0,0,0,0,0,0,1
"2024",1,2,8,1,30,30,1,1,1,2,1,1,2,1,2,2,2,4,2,2,2,1,2,2,2,2,3,2,2,1,2,2,1
"2024",1,2,7,1,56,60,1,1,2,2,1,1,2,1,2,2,2,1,2,2,2,2,2,1,2,2,0,0,0,0,0,0,1
"2024",1,1,7,1,56,40,1,2,1,2,1,3,2,2,1,2,2,0,0,0,0,0,0,0,0,0,3,1,1,2,2,1,3
"2024",4,2,6,7,43,0,2,2,2,2,2,0,0,0,0,0,0,0,0,0,0,0,0,0,0,0,0,0,0,0,0,0,0
"2024",1,2,8,8,71,70,1,1,2,2,2,3,2,1,2,2,2,3,2,1,2,2,2,2,2,2,0,0,0,0,0,0,0
"2024",1,1,9,8,63,20,2,2,1,2,1,0,0,0,0,0,0,0,0,0,0,0,0,0,0,0,3,1,2,2,2,1,3
"2024",1,1,4,1,44,20,2,2,1,2,1,0,0,0,0,0,0,0,0,0,0,0,0,0,0,0,3,1,1,1,1,1,3
"2024",4,1,3,1,47,0,2,2,2,2,2,0,0,0,0,0,0,0,0,0,0,0,0,0,0,0,0,0,0,0,0,0,0
"2024",1,2,3,1,47,30,2,2,2,2,1,0,0,0,0,0,0,0,0,0,0,0,0,0,0,0,0,0,0,0,0,0,4
"2024",1,1,4,1,19,30,1,1,1,2,1,2,2,1,2,2,2,2,2,2,1,2,2,2,2,2,3,2,1,2,1,1,2
"2024",4,2,6,1,58,0,2,2,2,2,2,0,0,0,0,0,0,0,0,0,0,0,0,0,0,0,0,0,0,0,0,0,0
"2024",0,1,2,4,44,0,0,0,0,0,0,0,0,0,0,0,0,0,0,0,0,0,0,0,0,0,0,0,0,0,0,0,0
"2024",1,2,4,1,43,60,1,2,1,2,1,4,2,2,2,1,2,0,0,0,0,0,0,0,0,0,3,2,2,2,2,1,3
"2024",1,2,3,1,47,30,1,1,2,2,2,4,2,2,1,2,2,4,2,2,2,2,1,2,2,2,0,0,0,0,0,0,0
"2024",1,2,4,1,32,30,1,2,2,2,1,3,2,2,2,2,1,0,0,0,0,0,0,0,0,0,0,0,0,0,0,0,3
"2024",1,1,8,1,45,30,1,1,1,2,1,4,2,1,2,1,2,6,2,1,2,2,2,2,2,2,3,1,1,1,2,1,3
"2024",1,1,9,1,68,45,1,2,1,2,2,3,2,2,1,2,2,0,0,0,0,0,0,0,0,0,3,1,1,1,2,1,0
"2024",1,2,5,7,71,10,1,2,2,2,2,5,2,2,1,2,2,0,0,0,0,0,0,0,0,0,0,0,0,0,0,0,0
"2024",1,2,7,1,26,60,1,1,2,1,1,4,2,2,2,1,2,4,2,2,2,2,2,1,2,2,0,0,0,0,0,0,4
"2024",1,1,7,1,46,30,1,2,1,2,1,3,2,2,2,1,2,0,0,0,0,0,0,0,0,0,3,2,2,1,2,2,3
"2024",1,1,4,1,61,20,1,2,1,2,2,5,2,2,1,2,2,0,0,0,0,0,0,0,0,0,3,1,1,1,2,1,0
"2024",1,1,7,1,34,5,1,2,2,2,2,3,2,2,2,1,2,0,0,0,0,0,0,0,0,0,0,0,0,0,0,0,0
"2024",3,2,6,7,61,10,1,2,2,2,2,5,2,2,1,2,2,0,0,0,0,0,0,0,0,0,0,0,0,0,0,0,0
"2024",4,2,7,1,28,0,2,2,2,2,2,0,0,0,0,0,0,0,0,0,0,0,0,0,0,0,0,0,0,0,0,0,0
"2024",1,2,4,7,27,20,1,2,2,2,1,5,2,2,1,2,2,0,0,0,0,0,0,0,0,0,0,0,0,0,0,0,2
"2024",1,1,4,1,39,30,1,2,2,2,1,3,2,2,1,2,2,0,0,0,0,0,0,0,0,0,0,0,0,0,0,0,3
"2024",1,1,3,1,69,30,1,2,2,2,2,1,1,2,2,2,2,0,0,0,0,0,0,0,0,0,0,0,0,0,0,0,0
"2024",1,2,4,1,46,5,2,2,2,2,1,0,0,0,0,0,0,0,0,0,0,0,0,0,0,0,0,0,0,0,0,0,4
"2024",1,1,3,7,59,30,2,2,1,2,2,0,0,0,0,0,0,0,0,0,0,0,0,0,0,0,3,2,1,1,2,1,0
"2024",1,2,6,1,57,10,1,2,2,2,2,5,2,2,1,2,2,0,0,0,0,0,0,0,0,0,0,0,0,0,0,0,0
"2024",1,2,4,1,47,10,1,2,2,2,2,5,2,2,1,2,2,0,0,0,0,0,0,0,0,0,0,0,0,0,0,0,0
"2024",4,1,4,1,47,0,2,2,2,2,2,0,0,0,0,0,0,0,0,0,0,0,0,0,0,0,0,0,0,0,0,0,0
"2024",1,2,7,1,40,30,1,1,2,2,1,1,2,1,2,2,2,3,2,2,2,2,2,1,2,2,0,0,0,0,0,0,3
"2024",1,2,8,1,49,180,1,2,2,2,1,2,2,2,1,2,1,0,0,0,0,0,0,0,0,0,0,0,0,0,0,0,3
"2024",1,1,7,6,20,60,1,2,2,2,1,2,2,1,2,2,2,0,0,0,0,0,0,0,0,0,0,0,0,0,0,0,2
"2024",4,2,4,7,74,0,2,2,2,2,2,0,0,0,0,0,0,0,0,0,0,0,0,0,0,0,0,0,0,0,0,0,0
"2024",1,2,6,7,65,30,1,2,2,1,2,5,2,2,1,2,2,0,0,0,0,0,0,0,0,0,0,0,0,0,0,0,0
"2024",1,2,7,1,22,10,1,1,2,2,1,2,2,1,2,2,2,1,2,2,2,2,2,2,2,1,0,0,0,0,0,0,2
"2024",0,2,0,1,62,0,0,0,0,0,0,0,0,0,0,0,0,0,0,0,0,0,0,0,0,0,0,0,0,0,0,0,0
"2024",1,2,7,1,41,60,1,2,2,1,1,1,2,1,2,2,2,0,0,0,0,0,0,0,0,0,0,0,0,0,0,0,1
"2024",1,1,3,1,42,20,1,1,2,1,1,3,2,2,1,2,2,1,2,2,2,2,1,2,2,2,0,0,0,0,0,0,1
"2024",1,1,7,8,83,30,1,2,1,2,2,4,2,2,2,1,2,0,0,0,0,0,0,0,0,0,4,2,2,1,2,1,0
"2024",4,2,2,7,76,0,2,2,2,2,2,0,0,0,0,0,0,0,0,0,0,0,0,0,0,0,0,0,0,0,0,0,0
"2024",1,2,7,1,54,30,1,2,2,2,2,5,2,2,1,2,2,0,0,0,0,0,0,0,0,0,0,0,0,0,0,0,0
"2024",1,2,4,7,32,10,1,2,2,2,1,4,2,2,1,2,2,0,0,0,0,0,0,0,0,0,0,0,0,0,0,0,3
"2024",1,2,2,7,58,5,1,2,2,2,2,5,2,2,1,2,2,0,0,0,0,0,0,0,0,0,0,0,0,0,0,0,0
"2024",1,2,2,7,73,10,1,2,2,2,2,5,2,2,1,2,2,0,0,0,0,0,0,0,0,0,0,0,0,0,0,0,0
"2024",1,2,7,7,25,15,1,2,2,1,1,4,2,2,2,1,2,0,0,0,0,0,0,0,0,0,0,0,0,0,0,0,4
"2024",1,2,4,1,48,60,1,2,2,1,2,4,2,2,2,1,2,0,0,0,0,0,0,0,0,0,0,0,0,0,0,0,0
"2024",1,1,7,1,37,25,1,2,1,2,1,1,1,2,2,2,2,0,0,0,0,0,0,0,0,0,1,1,1,2,2,1,1
"2024",1,2,3,5,44,15,1,2,2,1,2,5,2,2,1,2,2,0,0,0,0,0,0,0,0,0,0,0,0,0,0,0,0
"2024",3,1,4,1,46,20,2,2,2,2,1,0,0,0,0,0,0,0,0,0,0,0,0,0,0,0,0,0,0,0,0,0,3
"2024",4,2,3,1,37,0,2,2,2,2,2,0,0,0,0,0,0,0,0,0,0,0,0,0,0,0,0,0,0,0,0,0,0
"2024",4,1,4,1,24,0,2,2,2,2,2,0,0,0,0,0,0,0,0,0,0,0,0,0,0,0,0,0,0,0,0,0,0
"2024",4,2,7,1,46,0,2,2,2,2,2,0,0,0,0,0,0,0,0,0,0,0,0,0,0,0,0,0,0,0,0,0,0
"2024",4,2,2,8,73,0,2,2,2,2,2,0,0,0,0,0,0,0,0,0,0,0,0,0,0,0,0,0,0,0,0,0,0
"2024",1,2,6,1,36,60,1,2,2,2,2,3,2,2,1,2,1,0,0,0,0,0,0,0,0,0,0,0,0,0,0,0,0
"2024",4,1,6,8,71,0,2,2,2,2,2,0,0,0,0,0,0,0,0,0,0,0,0,0,0,0,0,0,0,0,0,0,0
"2024",1,2,4,10,39,5,2,2,2,2,1,0,0,0,0,0,0,0,0,0,0,0,0,0,0,0,0,0,0,0,0,0,3
"2024",1,1,7,8,77,40,1,2,2,2,2,4,2,2,2,1,2,0,0,0,0,0,0,0,0,0,0,0,0,0,0,0,0
"2024",1,1,7,1,30,40,1,2,2,2,2,2,2,1,2,2,2,0,0,0,0,0,0,0,0,0,0,0,0,0,0,0,0
"2024",4,1,7,8,39,0,2,2,2,2,2,0,0,0,0,0,0,0,0,0,0,0,0,0,0,0,0,0,0,0,0,0,0
"2024",3,2,6,1,49,30,2,2,2,2,1,0,0,0,0,0,0,0,0,0,0,0,0,0,0,0,0,0,0,0,0,0,3
"2024",1,1,4,1,55,20,2,2,1,2,2,0,0,0,0,0,0,0,0,0,0,0,0,0,0,0,3,1,1,2,2,1,0
"2024",1,2,7,1,35,40,1,2,2,2,1,4,2,2,2,1,2,0,0,0,0,0,0,0,0,0,0,0,0,0,0,0,4
"2024",1,1,3,1,44,30,2,1,2,2,1,0,0,0,0,0,0,4,2,2,2,1,2,2,2,2,0,0,0,0,0,0,1
"2024",1,2,3,7,35,30,1,2,2,2,2,6,2,1,2,2,2,0,0,0,0,0,0,0,0,0,0,0,0,0,0,0,0
"2024",3,1,7,4,21,30,1,1,2,1,1,4,2,2,2,1,2,4,2,2,2,2,2,2,2,1,0,0,0,0,0,0,3
"2024",3,2,4,7,36,30,2,2,2,2,1,0,0,0,0,0,0,0,0,0,0,0,0,0,0,0,0,0,0,0,0,0,3
"2024",4,1,4,1,41,0,2,2,2,2,2,0,0,0,0,0,0,0,0,0,0,0,0,0,0,0,0,0,0,0,0,0,0
"2024",3,2,4,7,21,30,2,2,2,2,1,0,0,0,0,0,0,0,0,0,0,0,0,0,0,0,0,0,0,0,0,0,3
"2024",4,2,0,7,64,0,2,2,2,2,2,0,0,0,0,0,0,0,0,0,0,0,0,0,0,0,0,0,0,0,0,0,0
"2024",3,1,4,1,24,35,2,2,2,2,1,0,0,0,0,0,0,0,0,0,0,0,0,0,0,0,0,0,0,0,0,0,3
"2024",1,1,7,6,20,60,1,2,2,2,1,6,2,2,1,2,2,0,0,0,0,0,0,0,0,0,0,0,0,0,0,0,3
"2024",4,1,4,1,25,0,2,2,2,2,2,0,0,0,0,0,0,0,0,0,0,0,0,0,0,0,0,0,0,0,0,0,0
"2024",4,2,3,1,34,0,2,2,2,2,2,0,0,0,0,0,0,0,0,0,0,0,0,0,0,0,0,0,0,0,0,0,0
"2024",4,1,3,2,24,0,2,2,2,2,2,0,0,0,0,0,0,0,0,0,0,0,0,0,0,0,0,0,0,0,0,0,0
"2024",3,1,4,1,44,60,2,2,2,2,1,0,0,0,0,0,0,0,0,0,0,0,0,0,0,0,0,0,0,0,0,0,1
"2024",1,2,4,7,38,60,2,2,2,2,1,0,0,0,0,0,0,0,0,0,0,0,0,0,0,0,0,0,0,0,0,0,4
"2024",1,2,4,7,47,30,1,1,2,2,1,3,2,2,1,2,2,4,2,2,2,2,1,2,1,2,0,0,0,0,0,0,3
"2024",4,2,7,1,55,0,2,2,2,2,2,0,0,0,0,0,0,0,0,0,0,0,0,0,0,0,0,0,0,0,0,0,0
"2024",4,1,7,1,60,0,2,2,2,2,2,0,0,0,0,0,0,0,0,0,0,0,0,0,0,0,0,0,0,0,0,0,0
"2024",1,2,3,7,53,40,2,2,2,2,1,0,0,0,0,0,0,0,0,0,0,0,0,0,0,0,0,0,0,0,0,0,3
"2024",3,2,7,6,21,60,2,2,2,2,1,0,0,0,0,0,0,0,0,0,0,0,0,0,0,0,0,0,0,0,0,0,2
"2024",3,2,4,7,40,5,2,2,2,2,1,0,0,0,0,0,0,0,0,0,0,0,0,0,0,0,0,0,0,0,0,0,4
"2024",1,2,2,7,55,30,1,1,2,2,1,5,2,2,1,2,2,4,2,2,2,2,2,2,2,1,0,0,0,0,0,0,3
"2024",0,1,2,10,87,0,0,0,0,0,0,0,0,0,0,0,0,0,0,0,0,0,0,0,0,0,0,0,0,0,0,0,0
"2024",4,2,2,2,68,0,2,2,2,2,2,0,0,0,0,0,0,0,0,0,0,0,0,0,0,0,0,0,0,0,0,0,0
"2024",4,2,7,1,41,0,2,2,2,2,2,0,0,0,0,0,0,0,0,0,0,0,0,0,0,0,0,0,0,0,0,0,0
"2024",4,2,6,1,51,0,2,2,2,2,2,0,0,0,0,0,0,0,0,0,0,0,0,0,0,0,0,0,0,0,0,0,0
"2024",1,2,7,1,40,120,1,2,2,2,1,2,2,1,2,2,2,0,0,0,0,0,0,0,0,0,0,0,0,0,0,0,2
"2024",1,2,4,7,60,15,2,2,2,2,1,0,0,0,0,0,0,0,0,0,0,0,0,0,0,0,0,0,0,0,0,0,3
"2024",3,1,7,8,62,60,2,2,1,2,1,0,0,0,0,0,0,0,0,0,0,0,0,0,0,0,3,2,2,1,1,1,3
"2024",4,1,2,1,47,0,2,2,2,2,2,0,0,0,0,0,0,0,0,0,0,0,0,0,0,0,0,0,0,0,0,0,0
"2024",3,1,7,1,34,30,2,2,2,2,1,0,0,0,0,0,0,0,0,0,0,0,0,0,0,0,0,0,0,0,0,0,4
"2024",4,1,2,1,44,0,2,2,2,2,2,0,0,0,0,0,0,0,0,0,0,0,0,0,0,0,0,0,0,0,0,0,0
"2024",1,2,3,7,33,30,1,2,2,2,2,4,2,2,2,1,2,0,0,0,0,0,0,0,0,0,0,0,0,0,0,0,0
"2024",1,2,2,1,33,15,1,2,2,1,2,5,2,2,2,1,2,0,0,0,0,0,0,0,0,0,0,0,0,0,0,0,0
"2024",1,2,7,6,33,300,1,2,2,2,1,4,2,1,1,1,2,0,0,0,0,0,0,0,0,0,0,0,0,0,0,0,2
"2024",2,1,2,8,71,0,2,2,2,2,2,0,0,0,0,0,0,0,0,0,0,0,0,0,0,0,0,0,0,0,0,0,0
"2024",1,1,4,1,19,30,1,2,1,2,1,2,2,1,2,1,2,0,0,0,0,0,0,0,0,0,4,1,2,1,2,1,2
"2024",4,2,3,7,30,0,2,2,2,2,2,0,0,0,0,0,0,0,0,0,0,0,0,0,0,0,0,0,0,0,0,0,0
"2024",4,2,7,7,31,0,2,2,2,2,2,0,0,0,0,0,0,0,0,0,0,0,0,0,0,0,0,0,0,0,0,0,0
"2024",1,2,3,7,40,60,1,2,2,2,1,4,2,2,2,1,2,0,0,0,0,0,0,0,0,0,0,0,0,0,0,0,4
"2024",4,1,4,1,62,0,2,2,2,2,2,0,0,0,0,0,0,0,0,0,0,0,0,0,0,0,0,0,0,0,0,0,0
"2024",3,2,3,7,56,10,2,2,1,2,2,0,0,0,0,0,0,0,0,0,0,0,0,0,0,0,4,1,1,1,1,1,0
"2024",4,1,3,1,38,0,2,2,2,2,2,0,0,0,0,0,0,0,0,0,0,0,0,0,0,0,0,0,0,0,0,0,0
"2024",4,2,4,4,32,0,2,2,2,2,2,0,0,0,0,0,0,0,0,0,0,0,0,0,0,0,0,0,0,0,0,0,0
"2024",1,2,3,1,23,10,2,2,2,1,1,0,0,0,0,0,0,0,0,0,0,0,0,0,0,0,0,0,0,0,0,0,1
"2024",2,2,3,7,57,0,2,2,2,2,2,0,0,0,0,0,0,0,0,0,0,0,0,0,0,0,0,0,0,0,0,0,0
"2024",1,2,5,8,67,60,1,2,1,2,2,4,1,2,1,2,2,0,0,0,0,0,0,0,0,0,3,1,1,1,1,1,0
"2024",1,1,4,1,18,60,1,2,2,1,1,2,2,1,2,2,2,0,0,0,0,0,0,0,0,0,0,0,0,0,0,0,3
"2024",1,1,4,6,19,15,1,2,2,2,1,2,2,1,2,2,2,0,0,0,0,0,0,0,0,0,0,0,0,0,0,0,2
"2024",3,1,5,8,69,15,2,2,2,2,1,0,0,0,0,0,0,0,0,0,0,0,0,0,0,0,0,0,0,0,0,0,4
"2024",3,2,7,1,30,20,2,1,2,2,1,0,0,0,0,0,0,3,2,2,1,2,2,1,2,2,0,0,0,0,0,0,4
"2024",1,2,3,7,54,60,1,2,2,2,2,4,2,2,1,2,2,0,0,0,0,0,0,0,0,0,0,0,0,0,0,0,0
"2024",1,1,7,1,45,40,1,2,2,2,2,1,1,2,2,2,2,0,0,0,0,0,0,0,0,0,0,0,0,0,0,0,0
"2024",1,2,4,1,28,20,2,1,2,2,1,0,0,0,0,0,0,4,2,2,2,1,2,2,2,1,0,0,0,0,0,0,4
"2024",4,2,3,7,44,0,2,2,2,2,2,0,0,0,0,0,0,0,0,0,0,0,0,0,0,0,0,0,0,0,0,0,0
"2024",3,2,7,1,44,10,2,2,2,2,1,0,0,0,0,0,0,0,0,0,0,0,0,0,0,0,0,0,0,0,0,0,4
"2024",1,1,7,1,55,10,2,2,2,2,1,0,0,0,0,0,0,0,0,0,0,0,0,0,0,0,0,0,0,0,0,0,4
"2024",1,2,7,1,24,60,1,2,2,2,1,1,1,1,2,2,2,0,0,0,0,0,0,0,0,0,0,0,0,0,0,0,3
"2024",1,2,4,7,20,10,2,2,2,2,1,0,0,0,0,0,0,0,0,0,0,0,0,0,0,0,0,0,0,0,0,0,4
"2024",1,2,3,7,42,20,2,2,2,2,1,0,0,0,0,0,0,0,0,0,0,0,0,0,0,0,0,0,0,0,0,0,2
"2024",4,2,3,1,28,0,2,2,2,2,2,0,0,0,0,0,0,0,0,0,0,0,0,0,0,0,0,0,0,0,0,0,0
"2024",4,2,3,7,47,0,2,2,2,2,2,0,0,0,0,0,0,0,0,0,0,0,0,0,0,0,0,0,0,0,0,0,0
"2024",4,2,2,7,51,0,2,2,2,2,2,0,0,0,0,0,0,0,0,0,0,0,0,0,0,0,0,0,0,0,0,0,0
"2024",1,2,3,1,21,30,2,2,2,1,2,0,0,0,0,0,0,0,0,0,0,0,0,0,0,0,0,0,0,0,0,0,0
"2024",1,1,6,1,55,120,1,1,1,2,1,1,2,1,2,2,2,1,2,1,2,2,2,1,2,2,3,1,1,1,1,1,1
"2024",4,1,4,1,56,0,2,2,2,2,2,0,0,0,0,0,0,0,0,0,0,0,0,0,0,0,0,0,0,0,0,0,0
"2024",1,1,7,1,51,15,1,2,1,2,2,3,2,2,2,1,2,0,0,0,0,0,0,0,0,0,3,1,2,1,1,2,0
"2024",4,1,2,1,61,0,2,2,2,2,2,0,0,0,0,0,0,0,0,0,0,0,0,0,0,0,0,0,0,0,0,0,0
"2024",1,1,3,1,44,60,2,2,2,2,1,0,0,0,0,0,0,0,0,0,0,0,0,0,0,0,0,0,0,0,0,0,3
"2024",3,1,2,1,21,38,2,2,2,2,1,0,0,0,0,0,0,0,0,0,0,0,0,0,0,0,0,0,0,0,0,0,3
"2024",2,1,6,8,68,0,2,2,2,2,2,0,0,0,0,0,0,0,0,0,0,0,0,0,0,0,0,0,0,0,0,0,0
"2024",4,1,4,1,28,0,2,2,2,2,2,0,0,0,0,0,0,0,0,0,0,0,0,0,0,0,0,0,0,0,0,0,0
"2024",3,2,7,1,29,20,2,1,2,2,2,0,0,0,0,0,0,1,2,2,1,2,2,2,2,2,0,0,0,0,0,0,0
"2024",4,2,3,7,51,0,2,2,2,2,2,0,0,0,0,0,0,0,0,0,0,0,0,0,0,0,0,0,0,0,0,0,0
"2024",1,1,4,1,37,10,1,1,2,2,2,4,2,2,1,2,2,4,2,2,1,2,2,2,2,2,0,0,0,0,0,0,0
"2024",1,2,2,7,62,40,2,2,1,2,2,0,0,0,0,0,0,0,0,0,0,0,0,0,0,0,4,1,2,1,1,1,0
"2024",1,1,4,1,60,30,2,1,1,2,2,0,0,0,0,0,0,3,2,1,2,2,2,2,2,2,3,1,1,1,1,1,0
"2024",1,2,4,1,52,45,1,2,2,2,2,4,2,2,1,2,2,0,0,0,0,0,0,0,0,0,0,0,0,0,0,0,0
"2024",1,1,7,1,37,60,1,2,2,2,1,4,2,1,2,2,2,0,0,0,0,0,0,0,0,0,0,0,0,0,0,0,4
"2024",1,1,7,1,33,50,2,2,1,2,2,0,0,0,0,0,0,0,0,0,0,0,0,0,0,0,4,1,1,1,1,1,0
"2024",1,2,4,8,60,20,1,2,2,2,2,4,2,2,2,1,2,0,0,0,0,0,0,0,0,0,0,0,0,0,0,0,0
"2024",4,1,3,1,55,0,2,2,2,2,2,0,0,0,0,0,0,0,0,0,0,0,0,0,0,0,0,0,0,0,0,0,0
"2024",1,2,2,8,63,60,1,2,1,2,2,3,2,1,2,2,2,0,0,0,0,0,0,0,0,0,4,1,1,1,1,1,0
"2024",4,2,4,1,40,0,2,2,2,2,2,0,0,0,0,0,0,0,0,0,0,0,0,0,0,0,0,0,0,0,0,0,0
"2024",1,2,7,7,51,45,1,2,1,2,2,4,2,2,1,1,2,0,0,0,0,0,0,0,0,0,3,1,1,1,1,1,0
"2024",1,1,6,1,23,50,1,2,2,2,1,1,2,1,2,2,2,0,0,0,0,0,0,0,0,0,0,0,0,0,0,0,1
"2024",4,2,2,1,57,0,2,2,2,2,2,0,0,0,0,0,0,0,0,0,0,0,0,0,0,0,0,0,0,0,0,0,0
"2024",4,2,2,1,78,0,2,2,2,2,2,0,0,0,0,0,0,0,0,0,0,0,0,0,0,0,0,0,0,0,0,0,0
"2024",3,2,2,1,50,10,2,2,1,2,2,0,0,0,0,0,0,0,0,0,0,0,0,0,0,0,3,1,2,1,1,1,0
"2024",1,2,4,1,38,60,1,2,2,2,1,4,2,2,2,1,2,0,0,0,0,0,0,0,0,0,0,0,0,0,0,0,4
"2024",1,2,4,7,48,25,1,2,2,2,2,4,2,2,1,2,2,0,0,0,0,0,0,0,0,0,0,0,0,0,0,0,0
"2024",4,1,2,1,33,0,2,2,2,2,2,0,0,0,0,0,0,0,0,0,0,0,0,0,0,0,0,0,0,0,0,0,0
"2024",1,1,3,1,59,50,2,2,1,2,2,0,0,0,0,0,0,0,0,0,0,0,0,0,0,0,4,1,1,1,1,1,0
"2024",1,2,3,7,51,30,2,1,2,2,2,0,0,0,0,0,0,4,2,2,2,2,2,2,2,1,0,0,0,0,0,0,0
"2024",1,1,7,8,80,40,2,2,1,2,2,0,0,0,0,0,0,0,0,0,0,0,0,0,0,0,4,1,1,1,1,1,0
"2024",1,2,7,7,48,60,1,2,2,2,1,4,2,1,1,2,2,0,0,0,0,0,0,0,0,0,0,0,0,0,0,0,4
"2024",1,2,7,1,44,70,1,2,2,2,2,3,2,2,1,2,2,0,0,0,0,0,0,0,0,0,0,0,0,0,0,0,0
"2024",4,1,4,1,42,0,2,2,2,2,2,0,0,0,0,0,0,0,0,0,0,0,0,0,0,0,0,0,0,0,0,0,0
"2024",0,2,0,1,75,0,0,0,0,0,0,0,0,0,0,0,0,0,0,0,0,0,0,0,0,0,0,0,0,0,0,0,0
"2024",1,2,2,1,77,10,2,1,1,2,2,0,0,0,0,0,0,4,2,2,1,2,2,2,2,2,3,1,2,1,1,2,0
"2024",3,2,4,1,25,20,2,1,2,2,2,0,0,0,0,0,0,3,2,2,2,1,2,2,2,2,0,0,0,0,0,0,0
"2024",1,2,4,6,18,60,1,2,2,2,1,2,2,1,2,2,2,0,0,0,0,0,0,0,0,0,0,0,0,0,0,0,2
"2024",1,2,3,1,35,50,2,1,1,2,2,0,0,0,0,0,0,4,2,2,2,1,2,2,2,1,4,2,1,1,1,1,0
"2024",1,2,3,7,57,45,2,2,1,2,2,0,0,0,0,0,0,0,0,0,0,0,0,0,0,0,4,1,1,1,1,1,0
"2024",1,1,7,1,41,60,1,2,2,2,2,3,2,1,2,2,2,0,0,0,0,0,0,0,0,0,0,0,0,0,0,0,0
"2024",4,1,4,1,40,0,2,2,2,2,2,0,0,0,0,0,0,0,0,0,0,0,0,0,0,0,0,0,0,0,0,0,0
"2024",1,2,4,7,61,60,1,2,2,2,2,5,2,2,1,2,2,0,0,0,0,0,0,0,0,0,0,0,0,0,0,0,0
"2024",1,2,7,1,24,60,1,2,2,2,2,4,2,2,2,2,1,0,0,0,0,0,0,0,0,0,0,0,0,0,0,0,0
"2024",1,2,7,6,22,60,1,2,2,2,1,2,2,1,2,2,2,0,0,0,0,0,0,0,0,0,0,0,0,0,0,0,2
"2024",1,1,3,1,52,60,1,2,2,2,2,3,2,2,1,2,2,0,0,0,0,0,0,0,0,0,0,0,0,0,0,0,0
"2024",1,2,3,7,45,10,2,1,2,2,1,0,0,0,0,0,0,4,2,2,2,1,2,2,2,2,0,0,0,0,0,0,4
"2024",0,2,2,7,88,0,0,0,0,0,0,0,0,0,0,0,0,0,0,0,0,0,0,0,0,0,0,0,0,0,0,0,0
"2024",1,2,3,7,28,45,2,2,1,2,2,0,0,0,0,0,0,0,0,0,0,0,0,0,0,0,4,2,1,1,1,1,0
"2024",1,2,3,1,69,40,1,2,2,2,2,4,2,2,1,2,2,0,0,0,0,0,0,0,0,0,0,0,0,0,0,0,0
"2024",1,1,7,1,42,50,1,2,2,2,2,3,2,2,1,2,2,0,0,0,0,0,0,0,0,0,0,0,0,0,0,0,0
"2024",1,1,2,8,60,40,2,2,1,2,2,0,0,0,0,0,0,0,0,0,0,0,0,0,0,0,3,1,1,1,1,1,0
"2024",1,2,2,1,27,60,1,2,2,2,2,4,2,1,2,2,2,0,0,0,0,0,0,0,0,0,0,0,0,0,0,0,0
"2024",1,2,6,1,31,5,2,2,1,2,2,0,0,0,0,0,0,0,0,0,0,0,0,0,0,0,3,1,1,1,1,1,0
"2024",4,1,0,8,81,0,2,2,2,2,2,0,0,0,0,0,0,0,0,0,0,0,0,0,0,0,0,0,0,0,0,0,0
"2024",4,1,2,1,58,0,2,2,2,2,2,0,0,0,0,0,0,0,0,0,0,0,0,0,0,0,0,0,0,0,0,0,0
"2024",3,2,3,1,23,40,2,1,2,1,1,0,0,0,0,0,0,4,2,2,1,2,2,2,2,1,0,0,0,0,0,0,4
"2024",4,1,3,1,44,0,2,2,2,2,2,0,0,0,0,0,0,0,0,0,0,0,0,0,0,0,0,0,0,0,0,0,0
"2024",1,1,7,1,35,120,1,1,2,2,1,2,2,1,2,2,2,2,2,2,2,2,2,1,2,2,0,0,0,0,0,0,3
"2024",1,2,8,1,44,40,1,2,2,2,2,1,2,1,1,2,2,0,0,0,0,0,0,0,0,0,0,0,0,0,0,0,0
"2024",1,2,6,7,31,60,1,2,2,2,1,4,2,2,2,1,2,0,0,0,0,0,0,0,0,0,0,0,0,0,0,0,4
"2024",1,2,7,7,28,35,1,2,2,2,1,4,2,2,1,2,2,0,0,0,0,0,0,0,0,0,0,0,0,0,0,0,3
"2024",3,2,3,7,24,30,1,1,2,2,1,6,2,2,2,2,2,4,2,2,2,2,2,2,2,1,0,0,0,0,0,0,4
"2024",1,1,6,1,40,30,1,2,1,2,1,4,2,2,2,2,1,0,0,0,0,0,0,0,0,0,4,1,1,1,1,1,3
"2024",1,2,8,1,61,20,1,2,1,2,1,4,2,2,2,1,2,0,0,0,0,0,0,0,0,0,3,1,1,1,1,1,4
"2024",4,1,6,8,69,0,2,2,2,2,2,0,0,0,0,0,0,0,0,0,0,0,0,0,0,0,0,0,0,0,0,0,0
"2024",1,2,7,1,33,20,1,1,2,2,2,4,2,2,2,2,1,4,2,2,2,2,2,2,1,2,0,0,0,0,0,0,0
"2024",2,2,4,1,38,0,2,2,2,2,2,0,0,0,0,0,0,0,0,0,0,0,0,0,0,0,0,0,0,0,0,0,0
"2024",1,2,6,8,66,120,1,2,2,2,2,5,2,2,1,1,2,0,0,0,0,0,0,0,0,0,0,0,0,0,0,0,0
"2024",4,1,99,1,57,0,2,2,2,2,2,0,0,0,0,0,0,0,0,0,0,0,0,0,0,0,0,0,0,0,0,0,0
"2024",1,1,2,1,63,15,2,1,2,2,2,0,0,0,0,0,0,5,2,2,2,2,1,2,2,2,0,0,0,0,0,0,0
"2024",1,2,7,1,67,60,2,2,1,2,1,0,0,0,0,0,0,0,0,0,0,0,0,0,0,0,4,2,1,1,1,1,4
"2024",3,1,4,1,35,30,2,2,1,2,2,0,0,0,0,0,0,0,0,0,0,0,0,0,0,0,3,2,1,2,2,2,0
"2024",3,1,3,1,50,15,2,2,1,2,2,0,0,0,0,0,0,0,0,0,0,0,0,0,0,0,3,1,1,1,1,1,0
"2024",1,2,3,1,72,30,1,2,2,2,1,5,2,2,1,2,2,0,0,0,0,0,0,0,0,0,0,0,0,0,0,0,4
"2024",1,1,7,1,64,120,2,2,2,2,1,0,0,0,0,0,0,0,0,0,0,0,0,0,0,0,0,0,0,0,0,0,3
"2024",1,1,6,7,71,15,2,2,2,2,1,0,0,0,0,0,0,0,0,0,0,0,0,0,0,0,0,0,0,0,0,0,4
"2024",4,1,2,8,69,0,2,2,2,2,2,0,0,0,0,0,0,0,0,0,0,0,0,0,0,0,0,0,0,0,0,0,0
"2024",4,2,2,2,67,0,2,2,2,2,2,0,0,0,0,0,0,0,0,0,0,0,0,0,0,0,0,0,0,0,0,0,0
"2024",1,2,7,7,58,60,1,2,1,2,1,5,2,2,1,2,2,0,0,0,0,0,0,0,0,0,3,1,2,1,1,2,3
"2024",4,2,7,8,67,0,2,2,2,2,2,0,0,0,0,0,0,0,0,0,0,0,0,0,0,0,0,0,0,0,0,0,0
"2024",3,1,4,8,65,30,2,2,1,2,2,0,0,0,0,0,0,0,0,0,0,0,0,0,0,0,3,2,2,2,2,2,0
"2024",3,2,2,1,64,10,2,1,2,1,1,0,0,0,0,0,0,4,2,2,2,2,2,2,2,1,0,0,0,0,0,0,4
"2024",3,1,7,1,42,30,1,2,1,2,1,3,1,2,2,2,1,0,0,0,0,0,0,0,0,0,4,1,1,1,1,1,4
"2024",0,2,2,7,64,0,0,0,0,0,0,0,0,0,0,0,0,0,0,0,0,0,0,0,0,0,0,0,0,0,0,0,0
"2024",4,2,3,7,68,0,2,2,2,2,2,0,0,0,0,0,0,0,0,0,0,0,0,0,0,0,0,0,0,0,0,0,0
"2024",3,1,7,6,22,30,2,1,2,2,1,0,0,0,0,0,0,2,2,2,2,2,2,1,2,2,0,0,0,0,0,0,2
"2024",0,2,0,7,65,0,0,0,0,0,0,0,0,0,0,0,0,0,0,0,0,0,0,0,0,0,0,0,0,0,0,0,0
"2024",1,1,3,1,70,30,2,2,1,2,1,0,0,0,0,0,0,0,0,0,0,0,0,0,0,0,3,2,2,1,2,2,3
"2024",4,2,3,7,70,0,2,2,2,2,2,0,0,0,0,0,0,0,0,0,0,0,0,0,0,0,0,0,0,0,0,0,0
"2024",3,1,6,1,29,20,2,1,2,1,1,0,0,0,0,0,0,4,2,2,2,2,2,2,1,1,0,0,0,0,0,0,4
"2024",3,1,7,1,38,30,2,2,2,2,1,0,0,0,0,0,0,0,0,0,0,0,0,0,0,0,0,0,0,0,0,0,3
"2024",4,1,3,1,53,0,2,2,2,2,2,0,0,0,0,0,0,0,0,0,0,0,0,0,0,0,0,0,0,0,0,0,0
"2024",4,2,3,7,28,0,2,2,2,2,2,0,0,0,0,0,0,0,0,0,0,0,0,0,0,0,0,0,0,0,0,0,0
"2024",3,2,4,6,19,120,1,2,1,1,1,1,2,1,2,1,2,0,0,0,0,0,0,0,0,0,2,2,2,1,2,2,4
"2024",3,2,4,1,19,60,2,2,2,2,1,0,0,0,0,0,0,0,0,0,0,0,0,0,0,0,0,0,0,0,0,0,2
"2024",1,1,8,8,67,120,1,2,2,2,1,2,2,1,2,1,2,0,0,0,0,0,0,0,0,0,0,0,0,0,0,0,6
"2024",1,1,8,1,31,30,1,2,2,2,1,4,2,2,1,2,2,0,0,0,0,0,0,0,0,0,0,0,0,0,0,0,3
"2024",1,2,7,7,40,30,1,2,2,2,1,4,2,2,1,2,2,0,0,0,0,0,0,0,0,0,0,0,0,0,0,0,4
"2024",4,2,3,7,63,0,2,2,2,2,2,0,0,0,0,0,0,0,0,0,0,0,0,0,0,0,0,0,0,0,0,0,0
"2024",1,2,7,7,64,30,2,2,2,2,1,0,0,0,0,0,0,0,0,0,0,0,0,0,0,0,0,0,0,0,0,0,3
"2024",4,1,7,8,68,0,2,2,2,2,2,0,0,0,0,0,0,0,0,0,0,0,0,0,0,0,0,0,0,0,0,0,0
"2024",1,2,7,8,78,30,1,2,2,2,2,5,2,2,1,2,2,0,0,0,0,0,0,0,0,0,0,0,0,0,0,0,0
"2024",1,2,8,1,33,30,1,1,2,2,1,4,2,2,2,1,2,2,2,2,1,2,2,2,2,2,0,0,0,0,0,0,3
"2024",4,2,3,1,46,0,2,2,2,2,2,0,0,0,0,0,0,0,0,0,0,0,0,0,0,0,0,0,0,0,0,0,0
"2024",3,2,4,1,31,20,2,1,2,2,2,0,0,0,0,0,0,4,2,2,2,2,1,2,2,2,0,0,0,0,0,0,0
"2024",1,1,3,4,47,60,1,1,2,1,2,3,1,2,2,1,2,4,1,2,2,2,2,2,2,1,0,0,0,0,0,0,0
"2024",3,2,4,6,19,30,2,2,2,2,1,0,0,0,0,0,0,0,0,0,0,0,0,0,0,0,0,0,0,0,0,0,4
"2024",1,2,3,7,48,10,1,2,2,2,2,6,2,1,2,2,2,0,0,0,0,0,0,0,0,0,0,0,0,0,0,0,0
"2024",4,2,7,1,41,0,2,2,2,2,2,0,0,0,0,0,0,0,0,0,0,0,0,0,0,0,0,0,0,0,0,0,0
"2024",2,1,2,8,74,0,2,2,2,2,2,0,0,0,0,0,0,0,0,0,0,0,0,0,0,0,0,0,0,0,0,0,0
"2024",1,1,7,1,21,20,1,1,2,2,1,4,1,2,1,2,2,4,2,1,2,2,2,2,2,1,0,0,0,0,0,0,2
"2024",1,1,4,1,33,60,1,2,2,2,2,4,2,2,2,1,2,0,0,0,0,0,0,0,0,0,0,0,0,0,0,0,0
"2024",1,2,7,1,23,360,1,2,2,2,1,4,2,1,2,1,2,0,0,0,0,0,0,0,0,0,0,0,0,0,0,0,2
"2024",1,2,6,1,44,30,1,2,2,2,1,3,2,2,2,1,1,0,0,0,0,0,0,0,0,0,0,0,0,0,0,0,3
"2024",1,2,4,4,47,30,2,2,2,2,1,0,0,0,0,0,0,0,0,0,0,0,0,0,0,0,0,0,0,0,0,0,3
"2024",3,2,3,7,25,60,1,1,2,1,1,6,2,1,2,2,2,4,2,2,1,2,2,2,2,2,0,0,0,0,0,0,6
"2024",3,1,2,1,41,15,2,2,1,2,1,0,0,0,0,0,0,0,0,0,0,0,0,0,0,0,3,2,2,2,2,1,4
"2024",2,2,2,1,63,0,2,2,2,2,2,0,0,0,0,0,0,0,0,0,0,0,0,0,0,0,0,0,0,0,0,0,0
"2024",4,2,3,7,49,0,2,2,2,2,2,0,0,0,0,0,0,0,0,0,0,0,0,0,0,0,0,0,0,0,0,0,0
"2024",1,1,3,1,53,5,2,1,2,2,1,0,0,0,0,0,0,4,1,2,2,2,2,2,2,2,0,0,0,0,0,0,4
"2024",1,1,6,4,37,30,1,2,1,1,2,4,2,2,2,1,2,0,0,0,0,0,0,0,0,0,3,1,2,2,2,1,0
"2024",1,2,2,7,76,15,1,2,2,2,2,4,2,2,2,1,1,0,0,0,0,0,0,0,0,0,0,0,0,0,0,0,0
"2024",1,2,7,6,47,60,1,2,2,2,2,4,2,2,2,1,2,0,0,0,0,0,0,0,0,0,0,0,0,0,0,0,0
"2024",1,2,2,7,63,20,2,1,2,2,2,0,0,0,0,0,0,5,2,2,2,2,1,2,2,2,0,0,0,0,0,0,0
"2024",1,1,7,8,61,10,1,2,2,2,1,6,2,2,2,1,2,0,0,0,0,0,0,0,0,0,0,0,0,0,0,0,4
"2024",1,2,2,7,59,120,1,2,2,2,1,3,2,2,2,1,2,0,0,0,0,0,0,0,0,0,0,0,0,0,0,0,4
"2024",1,2,7,1,36,30,1,2,2,2,1,2,2,1,2,1,2,0,0,0,0,0,0,0,0,0,0,0,0,0,0,0,1
"2024",1,2,7,6,21,10,1,2,2,2,1,3,2,2,2,1,2,0,0,0,0,0,0,0,0,0,0,0,0,0,0,0,4
"2024",4,2,7,3,51,0,2,2,2,2,2,0,0,0,0,0,0,0,0,0,0,0,0,0,0,0,0,0,0,0,0,0,0
