"anio","h_lec","sexo","cond_act","p10","p11","p26"
2022,3,1,1,NA,NA,20
2022,4,2,7,NA,NA,NA
2022,3,1,1,NA,NA,15
2022,3,2,1,NA,NA,20
2022,3,2,7,NA,NA,20
2022,2,2,7,NA,NA,NA
2022,4,1,1,NA,NA,NA
2022,4,1,1,NA,NA,NA
2022,1,1,1,10,4,20
2022,1,2,7,NA,NA,60
2022,1,2,7,NA,NA,20
2022,1,2,6,NA,NA,30
2022,1,1,1,NA,NA,40
2022,4,2,1,NA,NA,NA
2022,1,1,1,NA,NA,40
2022,1,1,1,3,4,90
2022,3,2,7,NA,NA,20
2022,4,2,1,NA,NA,NA
2022,3,2,1,NA,NA,15
2022,1,2,8,NA,NA,30
2022,3,1,4,NA,NA,20
2022,4,1,1,NA,NA,NA
2022,4,1,1,NA,NA,NA
2022,3,1,1,NA,NA,15
2022,1,1,1,NA,NA,50
2022,1,1,6,NA,NA,30
2022,1,1,1,NA,NA,30
2022,1,2,1,NA,NA,20
2022,4,2,1,NA,NA,NA
2022,4,2,8,NA,NA,NA
2022,3,1,1,NA,NA,15
2022,1,2,1,NA,NA,45
2022,1,2,7,NA,NA,120
2022,1,1,1,NA,NA,25
2022,3,2,1,NA,NA,15
2022,3,2,1,NA,NA,15
2022,1,2,1,3,3,30
2022,3,1,1,NA,NA,20
2022,3,1,1,NA,NA,15
2022,4,2,7,NA,NA,NA
2022,4,2,1,NA,NA,NA
2022,3,1,1,NA,NA,20
2022,3,2,7,NA,NA,20
2022,3,1,1,NA,NA,20
2022,4,1,1,NA,NA,NA
2022,3,2,7,NA,NA,15
2022,4,1,1,NA,NA,NA
2022,NA,2,7,NA,NA,NA
2022,1,1,1,4,3,25
2022,3,2,1,NA,NA,15
2022,1,2,1,NA,NA,60
2022,3,2,7,NA,NA,20
2022,1,1,1,10,1,60
2022,1,1,1,NA,NA,20
2022,1,1,10,1,4,25
2022,1,1,1,NA,NA,30
2022,1,1,1,1,1,30
2022,1,1,1,NA,NA,30
2022,2,1,4,NA,NA,NA
2022,4,1,1,NA,NA,NA
2022,3,1,1,NA,NA,10
2022,2,1,1,NA,NA,NA
2022,1,2,1,NA,NA,60
2022,1,1,1,6,4,15
2022,1,1,10,1,3,90
2022,1,2,1,1,4,40
2022,1,1,1,1,4,30
2022,4,1,7,NA,NA,NA
2022,3,1,1,2,4,7
2022,1,2,7,2,4,20
2022,1,2,7,NA,NA,30
2022,1,2,1,6,4,30
2022,1,1,1,3,3,10
2022,4,1,3,NA,NA,NA
2022,1,1,1,2,3,30
2022,1,2,1,NA,NA,45
2022,1,2,3,NA,NA,30
2022,3,2,1,2,4,15
2022,4,1,9,NA,NA,NA
2022,1,1,1,NA,NA,60
2022,3,2,1,2,4,15
2022,4,2,7,NA,NA,NA
2022,3,2,7,NA,NA,15
2022,1,1,1,NA,NA,60
2022,1,2,7,1,3,30
2022,3,2,1,NA,NA,30
2022,1,1,1,NA,NA,40
2022,4,2,8,NA,NA,NA
2022,1,2,1,NA,NA,20
2022,1,1,1,NA,NA,20
2022,1,2,1,2,3,40
2022,3,2,8,1,5,20
2022,1,2,1,NA,NA,30
2022,1,2,7,3,3,50
2022,3,2,1,NA,NA,60
2022,3,1,1,NA,NA,30
2022,4,1,8,NA,NA,NA
2022,1,1,6,NA,NA,60
2022,4,2,7,NA,NA,NA
2022,1,2,1,NA,NA,20
2022,4,1,1,NA,NA,NA
2022,1,2,1,2,3,15
2022,4,1,1,NA,NA,NA
2022,1,1,1,NA,NA,45
2022,4,2,7,NA,NA,NA
2022,1,1,6,NA,NA,35
2022,1,1,8,NA,NA,35
2022,1,2,1,NA,NA,40
2022,3,2,7,NA,NA,30
2022,1,2,7,1,3,40
2022,1,2,1,10,4,10
2022,1,2,1,3,1,40
2022,1,1,1,NA,NA,20
2022,1,1,1,2,1,20
2022,1,2,1,2,4,45
2022,1,2,1,3,4,20
2022,1,1,1,2,3,35
2022,1,2,7,2,3,40
2022,1,2,1,2,2,40
2022,1,1,8,NA,NA,20
2022,1,1,1,NA,NA,40
2022,1,2,1,NA,NA,45
2022,4,2,7,NA,NA,NA
2022,1,2,7,3,4,60
2022,1,1,1,NA,NA,60
2022,1,2,1,3,3,30
2022,4,1,1,NA,NA,NA
2022,3,1,1,NA,NA,5
2022,1,2,1,10,1,30
2022,1,1,1,NA,NA,30
2022,1,2,1,NA,NA,15
2022,1,2,8,2,4,60
2022,1,2,1,NA,NA,60
2022,3,1,4,NA,NA,20
2022,1,1,1,4,1,240
2022,1,1,1,NA,NA,90
2022,1,2,1,NA,NA,30
2022,1,2,7,3,3,60
2022,4,2,7,NA,NA,NA
2022,1,2,8,5,5,60
2022,1,2,1,1,4,30
2022,1,2,7,2,4,30
2022,1,1,1,2,4,60
2022,1,2,1,NA,NA,80
2022,1,1,1,NA,NA,20
2022,NA,2,7,NA,NA,NA
2022,1,1,1,5,3,50
2022,2,2,7,NA,NA,NA
2022,1,1,1,5,3,30
2022,3,2,7,NA,NA,15
2022,1,1,1,2,4,40
2022,3,1,1,NA,NA,15
2022,3,2,3,NA,NA,20
2022,1,2,4,NA,NA,60
2022,1,1,8,NA,NA,15
2022,1,1,1,2,4,30
2022,1,1,8,10,4,120
2022,4,2,1,NA,NA,NA
2022,4,2,7,NA,NA,NA
2022,1,2,1,NA,NA,60
2022,2,2,6,NA,NA,NA
2022,1,1,1,2,3,15
2022,3,1,1,NA,NA,30
2022,3,1,7,NA,NA,60
2022,2,2,7,NA,NA,NA
2022,3,1,4,NA,NA,10
2022,1,2,1,3,2,90
2022,1,2,7,1,4,30
2022,1,1,6,NA,NA,30
2022,1,2,1,NA,NA,20
2022,4,2,1,NA,NA,NA
2022,1,1,1,NA,NA,20
2022,1,2,3,NA,NA,10
2022,1,2,1,NA,NA,10
2022,4,2,1,NA,NA,NA
2022,1,2,1,1,4,10
2022,1,2,1,NA,NA,10
2022,1,1,1,2,1,10
2022,1,2,1,NA,NA,60
2022,1,2,1,NA,NA,20
2022,1,2,1,2,3,30
2022,1,1,8,2,3,30
2022,1,2,1,NA,NA,30
2022,1,2,7,NA,NA,20
2022,1,1,1,NA,NA,30
2022,1,1,1,NA,NA,30
2022,1,2,1,NA,NA,20
2022,4,2,7,NA,NA,NA
2022,1,2,7,NA,NA,60
2022,3,2,1,NA,NA,10
2022,1,1,1,5,4,60
2022,1,1,4,4,1,20
2022,1,2,7,NA,NA,10
2022,1,1,8,NA,NA,15
2022,1,1,1,NA,NA,40
2022,4,2,1,NA,NA,NA
2022,1,1,1,NA,NA,60
2022,1,2,1,4,4,60
2022,1,2,1,NA,NA,45
2022,1,1,1,NA,NA,30
2022,1,2,1,NA,NA,30
2022,1,2,1,NA,NA,60
2022,1,1,1,NA,NA,10
2022,NA,2,7,NA,NA,NA
2022,1,1,8,3,3,30
2022,4,1,8,NA,NA,NA
2022,4,2,4,NA,NA,NA
2022,1,1,1,NA,NA,25
2022,1,2,1,2,1,45
2022,1,1,1,NA,NA,60
2022,4,2,7,NA,NA,NA
2022,1,2,1,NA,NA,30
2022,1,2,5,4,3,45
2022,4,2,4,NA,NA,NA
2022,1,2,8,NA,NA,60
2022,4,2,7,NA,NA,NA
2022,4,2,7,NA,NA,NA
2022,4,2,4,NA,NA,NA
2022,4,2,1,NA,NA,NA
2022,4,1,8,NA,NA,NA
2022,4,2,7,NA,NA,NA
2022,4,1,1,NA,NA,NA
2022,4,2,1,NA,NA,NA
2022,1,1,1,NA,NA,30
2022,1,1,8,NA,NA,40
2022,4,2,1,NA,NA,NA
2022,4,2,7,NA,NA,NA
2022,1,2,8,NA,NA,120
2022,4,1,4,NA,NA,NA
2022,3,2,1,NA,NA,60
2022,4,1,8,NA,NA,NA
2022,1,1,8,NA,NA,45
2022,4,1,8,NA,NA,NA
2022,4,2,8,NA,NA,NA
2022,4,1,8,NA,NA,NA
2022,1,2,1,NA,NA,120
2022,1,2,7,60,4,30
2022,1,1,5,4,3,30
2022,2,1,1,NA,NA,NA
2022,4,2,1,NA,NA,NA
2022,1,1,1,60,1,30
2022,1,1,8,NA,NA,30
2022,4,2,7,NA,NA,NA
2022,4,2,7,NA,NA,NA
2022,1,2,3,2,4,20
2022,3,1,1,NA,NA,30
2022,1,1,6,NA,NA,60
2022,1,1,8,NA,NA,30
2022,4,1,7,NA,NA,NA
2022,1,1,10,NA,NA,120
2022,1,1,7,NA,NA,10
2022,4,1,1,NA,NA,NA
2022,1,1,3,NA,NA,15
2022,1,2,7,NA,NA,20
2022,3,2,1,NA,NA,30
2022,1,1,1,NA,NA,15
2022,3,1,1,NA,NA,5
2022,3,2,1,2,4,10
2022,1,2,7,1,4,15
2022,3,1,1,NA,NA,45
2022,1,2,1,1,1,15
2022,4,1,1,NA,NA,NA
2022,4,1,1,NA,NA,NA
2022,4,1,1,NA,NA,NA
2022,1,1,2,NA,NA,120
2022,1,1,1,3,1,60
2022,1,2,1,4,1,120
2022,1,1,1,2,4,10
2022,NA,2,1,NA,NA,NA
2022,1,2,3,NA,NA,60
2022,3,1,1,NA,NA,30
2022,3,1,1,4,5,30
2022,4,1,1,NA,NA,NA
2022,1,1,1,1,4,10
2022,4,2,7,NA,NA,NA
2022,1,2,7,NA,NA,15
2022,3,2,7,1,4,15
2022,1,2,1,NA,NA,15
2022,1,2,7,NA,NA,20
2022,1,1,1,1,3,10
2022,1,2,1,NA,NA,60
2022,4,2,7,NA,NA,NA
2022,1,1,8,NA,NA,20
2022,1,2,7,2,5,120
2022,1,1,6,37,2,45
2022,4,2,7,NA,NA,NA
2022,1,1,6,3,2,60
2022,3,2,1,NA,NA,5
2022,4,1,1,NA,NA,NA
2022,1,1,1,NA,NA,45
2022,1,1,1,NA,NA,45
2022,1,1,8,NA,NA,30
2022,4,2,8,NA,NA,NA
2022,4,2,1,NA,NA,NA
2022,4,1,3,NA,NA,NA
2022,4,1,1,NA,NA,NA
2022,4,1,8,NA,NA,NA
2022,1,2,8,NA,NA,30
2022,1,2,1,NA,NA,30
2022,1,2,1,NA,NA,60
2022,1,1,1,1,4,15
2022,4,2,1,NA,NA,NA
2022,1,2,1,NA,NA,30
2022,1,1,8,NA,NA,120
2022,1,1,8,NA,NA,30
2022,4,1,8,NA,NA,NA
2022,4,2,1,NA,NA,NA
2022,4,2,8,NA,NA,NA
2022,4,1,8,NA,NA,NA
2022,1,1,1,10,4,30
2022,1,2,7,NA,NA,120
2022,1,2,1,NA,NA,60
2022,4,2,1,NA,NA,NA
2022,4,2,7,NA,NA,NA
2022,4,2,7,NA,NA,NA
2022,4,2,1,NA,NA,NA
2022,4,2,7,NA,NA,NA
2022,4,2,1,NA,NA,NA
2022,4,2,1,NA,NA,NA
2022,1,2,7,NA,NA,20
2022,4,2,8,NA,NA,NA
2022,NA,1,1,NA,NA,NA
2022,4,1,1,NA,NA,NA
2022,1,2,1,NA,NA,60
2022,1,1,1,5,3,60
2022,1,2,7,NA,NA,30
2022,4,2,1,NA,NA,NA
2022,4,2,7,NA,NA,NA
2022,1,1,1,NA,NA,30
2022,1,1,1,2,4,30
2022,1,2,7,4,4,60
2022,1,1,4,NA,NA,15
2022,1,1,8,NA,NA,25
2022,3,1,1,NA,NA,10
2022,1,1,1,NA,NA,35
2022,1,2,1,NA,NA,15
2022,1,1,1,3,3,40
2022,1,1,1,NA,NA,20
2022,1,2,1,4,3,60
2022,1,1,1,NA,NA,90
2022,1,1,1,4,2,90
2022,1,1,1,5,4,60
2022,1,2,6,5,2,40
2022,1,2,1,NA,NA,10
2022,1,1,1,NA,NA,20
2022,1,1,1,NA,NA,30
2022,3,1,1,NA,NA,30
2022,1,2,7,NA,NA,30
2022,4,2,7,NA,NA,NA
2022,4,1,4,NA,NA,NA
2022,4,2,7,NA,NA,NA
2022,1,1,1,NA,NA,50
2022,4,2,1,NA,NA,NA
2022,1,2,7,NA,NA,15
2022,1,2,7,NA,NA,90
2022,1,1,1,NA,NA,20
2022,3,2,7,NA,NA,30
2022,4,1,1,NA,NA,NA
2022,3,2,4,2,3,25
2022,4,2,7,NA,NA,NA
2022,4,2,7,NA,NA,NA
2022,1,2,7,3,4,40
2022,1,2,7,NA,NA,10
2022,1,2,1,NA,NA,15
2022,3,1,7,2,2,30
2022,4,2,7,NA,NA,NA
2022,1,2,7,NA,NA,35
2022,1,1,1,NA,NA,35
2022,4,2,7,NA,NA,NA
2022,4,1,8,NA,NA,NA
2022,1,2,1,6,1,20
2022,4,2,2,NA,NA,NA
2022,1,2,7,3,4,25
2022,1,2,3,NA,NA,90
2022,4,2,7,NA,NA,NA
2022,1,1,1,NA,NA,60
2022,4,1,1,NA,NA,NA
2022,1,1,1,1,4,30
2022,1,1,1,1,1,40
2022,3,1,1,NA,NA,20
2022,4,2,7,NA,NA,NA
2022,1,1,1,2,4,20
2022,1,1,1,NA,NA,20
2022,4,2,7,NA,NA,NA
2022,4,2,8,NA,NA,NA
2022,4,2,7,NA,NA,NA
2022,4,2,7,NA,NA,NA
2022,4,2,7,NA,NA,NA
2022,1,1,1,NA,NA,60
2022,1,1,1,1,3,30
2022,1,1,1,1,4,30
2022,1,1,4,NA,NA,60
2022,1,1,1,NA,NA,30
2022,4,1,1,NA,NA,NA
2022,4,2,7,NA,NA,NA
2022,4,2,7,NA,NA,NA
2022,1,2,4,4,3,30
2022,4,2,1,NA,NA,NA
2022,3,1,1,NA,NA,20
2022,1,2,7,2,3,30
2022,1,1,6,NA,NA,40
2022,3,1,1,NA,NA,25
2022,1,2,1,NA,NA,20
2022,1,2,1,1,3,25
2022,4,2,1,NA,NA,NA
2022,1,1,1,NA,NA,40
2022,1,2,1,2,4,30
2022,4,1,1,NA,NA,NA
2022,3,1,1,NA,NA,30
2022,1,2,4,2,4,30
2022,1,2,7,NA,NA,30
2022,1,1,1,NA,NA,30
2022,1,1,1,NA,NA,20
2022,3,2,7,NA,NA,20
2022,4,2,7,NA,NA,NA
2022,1,1,6,NA,NA,30
2022,3,2,1,NA,NA,20
2022,4,2,8,NA,NA,NA
2022,1,2,1,2,3,20
2022,3,2,7,1,4,20
2022,4,1,1,NA,NA,NA
2022,1,1,1,NA,NA,20
2022,3,2,1,NA,NA,15
2022,1,2,3,NA,NA,10
2022,1,1,1,NA,NA,60
2022,1,1,6,1,2,60
2022,1,1,8,NA,NA,60
2022,1,1,1,NA,NA,25
2022,1,1,1,2,4,15
2022,1,1,8,4,3,60
2022,1,1,6,NA,NA,90
2022,4,2,1,NA,NA,NA
2022,4,2,7,NA,NA,NA
2022,4,2,7,NA,NA,NA
2022,4,1,1,NA,NA,NA
2022,1,1,1,2,3,40
2022,1,2,1,2,4,50
2022,1,1,1,2,1,30
2022,1,1,1,1,3,60
2022,3,2,1,3,3,25
2022,4,1,8,NA,NA,NA
2022,3,1,1,NA,NA,15
2022,1,2,1,NA,NA,15
2022,4,1,4,NA,NA,NA
2022,4,2,7,NA,NA,NA
2022,3,1,1,NA,NA,20
2022,4,2,7,NA,NA,NA
2022,4,2,1,NA,NA,NA
2022,3,1,4,NA,NA,15
2022,1,2,1,NA,NA,25
2022,1,1,1,NA,NA,30
2022,4,1,1,NA,NA,NA
2022,1,1,1,NA,NA,15
2022,1,2,6,4,2,120
2022,1,1,4,NA,NA,20
2022,1,2,1,3,4,60
2022,1,2,8,2,4,25
2022,1,1,8,NA,NA,20
2022,4,1,1,NA,NA,NA
2022,4,2,7,NA,NA,NA
2022,4,2,1,NA,NA,NA
2022,1,2,1,3,3,40
2022,3,1,1,NA,NA,20
2022,3,2,1,3,4,15
2022,3,2,4,NA,NA,10
2022,1,2,7,NA,NA,30
2022,1,1,2,1,3,120
2022,4,2,7,NA,NA,NA
2022,3,2,7,NA,NA,120
2022,1,2,7,NA,NA,60
2022,1,1,4,NA,NA,60
2022,4,1,1,NA,NA,NA
2022,1,1,1,1,4,40
2022,1,1,1,2,3,30
2022,4,2,7,NA,NA,NA
2022,1,2,6,4,4,60
2022,4,1,1,NA,NA,NA
2022,4,2,7,NA,NA,NA
2022,1,1,1,NA,NA,20
2022,1,2,7,3,4,25
2022,1,2,7,3,4,20
2022,1,1,1,NA,NA,20
2022,1,1,1,NA,NA,35
2022,3,1,1,NA,NA,20
2022,4,2,4,NA,NA,NA
2022,3,2,1,4,4,30
2022,1,1,1,NA,NA,25
2022,4,2,7,NA,NA,NA
2022,NA,2,7,NA,NA,NA
2022,3,2,1,2,4,20
2022,1,2,1,4,4,45
2022,1,1,1,3,3,40
2022,1,1,1,NA,NA,30
2022,1,2,7,3,4,35
2022,4,1,1,NA,NA,NA
2022,4,1,1,NA,NA,NA
2022,4,2,7,NA,NA,NA
2022,4,2,1,NA,NA,NA
2022,1,2,1,2,4,20
2022,1,1,1,NA,NA,30
2022,1,1,1,4,4,35
2022,1,1,1,NA,NA,20
2022,1,1,1,1,3,60
2022,1,1,1,2,4,30
2022,4,2,8,NA,NA,NA
2022,4,1,1,NA,NA,NA
2022,4,2,1,NA,NA,NA
2022,1,1,1,3,1,40
2022,1,2,1,1,4,30
2022,1,1,1,1,1,60
2022,1,2,7,2,4,30
2022,1,2,1,NA,NA,20
2022,1,2,7,6,4,25
2022,4,2,7,NA,NA,NA
2022,1,2,4,4,4,30
2022,1,2,1,2,4,20
2022,1,1,1,NA,NA,25
2022,1,1,1,NA,NA,30
2022,1,1,1,2,3,60
2022,1,1,6,NA,NA,35
2022,4,2,7,NA,NA,NA
2022,4,1,1,NA,NA,NA
2022,1,2,7,8,4,20
2022,4,2,7,NA,NA,NA
2022,4,2,7,NA,NA,NA
2022,1,1,4,NA,NA,25
2022,1,2,1,5,1,30
2022,4,1,1,NA,NA,NA
2022,1,1,1,4,4,25
2022,3,1,1,NA,NA,25
2022,3,1,1,NA,NA,20
2022,4,2,7,NA,NA,NA
2022,4,2,7,NA,NA,NA
2022,3,1,1,NA,NA,25
2022,3,1,1,NA,NA,30
2022,3,1,1,NA,NA,20
2022,1,2,7,NA,NA,50
2022,1,1,1,NA,NA,30
2022,1,2,7,NA,NA,45
2022,4,2,1,NA,NA,NA
2022,4,2,7,NA,NA,NA
2022,1,1,1,2,4,35
2022,1,2,7,4,4,35
2022,1,1,1,2,4,45
2022,3,1,1,NA,NA,30
2022,3,2,1,NA,NA,20
2022,3,2,1,NA,NA,20
2022,3,1,1,NA,NA,40
2022,1,2,7,2,4,60
2022,3,2,1,NA,NA,30
2022,4,2,1,NA,NA,NA
2022,4,2,1,NA,NA,NA
2022,4,2,7,NA,NA,NA
2022,4,2,7,NA,NA,NA
2022,3,1,1,NA,NA,10
2022,1,1,1,1,4,30
2022,4,1,8,NA,NA,NA
2022,4,2,6,NA,NA,NA
2022,1,1,5,NA,NA,30
2022,1,2,7,NA,NA,20
2022,3,2,1,NA,NA,20
2022,1,2,7,NA,NA,20
2022,1,2,1,NA,NA,40
2022,1,1,1,NA,NA,60
2022,3,2,7,NA,NA,15
2022,4,1,1,NA,NA,NA
2022,4,2,1,NA,NA,NA
2022,3,1,1,NA,NA,30
2022,4,2,1,NA,NA,NA
2022,4,2,8,NA,NA,NA
2022,1,2,1,2,1,60
2022,1,2,7,1,4,30
2022,1,1,1,NA,NA,20
2022,4,1,1,NA,NA,NA
2022,4,2,1,NA,NA,NA
2022,3,2,7,NA,NA,20
2022,1,1,1,1,4,30
2022,1,2,7,3,4,60
2022,1,1,1,2,4,40
2022,3,2,7,1,4,25
2022,1,2,7,2,5,35
2022,1,2,7,NA,NA,20
2022,3,1,7,NA,NA,20
2022,4,1,8,NA,NA,NA
2022,1,1,1,NA,NA,40
2022,3,2,1,NA,NA,20
2022,4,1,1,NA,NA,NA
2022,4,2,7,NA,NA,NA
2022,1,1,6,NA,NA,40
2022,4,1,1,NA,NA,NA
2022,1,1,1,3,3,35
2022,3,1,1,NA,NA,30
2022,4,1,1,NA,NA,NA
2022,1,1,1,NA,NA,30
2022,1,1,1,4,4,120
2022,1,1,4,NA,NA,60
2022,4,1,1,NA,NA,NA
2022,3,2,1,3,5,10
2022,4,2,1,NA,NA,NA
2022,NA,1,1,NA,NA,NA
2022,1,1,1,NA,NA,20
2022,4,2,7,NA,NA,NA
2022,1,1,1,2,3,30
2022,2,1,1,NA,NA,NA
2022,1,2,1,NA,NA,60
2022,1,1,1,3,4,90
2022,1,2,1,NA,NA,90
2022,1,2,1,NA,NA,60
2022,1,2,7,NA,NA,60
2022,1,1,1,4,3,45
2022,1,2,7,NA,NA,30
2022,1,2,7,NA,NA,20
2022,4,1,1,NA,NA,NA
2022,4,2,1,NA,NA,NA
2022,4,1,1,NA,NA,NA
2022,4,1,1,NA,NA,NA
2022,1,1,1,2,3,30
2022,4,2,10,NA,NA,NA
2022,1,1,1,NA,NA,45
2022,1,1,1,NA,NA,60
2022,4,2,1,NA,NA,NA
2022,3,1,1,NA,NA,20
2022,1,2,1,NA,NA,120
2022,1,1,1,NA,NA,30
2022,1,1,1,NA,NA,60
2022,4,1,1,NA,NA,NA
2022,4,1,1,NA,NA,NA
2022,3,1,1,NA,NA,10
2022,1,1,1,NA,NA,45
2022,4,2,1,NA,NA,NA
2022,2,2,1,NA,NA,NA
2022,1,2,1,NA,NA,30
2022,4,2,1,NA,NA,NA
2022,1,2,7,NA,NA,30
2022,1,1,1,NA,NA,30
2022,1,2,7,NA,NA,45
2022,1,1,1,NA,NA,30
2022,1,2,7,2,3,30
2022,1,1,1,NA,NA,120
2022,4,1,1,NA,NA,NA
2022,4,2,1,NA,NA,NA
2022,4,2,1,NA,NA,NA
2022,1,2,1,2,4,10
2022,1,1,1,NA,NA,30
2022,1,2,7,NA,NA,60
2022,4,2,7,NA,NA,NA
2022,4,1,1,NA,NA,NA
2022,2,2,7,NA,NA,NA
2022,4,2,1,NA,NA,NA
2022,1,1,1,NA,NA,45
2022,1,2,6,NA,NA,60
2022,1,1,1,3,3,45
2022,1,2,7,NA,NA,45
2022,1,2,7,NA,NA,45
2022,1,2,1,NA,NA,60
2022,4,1,1,NA,NA,NA
2022,1,1,1,NA,NA,25
2022,2,1,1,NA,NA,NA
2022,1,2,4,NA,NA,30
2022,4,2,7,NA,NA,NA
2022,4,2,1,NA,NA,NA
2022,1,1,8,NA,NA,20
2022,4,1,1,NA,NA,NA
2022,1,1,1,NA,NA,120
2022,1,2,6,1,2,30
2022,1,1,10,2,4,30
2022,1,2,1,NA,NA,60
2022,4,2,7,NA,NA,NA
2022,1,1,1,NA,NA,40
2022,1,2,1,NA,NA,60
2022,4,2,7,NA,NA,NA
2022,1,2,7,NA,NA,120
2022,4,1,8,NA,NA,NA
2022,3,1,1,NA,NA,20
2022,1,2,7,3,4,40
2022,1,1,1,NA,NA,90
2022,4,2,7,NA,NA,NA
2022,1,2,1,1,4,30
2022,1,2,6,NA,NA,60
2022,4,1,1,NA,NA,NA
2022,4,2,1,NA,NA,NA
2022,1,2,8,NA,NA,45
2022,1,2,7,NA,NA,180
2022,1,2,8,3,4,60
2022,1,2,7,NA,NA,40
2022,4,2,7,NA,NA,NA
2022,1,1,1,NA,NA,60
2022,4,1,1,NA,NA,NA
2022,1,2,1,NA,NA,120
2022,1,2,6,NA,NA,180
2022,4,1,8,NA,NA,NA
2022,1,2,7,NA,NA,60
2022,3,1,1,NA,NA,20
2022,2,2,1,NA,NA,NA
2022,2,2,8,NA,NA,NA
2022,1,1,1,NA,NA,60
2022,4,2,1,NA,NA,NA
2022,4,1,1,NA,NA,NA
2022,4,2,7,NA,NA,NA
2022,NA,2,7,NA,NA,NA
2022,1,2,7,NA,NA,60
2022,1,2,7,8,4,30
2022,4,2,1,NA,NA,NA
2022,4,2,8,NA,NA,NA
2022,4,2,7,NA,NA,NA
2022,4,2,1,NA,NA,NA
2022,4,2,8,NA,NA,NA
2022,4,1,8,NA,NA,NA
2022,3,2,7,2,4,30
2022,4,1,1,NA,NA,NA
2022,4,2,1,NA,NA,NA
2022,1,1,1,NA,NA,60
2022,1,1,8,NA,NA,60
2022,1,2,7,NA,NA,30
2022,1,1,1,6,2,60
2022,1,2,1,6,4,20
2022,1,1,1,NA,NA,15
2022,2,1,1,NA,NA,NA
2022,1,1,1,2,4,120
2022,1,2,7,6,3,60
2022,1,2,7,40,5,60
2022,NA,2,1,NA,NA,NA
2022,1,1,1,2,2,60
2022,NA,2,1,NA,NA,NA
2022,1,2,1,2,6,20
2022,1,2,7,NA,NA,30
2022,3,2,1,NA,NA,5
2022,1,2,8,NA,NA,60
2022,1,2,8,NA,NA,20
2022,NA,1,1,NA,NA,NA
2022,3,1,6,NA,NA,30
2022,1,1,1,4,3,60
2022,1,2,1,NA,NA,20
2022,1,1,7,2,4,20
2022,1,1,8,NA,NA,60
2022,3,1,1,2,1,60
2022,1,2,7,NA,NA,10
2022,1,1,1,NA,NA,60
2022,4,1,8,NA,NA,NA
2022,1,1,1,7,4,44
2022,1,2,6,NA,NA,20
2022,1,1,1,3,3,30
2022,4,1,1,NA,NA,NA
2022,1,1,1,NA,NA,60
2022,4,2,7,NA,NA,NA
2022,1,1,3,NA,NA,30
2022,1,1,1,NA,NA,30
2022,1,2,7,NA,NA,30
2022,1,1,1,12,4,60
2022,1,2,1,1,4,30
2022,4,1,1,NA,NA,NA
2022,1,1,1,NA,NA,120
2022,4,2,1,NA,NA,NA
2022,3,1,1,NA,NA,60
2022,1,2,1,12,4,60
2022,3,1,1,NA,NA,60
2022,4,2,7,NA,NA,NA
2022,1,1,1,NA,NA,30
2022,4,1,1,NA,NA,NA
2022,1,2,1,NA,NA,30
2022,4,2,1,NA,NA,NA
2022,1,1,1,3,1,60
2022,1,1,1,NA,NA,120
2022,1,1,1,NA,NA,40
2022,1,2,7,NA,NA,60
2022,4,2,1,NA,NA,NA
2022,1,2,3,4,5,30
2022,1,2,1,NA,NA,15
2022,4,2,1,NA,NA,NA
2022,4,1,1,NA,NA,NA
2022,2,2,1,NA,NA,NA
2022,4,2,1,NA,NA,NA
2022,4,2,7,NA,NA,NA
2022,4,2,7,NA,NA,NA
2022,3,1,1,NA,NA,2
2022,3,1,1,NA,NA,90
2022,1,2,1,NA,NA,2
2022,1,1,1,2,3,30
2022,1,2,6,6,2,180
2022,1,2,1,NA,NA,15
2022,1,2,6,2,2,120
2022,4,1,1,NA,NA,NA
2022,1,1,1,NA,NA,20
2022,1,2,7,4,5,20
2022,1,1,1,5,4,25
2022,3,2,1,NA,NA,60
2022,1,2,1,NA,NA,60
2022,4,1,1,NA,NA,NA
2022,1,2,1,NA,NA,30
2022,1,2,1,2,3,25
2022,1,1,1,2,4,15
2022,4,1,1,NA,NA,NA
2022,1,2,1,NA,NA,30
2022,1,2,7,NA,NA,30
2022,3,1,1,NA,NA,10
2022,1,2,8,8,3,35
2022,4,1,1,NA,NA,NA
2022,1,2,7,2,5,10
2022,1,1,1,12,1,60
2022,1,1,8,NA,NA,45
2022,1,1,6,NA,NA,20
2022,3,1,8,NA,NA,30
2022,3,1,1,3,4,30
2022,1,1,1,50,2,15
2022,4,1,1,NA,NA,NA
2022,1,2,7,1,4,60
2022,4,2,7,NA,NA,NA
2022,1,1,1,1,3,15
2022,1,1,1,5,3,20
2022,3,1,1,2,4,30
2022,1,2,7,NA,NA,30
2022,1,1,1,NA,NA,15
2022,1,1,1,NA,NA,15
2022,3,1,1,NA,NA,30
2022,4,1,1,NA,NA,NA
2022,1,2,7,5,4,30
2022,4,1,1,NA,NA,NA
2022,3,1,1,NA,NA,15
2022,1,2,6,NA,NA,120
2022,1,1,1,6,4,60
2022,2,2,1,NA,NA,NA
2022,4,2,1,NA,NA,NA
2022,4,2,1,NA,NA,NA
2022,4,2,1,NA,NA,NA
2022,4,2,7,NA,NA,NA
2022,1,1,1,NA,NA,40
2022,1,1,1,3,1,60
2022,1,2,6,NA,NA,180
2022,3,2,4,NA,NA,10
2022,1,1,1,NA,NA,60
2022,4,2,1,NA,NA,NA
2022,3,2,1,NA,NA,30
2022,1,2,1,7,4,30
2022,4,1,1,NA,NA,NA
2022,3,1,1,NA,NA,5
2022,4,2,7,NA,NA,NA
2022,1,1,1,NA,NA,120
2022,1,2,1,1,4,30
2022,4,2,1,NA,NA,NA
2022,1,2,1,NA,NA,15
2022,4,2,1,NA,NA,NA
2022,1,2,1,3,1,60
2022,1,2,7,3,4,30
2022,4,2,1,NA,NA,NA
2022,4,2,10,NA,NA,NA
2022,1,2,1,7,5,15
2022,3,1,1,NA,NA,10
2022,3,1,8,NA,NA,15
2022,4,2,7,NA,NA,NA
2022,2,2,1,NA,NA,NA
2022,3,1,1,1,4,5
2022,4,2,7,NA,NA,NA
2022,4,2,1,NA,NA,NA
2022,1,1,1,NA,NA,240
2022,1,1,1,5,4,30
2022,1,2,1,NA,NA,30
2022,4,1,1,NA,NA,NA
2022,1,2,8,7,4,25
2022,1,1,1,NA,NA,20
2022,1,2,7,NA,NA,15
2022,1,1,4,1,4,45
2022,3,2,7,NA,NA,60
2022,1,1,6,NA,NA,240
2022,1,2,1,NA,NA,30
2022,1,1,1,NA,NA,20
2022,3,2,1,1,4,5
2022,4,2,7,NA,NA,NA
2022,4,1,1,NA,NA,NA
2022,1,1,1,4,4,60
2022,1,2,1,NA,NA,60
2022,3,1,1,NA,NA,15
2022,1,2,7,NA,NA,45
2022,4,1,1,NA,NA,NA
2022,1,1,1,NA,NA,45
2022,1,2,1,NA,NA,60
2022,4,2,1,NA,NA,NA
2022,3,1,1,1,4,15
2022,1,2,7,4,5,20
2022,4,2,7,NA,NA,NA
2022,1,2,1,NA,NA,30
2022,1,2,7,2,4,60
2022,1,2,1,NA,NA,60
2022,1,2,6,NA,NA,30
2022,4,2,1,NA,NA,NA
2022,4,1,1,NA,NA,NA
2022,4,2,1,NA,NA,NA
2022,1,2,1,NA,NA,120
2022,4,1,1,NA,NA,NA
2022,1,1,1,4,4,5
2022,4,2,7,NA,NA,NA
2022,3,2,7,NA,NA,30
2022,4,2,1,NA,NA,NA
2022,1,2,7,6,4,20
2022,4,2,1,NA,NA,NA
2022,3,2,1,NA,NA,15
2022,1,2,8,2,4,20
2022,1,2,1,NA,NA,60
2022,1,2,6,NA,NA,30
2022,1,2,1,NA,NA,60
2022,1,1,1,NA,NA,20
2022,1,2,7,NA,NA,30
2022,1,2,8,NA,NA,10
2022,1,1,1,NA,NA,30
2022,1,2,1,NA,NA,5
2022,1,2,1,2,4,15
2022,3,2,1,NA,NA,20
2022,4,1,1,NA,NA,NA
2022,1,1,1,5,3,20
2022,1,2,7,3,6,48
2022,1,2,1,NA,NA,40
2022,4,1,1,NA,NA,NA
2022,1,1,1,2,1,30
2022,4,1,1,NA,NA,NA
2022,1,2,1,NA,NA,20
2022,1,2,6,NA,NA,60
2022,1,2,1,NA,NA,20
2022,1,2,7,NA,NA,20
2022,1,2,1,2,5,15
2022,4,2,7,NA,NA,NA
2022,1,1,1,2,3,60
2022,4,1,1,NA,NA,NA
2022,1,2,1,NA,NA,30
2022,3,1,1,NA,NA,10
2022,1,2,7,NA,NA,20
2022,1,1,8,NA,NA,120
2022,4,2,7,NA,NA,NA
2022,1,2,1,NA,NA,60
2022,1,2,1,4,4,30
2022,1,1,1,NA,NA,10
2022,1,1,8,NA,NA,60
2022,4,2,7,NA,NA,NA
2022,1,2,7,NA,NA,120
2022,1,2,7,NA,NA,20
2022,4,2,7,NA,NA,NA
2022,4,1,8,NA,NA,NA
2022,1,2,1,NA,NA,30
2022,1,1,1,NA,NA,10
2022,3,2,1,NA,NA,15
2022,1,1,1,NA,NA,45
2022,1,1,3,NA,NA,30
2022,4,2,9,NA,NA,NA
2022,4,2,1,NA,NA,NA
2022,1,2,7,NA,NA,15
2022,1,1,6,NA,NA,90
2022,2,2,1,NA,NA,NA
2022,1,2,6,2,4,30
2022,1,1,8,1,3,40
2022,1,1,1,3,1,45
2022,3,1,1,NA,NA,30
2022,4,2,1,NA,NA,NA
2022,1,2,1,NA,NA,30
2022,1,1,1,NA,NA,240
2022,1,1,1,NA,NA,45
2022,4,2,1,NA,NA,NA
2022,1,1,1,2,4,90
2022,1,2,1,5,1,60
2022,1,2,1,NA,NA,240
2022,1,2,7,NA,NA,30
2022,4,2,7,NA,NA,NA
2022,3,2,7,NA,NA,30
2022,4,2,1,NA,NA,NA
2022,4,2,7,NA,NA,NA
2022,1,2,7,2,4,15
2022,1,2,1,NA,NA,30
2022,NA,1,8,NA,NA,NA
2022,4,2,7,NA,NA,NA
2022,4,1,1,NA,NA,NA
2022,4,2,1,NA,NA,NA
2022,1,2,8,NA,NA,60
2022,1,2,8,NA,NA,20
2022,1,2,7,1,4,30
2022,1,2,1,1,4,25
2022,1,1,1,NA,NA,30
2022,1,1,1,2,4,60
2022,4,2,7,NA,NA,NA
2022,1,1,7,NA,NA,120
2022,1,1,1,NA,NA,50
2022,4,2,1,NA,NA,NA
2022,3,1,1,NA,NA,15
2022,1,2,1,2,4,120
2022,1,1,1,NA,NA,60
2022,1,2,6,NA,NA,40
2022,1,2,1,NA,NA,30
2022,1,2,7,NA,NA,15
2022,1,1,1,3,4,60
2022,1,1,1,NA,NA,30
2022,1,2,1,NA,NA,20
2022,1,1,1,NA,NA,10
2022,1,1,1,NA,NA,20
2022,1,1,1,NA,NA,30
2022,1,2,7,NA,NA,45
2022,1,2,6,4,4,10
2022,4,2,1,NA,NA,NA
2022,1,2,1,NA,NA,10
2022,3,1,1,1,4,20
2022,4,2,7,NA,NA,NA
2022,1,2,1,1,4,20
2022,1,1,1,NA,NA,20
2022,1,1,1,4,4,30
2022,1,1,1,NA,NA,30
2022,3,2,7,1,4,20
2022,4,2,8,NA,NA,NA
2022,1,1,1,NA,NA,30
2022,1,2,7,NA,NA,60
2022,4,1,10,NA,NA,NA
2022,1,1,1,1,1,15
2022,NA,2,8,NA,NA,NA
2022,4,1,1,NA,NA,NA
2022,1,1,1,NA,NA,10
2022,4,2,7,NA,NA,NA
2022,1,2,7,NA,NA,60
2022,1,1,1,NA,NA,30
2022,4,1,1,NA,NA,NA
2022,1,1,1,NA,NA,15
2022,1,1,8,1,4,60
2022,1,2,7,NA,NA,45
2022,1,2,7,NA,NA,120
2022,4,2,7,NA,NA,NA
2022,1,1,1,1,3,15
2022,1,2,7,NA,NA,40
2022,1,2,7,NA,NA,20
2022,1,1,1,NA,NA,30
2022,1,2,7,NA,NA,60
2022,4,2,7,NA,NA,NA
2022,1,1,10,NA,NA,20
2022,1,1,4,NA,NA,30
2022,1,2,1,NA,NA,10
2022,1,2,1,2,4,60
2022,4,2,1,NA,NA,NA
2022,1,2,7,4,4,60
2022,1,1,6,NA,NA,120
2022,1,2,1,NA,NA,60
2022,1,2,1,NA,NA,120
2022,1,2,1,NA,NA,60
2022,1,1,1,NA,NA,30
2022,1,2,7,NA,NA,60
2022,1,2,7,NA,NA,60
2022,1,2,1,NA,NA,60
2022,1,1,1,NA,NA,30
2022,1,2,7,NA,NA,20
2022,4,2,8,NA,NA,NA
2022,1,1,1,NA,NA,20
2022,1,1,1,NA,NA,60
2022,4,1,1,NA,NA,NA
2022,1,2,1,NA,NA,10
2022,1,1,1,3,4,30
2022,1,1,1,8,4,15
2022,1,1,1,NA,NA,60
2022,1,2,1,NA,NA,20
2022,1,1,8,NA,NA,30
2022,1,1,1,NA,NA,30
2022,1,2,7,NA,NA,30
2022,1,1,1,NA,NA,40
2022,NA,2,7,NA,NA,NA
2022,1,2,1,NA,NA,15
2022,1,1,1,4,4,30
2022,1,2,1,10,3,60
2022,4,2,8,NA,NA,NA
2022,4,2,7,NA,NA,NA
2022,1,1,8,NA,NA,60
2022,4,2,5,NA,NA,NA
2022,4,1,9,NA,NA,NA
2022,1,1,1,2,4,60
2022,1,1,1,NA,NA,60
2022,1,1,1,NA,NA,30
2022,1,2,1,NA,NA,20
2022,1,2,10,NA,NA,10
2022,1,1,1,2,3,60
2022,4,2,1,NA,NA,NA
2022,4,1,1,NA,NA,NA
2022,NA,2,9,NA,NA,NA
2022,4,2,1,NA,NA,NA
2022,1,2,6,NA,NA,60
2022,NA,2,1,NA,NA,NA
2022,4,2,1,NA,NA,NA
2022,1,2,8,NA,NA,120
2022,1,1,10,NA,NA,120
2022,1,2,7,1,4,30
2022,3,1,1,5,4,60
2022,1,2,1,5,2,60
2022,1,1,1,NA,NA,30
2022,1,2,7,3,2,30
2022,1,2,1,NA,NA,60
2022,NA,1,1,NA,NA,NA
2022,4,2,7,NA,NA,NA
2022,1,1,1,NA,NA,60
2022,NA,2,1,NA,NA,NA
2022,1,2,7,NA,NA,30
2022,1,2,7,NA,NA,30
2022,4,1,1,NA,NA,NA
2022,4,1,8,NA,NA,NA
2022,1,1,1,NA,NA,20
2022,1,2,1,NA,NA,30
2022,1,1,1,1,1,20
2022,4,2,1,NA,NA,NA
2022,1,1,1,5,4,30
2022,1,1,1,NA,NA,30
2022,4,2,1,NA,NA,NA
2022,1,2,1,NA,NA,90
2022,4,2,1,NA,NA,NA
2022,3,2,1,NA,NA,30
2022,4,2,1,NA,NA,NA
2022,1,2,7,NA,NA,30
2022,4,1,8,NA,NA,NA
2022,4,2,1,NA,NA,NA
2022,4,2,1,NA,NA,NA
2022,4,2,1,NA,NA,NA
2022,1,1,1,3,3,40
2022,1,1,8,NA,NA,60
2022,1,1,6,NA,NA,60
2022,1,1,1,2,3,30
2022,1,2,1,NA,NA,30
2022,4,2,1,NA,NA,NA
2022,4,1,1,NA,NA,NA
2022,4,1,1,NA,NA,NA
2022,1,1,1,NA,NA,90
2022,4,2,1,NA,NA,NA
2022,4,1,1,NA,NA,NA
2022,1,1,6,NA,NA,45
2022,1,2,1,2,3,20
2022,1,2,7,NA,NA,20
2022,NA,2,7,NA,NA,NA
2022,4,1,1,NA,NA,NA
2022,1,1,1,NA,NA,40
2022,1,1,1,NA,NA,120
2022,4,2,1,NA,NA,NA
2022,1,2,7,NA,NA,10
2022,1,1,1,NA,NA,30
2022,2,2,7,NA,NA,NA
2022,3,1,1,NA,NA,30
2022,1,2,1,2,4,20
2022,1,1,8,4,4,40
2022,1,2,7,NA,NA,15
2022,2,2,7,NA,NA,NA
2022,4,1,1,NA,NA,NA
2022,1,2,7,NA,NA,60
2022,1,1,8,1,4,20
2022,4,2,7,NA,NA,NA
2022,1,2,7,2,4,30
2022,1,2,8,3,4,120
2022,2,2,1,NA,NA,NA
2022,1,1,1,NA,NA,180
2022,1,1,1,2,4,25
2022,1,1,1,5,3,120
2022,1,2,1,NA,NA,90
2022,1,1,1,NA,NA,180
2022,1,2,6,7,2,360
2022,1,2,1,NA,NA,30
2022,1,2,6,NA,NA,5
2022,1,1,1,NA,NA,30
2022,1,2,1,1,4,20
2022,1,2,1,3,5,20
2022,2,2,1,NA,NA,NA
2022,4,2,7,NA,NA,NA
2022,2,2,1,NA,NA,NA
2022,4,1,1,NA,NA,NA
2022,4,1,1,NA,NA,NA
2022,4,2,7,NA,NA,NA
2022,1,2,1,3,1,60
2022,1,1,1,5,3,60
2022,1,2,3,NA,NA,60
2022,1,1,6,NA,NA,20
2022,4,1,4,NA,NA,NA
2022,1,2,7,NA,NA,30
2022,1,2,8,3,4,60
2022,3,1,7,NA,NA,180
2022,3,2,1,1,4,30
2022,1,1,1,NA,NA,40
2022,1,1,3,NA,NA,30
2022,3,2,7,NA,NA,60
2022,1,2,7,5,3,60
2022,4,1,1,NA,NA,NA
2022,1,2,8,NA,NA,60
2022,1,2,1,NA,NA,30
2022,4,2,7,NA,NA,NA
2022,1,1,1,20,1,180
2022,1,2,1,NA,NA,30
2022,4,2,2,NA,NA,NA
2022,1,1,1,1,4,10
2022,1,1,1,1,4,10
2022,1,2,6,NA,NA,40
2022,3,1,1,NA,NA,5
2022,1,1,1,NA,NA,20
2022,1,1,1,2,4,30
2022,NA,2,7,NA,NA,NA
2022,1,2,1,NA,NA,60
2022,1,2,1,2,3,60
2022,2,1,4,NA,NA,NA
2022,1,1,1,NA,NA,30
2022,1,2,1,NA,NA,60
2022,1,2,1,NA,NA,10
2022,1,2,1,1,4,30
2022,1,1,1,5,4,120
2022,1,2,7,NA,NA,30
2022,4,1,1,NA,NA,NA
2022,4,2,7,NA,NA,NA
2022,3,1,4,NA,NA,30
2022,1,2,1,2,4,20
2022,1,2,7,1,4,60
2022,3,1,1,20,4,30
2022,1,1,1,2,4,25
2022,1,2,1,NA,NA,60
2022,1,2,8,NA,NA,30
2022,1,1,1,NA,NA,30
2022,4,2,1,NA,NA,NA
2022,4,2,1,NA,NA,NA
2022,4,2,1,NA,NA,NA
2022,1,2,1,NA,NA,20
2022,4,2,1,NA,NA,NA
2022,1,1,6,NA,NA,30
2022,1,2,1,NA,NA,40
2022,2,2,1,NA,NA,NA
2022,3,1,5,NA,NA,30
2022,4,2,8,NA,NA,NA
2022,1,1,1,NA,NA,30
2022,4,1,1,NA,NA,NA
2022,1,2,1,2,4,30
2022,1,1,1,NA,NA,30
2022,4,2,1,NA,NA,NA
2022,4,2,1,NA,NA,NA
2022,1,1,1,4,3,90
2022,4,1,1,NA,NA,NA
2022,4,2,1,NA,NA,NA
2022,NA,1,1,NA,NA,NA
2022,3,1,1,4,1,60
2022,4,2,1,NA,NA,NA
2022,4,2,1,NA,NA,NA
2022,4,2,1,NA,NA,NA
2022,1,1,1,2,3,60
2022,1,2,8,NA,NA,60
2022,1,2,7,NA,NA,60
2022,4,2,1,NA,NA,NA
2022,1,1,1,NA,NA,30
2022,4,1,4,NA,NA,NA
2022,1,2,1,NA,NA,20
2022,4,2,1,NA,NA,NA
2022,4,1,1,NA,NA,NA
2022,1,2,1,NA,NA,60
2022,4,2,7,NA,NA,NA
2022,1,2,1,NA,NA,45
2022,1,1,1,3,4,30
2022,4,1,1,NA,NA,NA
2022,4,1,8,NA,NA,NA
2022,1,1,1,2,4,90
2022,1,1,1,3,4,60
2022,1,2,8,NA,NA,45
2022,3,1,1,NA,NA,30
2022,1,2,7,1,4,40
2022,1,1,1,NA,NA,30
2022,4,2,7,NA,NA,NA
2022,1,2,7,NA,NA,60
2022,3,2,7,NA,NA,30
2022,1,1,1,2,4,60
2022,1,2,7,3,3,20
2022,4,2,7,NA,NA,NA
2022,4,2,7,NA,NA,NA
2022,1,2,1,NA,NA,40
2022,1,1,1,NA,NA,15
2022,1,1,1,NA,NA,60
2022,2,2,7,NA,NA,NA
2022,1,1,1,NA,NA,15
2022,1,2,7,NA,NA,30
2022,2,2,7,NA,NA,NA
2022,1,2,4,NA,NA,15
2022,1,2,3,NA,NA,15
2022,4,1,1,NA,NA,NA
2022,1,1,1,NA,NA,15
2022,1,2,7,2,1,20
2022,1,1,1,NA,NA,30
2022,4,2,8,NA,NA,NA
2022,1,2,2,NA,NA,20
2022,1,2,1,3,3,30
2022,1,2,7,2,4,30
2022,1,1,1,1,4,40
2022,1,1,8,1,4,30
2022,1,1,1,1,3,60
2022,1,1,1,NA,NA,60
2022,1,2,1,NA,NA,10
2022,1,1,1,NA,NA,20
2022,1,2,8,10,4,120
2022,2,1,8,NA,NA,NA
2022,1,2,1,1,4,40
2022,1,1,1,NA,NA,20
2022,1,1,1,NA,NA,20
2022,3,1,1,NA,NA,30
2022,1,2,1,NA,NA,35
2022,1,2,1,2,4,60
2022,1,2,1,NA,NA,40
2022,1,2,1,NA,NA,120
2022,4,2,7,NA,NA,NA
2022,3,1,4,NA,NA,20
2022,3,1,4,NA,NA,120
2022,1,2,7,2,3,120
2022,1,2,7,NA,NA,30
2022,2,1,1,NA,NA,NA
2022,1,2,1,30,1,60
2022,4,1,1,NA,NA,NA
2022,1,1,8,1,4,60
2022,4,2,7,NA,NA,NA
2022,1,1,8,3,3,60
2022,1,1,8,2,3,180
2022,1,2,1,2,4,20
2022,4,1,1,NA,NA,NA
2022,1,2,1,NA,NA,60
2022,1,1,1,NA,NA,60
2022,4,1,8,NA,NA,NA
2022,4,2,7,NA,NA,NA
2022,2,2,7,NA,NA,NA
2022,4,2,7,NA,NA,NA
2022,1,1,6,NA,NA,60
2022,2,1,1,NA,NA,NA
2022,3,1,1,1,3,15
2022,4,1,1,NA,NA,NA
2022,1,1,1,NA,NA,30
2022,1,1,1,NA,NA,60
2022,4,1,1,NA,NA,NA
2022,1,1,1,2,3,30
2022,1,1,1,NA,NA,30
2022,1,1,1,NA,NA,180
2022,1,1,1,2,4,20
2022,1,2,7,NA,NA,20
2022,1,2,7,NA,NA,20
2022,1,2,7,NA,NA,60
2022,1,1,1,NA,NA,60
2022,1,1,1,1,3,30
2022,1,2,1,1,3,30
2022,1,2,1,5,1,60
2022,1,2,7,1,4,20
2022,1,1,3,NA,NA,15
2022,4,2,8,NA,NA,NA
2022,4,1,1,NA,NA,NA
2022,1,1,1,NA,NA,30
2022,NA,2,1,NA,NA,NA
2022,4,2,1,NA,NA,NA
2022,4,1,4,NA,NA,NA
2022,4,1,8,NA,NA,NA
2022,1,1,1,NA,NA,40
2022,4,1,3,NA,NA,NA
2022,4,1,1,NA,NA,NA
2022,4,2,1,NA,NA,NA
2022,1,2,7,NA,NA,20
2022,1,2,8,NA,NA,30
2022,1,2,7,NA,NA,60
2022,4,1,8,NA,NA,NA
2022,1,2,7,NA,NA,30
2022,4,1,1,NA,NA,NA
2022,4,2,1,NA,NA,NA
2022,4,1,8,NA,NA,NA
2022,1,1,1,1,4,3
2022,1,1,1,NA,NA,20
2022,3,1,1,NA,NA,5
2022,3,1,1,3,4,90
2022,1,1,3,NA,NA,60
2022,4,1,1,NA,NA,NA
2022,1,2,7,3,3,60
2022,4,1,1,NA,NA,NA
2022,3,2,7,NA,NA,30
2022,4,1,1,NA,NA,NA
2022,1,1,1,2,4,10
2022,1,1,1,NA,NA,20
2022,1,1,1,NA,NA,30
2022,1,2,1,NA,NA,60
2022,1,2,1,NA,NA,20
2022,1,1,1,NA,NA,20
2022,1,2,1,NA,NA,120
2022,3,2,7,NA,NA,10
2022,1,2,1,2,4,20
2022,1,2,1,3,3,30
2022,1,2,7,1,4,60
2022,1,2,1,2,4,20
2022,1,2,7,NA,NA,30
2022,1,1,1,6,3,40
2022,1,2,7,2,3,20
2022,4,1,1,NA,NA,NA
2022,1,2,1,NA,NA,40
2022,4,1,1,NA,NA,NA
2022,4,2,1,NA,NA,NA
2022,1,2,1,NA,NA,30
2022,4,1,1,NA,NA,NA
2022,4,1,1,NA,NA,NA
2022,4,2,7,NA,NA,NA
2022,3,1,1,1,4,30
2022,4,2,1,NA,NA,NA
2022,4,1,1,NA,NA,NA
2022,4,2,1,NA,NA,NA
2022,1,2,7,NA,NA,60
2022,1,2,8,NA,NA,60
2022,4,2,7,NA,NA,NA
2022,1,1,1,2,4,15
2022,1,1,1,3,4,20
2022,1,1,1,NA,NA,180
2022,1,2,7,6,3,120
2022,1,2,6,NA,NA,60
2022,3,1,1,NA,NA,15
2022,1,2,7,3,5,60
2022,1,2,1,NA,NA,30
2022,1,1,8,NA,NA,40
2022,1,2,1,NA,NA,30
2022,3,2,1,2,4,30
2022,1,1,3,2,4,60
2022,4,2,8,NA,NA,NA
2022,1,2,1,3,5,10
2022,4,2,7,NA,NA,NA
2022,4,2,7,NA,NA,NA
2022,1,2,7,NA,NA,20
2022,1,1,1,NA,NA,20
2022,1,2,7,12,4,120
2022,1,2,7,NA,NA,40
2022,1,2,1,NA,NA,60
2022,1,1,1,NA,NA,40
2022,1,2,7,NA,NA,15
2022,1,2,7,1,4,10
2022,3,2,1,1,5,180
2022,2,2,7,NA,NA,NA
2022,4,2,7,NA,NA,NA
2022,3,1,1,NA,NA,15
2022,4,2,7,NA,NA,NA
2022,4,2,7,NA,NA,NA
2022,1,2,1,NA,NA,30
2022,4,1,1,NA,NA,NA
2022,1,1,4,10,3,30
2022,1,1,1,NA,NA,45
2022,1,1,1,NA,NA,30
2022,3,2,7,NA,NA,60
2022,1,1,1,NA,NA,45
2022,1,2,1,4,4,60
2022,1,2,6,NA,NA,90
2022,1,2,1,NA,NA,120
2022,1,1,1,3,4,30
2022,1,2,6,NA,NA,60
2022,3,1,1,NA,NA,20
2022,1,2,1,NA,NA,60
2022,1,1,1,NA,NA,60
2022,4,2,1,NA,NA,NA
2022,1,1,8,3,4,60
2022,4,1,1,NA,NA,NA
2022,1,2,1,1,5,30
2022,1,2,7,1,4,30
2022,4,1,1,NA,NA,NA
2022,2,1,1,NA,NA,NA
2022,3,2,7,NA,NA,30
2022,4,1,1,NA,NA,NA
2022,4,2,7,NA,NA,NA
2022,1,2,7,NA,NA,40
2022,1,2,1,4,1,60
2022,4,1,1,NA,NA,NA
2022,4,2,1,NA,NA,NA
2022,4,1,1,NA,NA,NA
2022,4,2,1,NA,NA,NA
2022,1,2,1,1,3,60
2022,1,1,1,1,4,45
2022,1,1,1,3,4,45
2022,1,2,8,NA,NA,15
2022,1,2,1,NA,NA,60
2022,1,1,8,NA,NA,30
2022,4,2,1,NA,NA,NA
2022,4,2,1,NA,NA,NA
2022,4,2,1,NA,NA,NA
2022,1,1,1,1,4,30
2022,1,1,1,NA,NA,60
2022,1,2,1,3,2,30
2022,3,1,1,NA,NA,30
2022,1,2,7,1,3,15
2022,1,1,1,NA,NA,10
2022,1,2,7,NA,NA,15
2022,1,2,1,NA,NA,60
2022,1,2,7,3,5,30
2022,4,1,1,NA,NA,NA
2022,1,1,1,NA,NA,15
2022,1,2,1,1,4,20
2022,1,1,1,4,1,60
2022,1,2,1,NA,NA,30
2022,1,2,1,2,2,30
2022,1,2,1,NA,NA,60
2022,1,2,1,NA,NA,60
2022,1,2,2,NA,NA,15
2022,4,2,7,NA,NA,NA
2022,4,2,3,NA,NA,NA
2022,4,2,1,NA,NA,NA
2022,1,2,7,NA,NA,30
2022,1,2,1,3,3,90
2022,1,2,1,NA,NA,30
2022,1,2,1,NA,NA,20
2022,1,1,1,NA,NA,30
2022,3,2,7,NA,NA,20
2022,3,2,7,NA,NA,30
2022,1,2,1,NA,NA,45
2022,1,2,1,2,4,30
2022,4,2,1,NA,NA,NA
2022,1,2,1,NA,NA,60
2022,1,2,1,5,3,30
2022,1,1,1,2,1,15
2022,3,2,1,NA,NA,45
2022,3,2,1,NA,NA,5
2022,1,2,1,1,4,45
2022,1,2,7,NA,NA,60
2022,3,1,1,NA,NA,20
2022,1,1,1,NA,NA,20
2022,4,1,1,NA,NA,NA
2022,4,1,1,NA,NA,NA
2022,3,1,3,NA,NA,20
2022,3,1,1,NA,NA,20
2022,2,2,7,NA,NA,NA
2022,4,2,2,NA,NA,NA
2022,4,2,1,NA,NA,NA
2022,1,1,1,NA,NA,15
2022,1,2,7,NA,NA,15
2022,3,1,10,NA,NA,30
2022,1,2,7,NA,NA,40
2022,4,2,1,NA,NA,NA
2022,4,1,8,NA,NA,NA
2022,1,1,6,5,3,60
2022,1,2,8,3,5,60
2022,1,1,1,NA,NA,60
2022,1,2,1,NA,NA,20
2022,1,2,1,3,5,120
2022,1,2,7,NA,NA,30
2022,1,2,7,NA,NA,60
2022,1,1,10,NA,NA,30
2022,1,1,9,2,3,45
2022,1,1,1,4,4,30
2022,4,2,7,NA,NA,NA
2022,1,2,1,4,4,30
2022,4,2,7,NA,NA,NA
2022,4,2,4,NA,NA,NA
2022,4,2,1,NA,NA,NA
2022,4,1,10,NA,NA,NA
2022,3,2,7,NA,NA,20
2022,1,2,7,NA,NA,15
2022,1,2,1,2,3,90
2022,4,2,7,NA,NA,NA
2022,NA,1,1,NA,NA,NA
2022,4,2,7,NA,NA,NA
2022,3,2,1,NA,NA,30
2022,1,2,7,NA,NA,30
2022,4,2,7,NA,NA,NA
2022,1,2,7,NA,NA,40
2022,3,2,7,1,4,30
2022,4,1,1,NA,NA,NA
2022,1,2,7,2,5,45
2022,3,2,1,1,4,25
2022,1,1,1,2,3,50
2022,NA,1,1,NA,NA,NA
2022,1,2,7,NA,NA,30
2022,4,2,1,NA,NA,NA
2022,4,2,7,NA,NA,NA
2022,4,1,1,NA,NA,NA
2022,NA,1,2,NA,NA,NA
2022,4,2,7,NA,NA,NA
2022,1,2,7,NA,NA,30
2022,4,2,7,NA,NA,NA
2022,4,1,1,NA,NA,NA
2022,1,2,1,NA,NA,60
2022,3,2,7,3,4,30
2022,3,2,1,4,4,20
2022,4,2,1,NA,NA,NA
2022,1,1,8,NA,NA,40
2022,3,2,7,NA,NA,60
2022,4,1,1,NA,NA,NA
2022,1,1,8,NA,NA,40
2022,4,2,7,NA,NA,NA
2022,1,1,1,NA,NA,40
2022,1,1,1,NA,NA,40
2022,1,2,8,NA,NA,45
2022,1,1,8,NA,NA,240
2022,1,1,8,NA,NA,30
2022,1,2,1,NA,NA,30
2022,4,2,1,NA,NA,NA
2022,1,2,7,NA,NA,50
2022,4,2,1,NA,NA,NA
2022,4,2,7,NA,NA,NA
2022,1,2,1,NA,NA,30
2022,1,2,7,NA,NA,15
2022,3,1,1,NA,NA,15
2022,3,2,1,NA,NA,15
2022,4,2,1,NA,NA,NA
2022,1,2,1,NA,NA,40
2022,2,1,1,NA,NA,NA
2022,4,2,1,NA,NA,NA
2022,4,1,1,NA,NA,NA
2022,1,1,7,NA,NA,15
2022,2,2,7,NA,NA,NA
2022,1,2,1,3,3,30
2022,1,1,1,3,3,40
2022,1,2,7,NA,NA,60
2022,1,2,1,NA,NA,30
2022,1,2,1,NA,NA,30
2022,1,2,8,NA,NA,20
2022,3,1,8,NA,NA,30
2022,3,2,7,NA,NA,20
2022,NA,1,10,NA,NA,NA
2022,1,2,7,NA,NA,30
2022,4,2,7,NA,NA,NA
2022,1,1,1,NA,NA,30
2022,1,1,8,NA,NA,20
2022,1,1,1,NA,NA,60
2022,1,1,1,NA,NA,25
2022,1,1,4,NA,NA,35
2022,1,1,1,NA,NA,30
2022,1,1,1,NA,NA,60
2022,1,1,8,NA,NA,30
2022,1,2,7,2,5,15
2022,4,2,8,NA,NA,NA
2022,3,1,1,NA,NA,30
2022,1,2,7,NA,NA,90
2022,1,1,1,NA,NA,20
2022,4,2,7,NA,NA,NA
2022,1,1,1,NA,NA,30
2022,4,2,7,NA,NA,NA
2022,NA,2,1,NA,NA,NA
2022,1,2,1,NA,NA,30
2022,1,2,7,NA,NA,60
2022,4,2,1,NA,NA,NA
2022,1,1,8,NA,NA,60
2022,1,2,1,8,4,10
2022,1,2,1,NA,NA,60
2022,3,1,1,NA,NA,5
2022,4,1,1,NA,NA,NA
2022,1,1,1,NA,NA,10
2022,3,2,1,3,4,30
2022,1,2,1,2,4,40
2022,3,2,7,NA,NA,30
2022,1,2,7,NA,NA,30
2022,1,2,1,NA,NA,20
2022,1,2,1,5,4,30
2022,1,1,1,5,4,20
2022,1,2,1,4,4,60
2022,3,1,1,NA,NA,20
2022,3,1,1,2,4,15
2022,4,1,1,NA,NA,NA
2022,1,2,1,NA,NA,20
2022,1,2,4,3,2,90
2022,4,1,1,NA,NA,NA
2022,4,1,1,NA,NA,NA
2022,3,1,1,5,4,15
2022,3,1,1,NA,NA,21
2022,1,1,1,NA,NA,30
2022,1,2,1,NA,NA,120
2022,1,1,4,NA,NA,40
2022,1,2,1,4,1,120
2022,1,2,1,NA,NA,60
2022,4,1,1,NA,NA,NA
2022,1,1,1,5,4,10
2022,1,1,1,NA,NA,15
2022,4,2,7,NA,NA,NA
2022,1,2,1,1,4,30
2022,1,1,1,NA,NA,30
2022,1,2,1,NA,NA,120
2022,4,2,1,NA,NA,NA
2022,1,1,1,NA,NA,30
2022,3,2,7,NA,NA,15
2022,1,2,7,2,4,10
2022,3,1,1,1,4,10
2022,3,1,1,NA,NA,90
2022,1,1,6,4,3,16
2022,4,1,1,NA,NA,NA
2022,1,2,7,NA,NA,60
2022,1,2,1,NA,NA,60
2022,NA,2,7,NA,NA,NA
2022,4,2,7,NA,NA,NA
2022,4,2,1,NA,NA,NA
2022,1,2,6,NA,NA,90
2022,4,1,1,NA,NA,NA
2022,4,2,7,NA,NA,NA
2022,1,1,1,NA,NA,25
2022,1,1,1,3,1,120
2022,4,2,7,NA,NA,NA
2022,1,2,7,6,4,30
2022,4,1,1,NA,NA,NA
2022,4,2,1,NA,NA,NA
2022,4,2,6,NA,NA,NA
2022,1,1,1,NA,NA,30
2022,4,1,8,NA,NA,NA
2022,1,2,8,2,3,60
2022,1,1,8,10,3,60
2022,2,2,7,NA,NA,NA
2022,1,2,1,NA,NA,60
2022,4,2,1,NA,NA,NA
2022,1,2,1,3,4,30
2022,4,1,1,NA,NA,NA
2022,1,2,1,3,4,30
2022,1,1,1,2,4,30
2022,1,1,8,NA,NA,60
2022,1,2,6,NA,NA,60
2022,1,2,7,NA,NA,30
2022,4,2,1,NA,NA,NA
2022,3,1,1,NA,NA,30
2022,4,2,1,NA,NA,NA
2022,4,2,1,NA,NA,NA
2022,3,1,1,NA,NA,30
2022,1,2,1,7,4,120
2022,4,2,1,NA,NA,NA
2022,4,2,7,NA,NA,NA
2022,4,2,1,NA,NA,NA
2022,4,2,7,NA,NA,NA
2022,1,1,1,2,4,60
2022,4,2,1,NA,NA,NA
2022,4,1,1,NA,NA,NA
2022,3,1,1,2,3,25
2022,4,2,7,NA,NA,NA
2022,1,2,7,3,4,30
2022,3,1,1,3,1,20
2022,3,1,1,NA,NA,20
2022,3,1,1,NA,NA,20
2022,3,2,7,NA,NA,15
2022,4,1,1,NA,NA,NA
2022,4,2,7,NA,NA,NA
2022,3,2,2,NA,NA,20
2022,1,2,7,5,4,60
2022,3,1,1,NA,NA,15
2022,1,2,1,NA,NA,10
2022,1,2,1,NA,NA,30
2022,2,2,1,NA,NA,NA
2022,4,2,1,NA,NA,NA
2022,1,1,1,NA,NA,40
2022,4,1,1,NA,NA,NA
2022,1,2,1,NA,NA,40
2022,4,1,1,NA,NA,NA
2022,3,1,1,NA,NA,20
2022,1,2,6,NA,NA,60
2022,1,1,1,NA,NA,40
2022,4,2,1,NA,NA,NA
2022,NA,2,7,NA,NA,NA
2022,4,2,1,NA,NA,NA
2022,1,1,1,5,4,45
2022,1,2,8,2,5,30
2022,1,1,1,1,4,30
2022,3,1,1,NA,NA,4
2022,4,1,1,NA,NA,NA
2022,1,2,6,NA,NA,90
2022,1,2,6,NA,NA,30
2022,1,1,1,NA,NA,20
2022,1,2,1,NA,NA,30
2022,4,2,7,NA,NA,NA
2022,1,1,3,NA,NA,30
2022,3,1,1,NA,NA,30
2022,4,2,7,NA,NA,NA
2022,3,1,1,NA,NA,20
2022,3,2,1,NA,NA,20
2022,3,1,1,NA,NA,30
2022,1,1,1,5,1,30
2022,1,2,1,NA,NA,60
2022,1,2,1,NA,NA,10
2022,1,1,1,NA,NA,20
2022,1,2,7,NA,NA,30
2022,3,2,7,NA,NA,120
2022,1,1,1,3,4,15
2022,1,2,7,3,4,60
2022,1,1,1,3,4,15
2022,4,2,7,NA,NA,NA
2022,1,2,1,NA,NA,20
2022,3,2,1,NA,NA,5
2022,2,2,7,NA,NA,NA
2022,1,1,1,NA,NA,10
2022,1,1,1,NA,NA,60
2022,1,2,7,2,4,30
2022,1,2,1,1,4,15
2022,4,1,1,NA,NA,NA
2022,1,2,1,1,4,60
2022,1,1,1,1,2,60
2022,4,1,1,NA,NA,NA
2022,1,1,1,NA,NA,30
2022,3,2,1,4,4,15
2022,1,1,1,4,3,30
2022,4,2,1,NA,NA,NA
2022,4,2,1,NA,NA,NA
2022,1,2,1,NA,NA,30
2022,4,2,1,NA,NA,NA
2022,1,2,8,NA,NA,40
2022,1,2,7,NA,NA,90
2022,1,2,1,NA,NA,10
2022,3,1,7,NA,NA,15
2022,4,2,1,NA,NA,NA
2022,1,2,7,NA,NA,60
2022,1,1,1,3,3,30
2022,4,1,1,NA,NA,NA
2022,4,2,7,NA,NA,NA
2022,NA,2,7,NA,NA,NA
2022,4,1,1,NA,NA,NA
2022,1,2,6,NA,NA,30
2022,1,2,7,NA,NA,60
2022,1,2,1,5,5,60
2022,1,2,6,2,2,30
2022,1,2,1,NA,NA,30
2022,3,2,1,NA,NA,10
2022,NA,1,9,NA,NA,NA
2022,4,1,1,NA,NA,NA
2022,1,2,1,6,1,30
2022,1,2,1,NA,NA,20
2022,1,1,1,2,4,10
2022,1,2,1,NA,NA,15
2022,1,2,1,2,4,60
2022,1,1,1,NA,NA,20
2022,1,1,1,NA,NA,10
2022,1,2,1,2,4,30
2022,1,1,1,NA,NA,20
2022,1,1,1,NA,NA,30
2022,1,2,6,3,4,30
2022,1,2,1,2,3,60
2022,1,2,1,1,1,20
2022,3,2,7,2,5,20
2022,3,2,7,NA,NA,10
2022,4,1,1,NA,NA,NA
2022,1,2,7,NA,NA,20
2022,1,1,1,NA,NA,30
2022,1,2,1,1,4,20
2022,1,2,7,NA,NA,60
2022,1,2,1,NA,NA,120
2022,1,1,1,NA,NA,30
2022,1,2,7,NA,NA,10
2022,1,2,1,5,2,30
2022,NA,1,1,NA,NA,NA
2022,1,1,1,NA,NA,60
2022,1,2,7,2,5,60
2022,1,2,1,NA,NA,60
2022,3,1,1,NA,NA,20
2022,1,1,8,1,3,40
2022,1,1,6,NA,NA,45
2022,3,1,1,NA,NA,30
2022,3,1,1,NA,NA,40
2022,3,1,1,NA,NA,45
2022,1,1,1,NA,NA,20
2022,4,2,7,NA,NA,NA
2022,1,1,1,NA,NA,35
2022,2,1,1,NA,NA,NA
2022,1,2,1,NA,NA,30
2022,4,1,1,NA,NA,NA
2022,3,1,1,NA,NA,20
2022,1,2,1,3,3,30
2022,3,2,1,NA,NA,45
2022,4,1,1,NA,NA,NA
2022,1,1,6,NA,NA,60
2022,4,2,1,NA,NA,NA
2022,1,1,1,NA,NA,60
2022,1,2,6,2,2,20
2022,1,2,7,NA,NA,30
2022,3,2,7,NA,NA,30
2022,4,1,8,NA,NA,NA
2022,1,2,6,NA,NA,30
2022,1,1,4,NA,NA,20
2022,4,1,8,NA,NA,NA
2022,3,2,7,NA,NA,30
2022,2,2,1,NA,NA,NA
2022,3,2,1,3,4,20
2022,3,2,8,2,4,20
2022,4,1,9,NA,NA,NA
2022,4,2,1,NA,NA,NA
2022,3,1,1,NA,NA,30
2022,3,1,1,3,4,30
2022,3,2,1,NA,NA,20
2022,1,1,1,4,4,30
2022,1,2,1,NA,NA,60
2022,4,2,10,NA,NA,NA
2022,1,2,7,3,3,120
2022,3,2,8,NA,NA,20
2022,1,1,1,2,4,10
2022,2,2,7,NA,NA,NA
2022,4,2,1,NA,NA,NA
2022,1,1,3,NA,NA,60
2022,4,2,7,NA,NA,NA
2022,1,2,7,NA,NA,10
2022,1,2,1,NA,NA,60
2022,1,2,7,NA,NA,20
2022,4,2,1,NA,NA,NA
2022,NA,2,1,NA,NA,NA
2022,1,2,1,4,3,120
2022,1,2,1,3,1,10
2022,1,1,10,NA,NA,10
2022,1,2,1,NA,NA,60
2022,4,1,1,NA,NA,NA
2022,1,2,1,NA,NA,30
2022,2,2,1,NA,NA,NA
2022,1,1,1,3,4,10
2022,1,2,1,NA,NA,60
2022,1,2,1,NA,NA,120
2022,NA,2,7,NA,NA,NA
2022,4,2,1,NA,NA,NA
2022,2,2,1,NA,NA,NA
2022,1,2,1,4,4,20
2022,1,1,1,NA,NA,10
2022,NA,2,1,NA,NA,NA
2022,1,1,1,NA,NA,90
2022,1,2,8,NA,NA,30
2022,1,1,1,2,3,120
2022,1,1,1,3,1,20
2022,4,1,1,NA,NA,NA
2022,1,2,7,NA,NA,30
2022,2,1,1,NA,NA,NA
2022,3,2,1,NA,NA,30
2022,1,1,1,NA,NA,10
2022,4,2,1,NA,NA,NA
2022,4,2,7,NA,NA,NA
2022,4,2,7,NA,NA,NA
2022,1,2,1,NA,NA,30
2022,1,1,1,NA,NA,10
2022,3,1,4,3,4,30
2022,1,2,1,NA,NA,60
2022,4,2,7,NA,NA,NA
2022,1,2,4,NA,NA,20
2022,1,1,8,NA,NA,30
2022,1,1,4,NA,NA,180
2022,1,2,1,2,4,20
2022,1,1,1,NA,NA,70
2022,1,2,8,NA,NA,60
2022,3,1,1,4,4,30
2022,3,2,1,3,4,25
2022,1,2,7,2,4,20
2022,1,1,6,NA,NA,120
2022,1,2,1,2,4,60
2022,1,2,1,NA,NA,60
2022,1,2,1,NA,NA,30
2022,1,1,1,NA,NA,45
2022,4,2,8,NA,NA,NA
2022,4,2,8,NA,NA,NA
2022,1,1,8,NA,NA,20
2022,1,1,1,NA,NA,20
2022,1,1,3,4,3,60
2022,1,1,6,NA,NA,45
2022,1,1,6,NA,NA,10
2022,4,2,7,NA,NA,NA
2022,1,2,1,NA,NA,20
2022,1,2,1,5,4,20
2022,1,2,7,NA,NA,30
2022,1,2,1,NA,NA,30
2022,3,1,1,NA,NA,20
2022,1,1,6,NA,NA,50
2022,4,2,1,NA,NA,NA
2022,1,2,7,NA,NA,40
2022,1,1,8,NA,NA,20
2022,1,2,7,NA,NA,180
2022,1,1,8,NA,NA,30
2022,1,1,1,NA,NA,40
2022,1,2,1,NA,NA,160
2022,1,2,7,2,4,30
2022,1,2,8,2,4,50
2022,NA,2,7,NA,NA,NA
2022,1,2,7,NA,NA,40
2022,1,1,7,12,5,25
2022,1,1,1,NA,NA,50
2022,1,2,1,4,4,15
2022,1,1,1,2,4,30
2022,1,1,1,NA,NA,30
2022,1,2,1,NA,NA,180
2022,1,1,1,3,1,30
2022,1,2,1,NA,NA,60
2022,4,1,7,NA,NA,NA
2022,4,1,1,NA,NA,NA
2022,1,2,7,NA,NA,20
2022,4,2,2,NA,NA,NA
2022,1,2,7,NA,NA,60
2022,1,2,1,NA,NA,30
2022,3,1,1,NA,NA,30
2022,1,2,1,NA,NA,30
2022,4,2,1,NA,NA,NA
2022,3,2,7,NA,NA,40
2022,3,2,1,NA,NA,10
2022,1,2,1,3,3,60
2022,1,2,7,NA,NA,10
2022,3,2,1,NA,NA,10
2022,3,2,7,NA,NA,60
2022,1,2,7,NA,NA,10
2022,3,1,1,NA,NA,60
2022,3,2,1,1,4,15
2022,1,2,1,NA,NA,120
2022,3,1,1,NA,NA,15
2022,1,1,1,NA,NA,30
2022,1,2,1,1,2,30
2022,1,1,1,7,3,60
2022,1,2,1,2,3,10
2022,1,1,1,NA,NA,60
2022,1,2,1,NA,NA,30
2022,1,2,8,3,3,60
2022,1,2,7,NA,NA,20
2022,3,2,1,1,5,60
2022,3,2,1,NA,NA,30
2022,1,1,1,NA,NA,60
2022,3,1,1,3,4,15
2022,4,1,1,NA,NA,NA
2022,1,2,1,NA,NA,30
2022,1,2,7,NA,NA,5
2022,NA,1,8,NA,NA,NA
2022,1,1,1,6,1,35
2022,1,2,8,3,4,60
2022,3,2,1,NA,NA,30
2022,1,2,7,5,4,30
2022,1,2,1,NA,NA,30
2022,1,2,6,NA,NA,60
2022,1,2,7,NA,NA,60
2022,1,1,1,2,4,60
2022,1,2,7,1,5,30
2022,4,2,7,NA,NA,NA
2022,1,1,1,1,2,60
2022,1,1,1,6,4,120
2022,1,1,1,1,1,30
2022,1,1,3,NA,NA,10
2022,1,2,1,3,4,60
2022,1,2,1,4,2,60
2022,4,2,7,NA,NA,NA
2022,2,1,1,NA,NA,NA
2022,4,1,1,NA,NA,NA
2022,1,1,4,2,4,60
2022,4,1,1,NA,NA,NA
2022,1,1,1,3,4,30
2022,4,1,1,NA,NA,NA
2022,1,2,8,1,3,30
2022,4,1,1,NA,NA,NA
2022,1,2,7,NA,NA,20
2022,4,1,1,NA,NA,NA
2022,3,2,1,NA,NA,30
2022,1,1,1,NA,NA,30
2022,4,1,1,NA,NA,NA
2022,4,2,7,NA,NA,NA
2022,1,2,8,NA,NA,60
2022,1,1,1,NA,NA,45
2022,4,2,9,NA,NA,NA
2022,3,2,8,2,4,20
2023,4,1,1,NA,NA,NA
2023,3,1,1,NA,NA,10
2023,4,2,7,NA,NA,NA
2023,4,2,7,NA,NA,NA
2023,3,1,1,NA,NA,20
2023,4,2,1,NA,NA,NA
2023,1,2,7,NA,NA,30
2023,3,1,1,NA,NA,15
2023,1,2,1,NA,NA,30
2023,4,2,1,NA,NA,NA
2023,4,1,1,NA,NA,NA
2023,3,1,1,NA,NA,20
2023,1,1,1,NA,NA,60
2023,1,1,1,NA,NA,20
2023,1,1,1,NA,NA,30
2023,4,1,1,NA,NA,NA
2023,1,2,1,NA,NA,30
2023,1,2,7,NA,NA,30
2023,4,1,1,NA,NA,NA
2023,1,2,7,NA,NA,60
2023,1,2,7,NA,NA,20
2023,3,2,1,NA,NA,10
2023,4,2,7,NA,NA,NA
2023,3,1,1,NA,NA,30
2023,1,1,1,NA,NA,60
2023,4,2,7,NA,NA,NA
2023,4,1,1,NA,NA,NA
2023,3,2,1,NA,NA,30
2023,4,2,7,NA,NA,NA
2023,4,2,8,NA,NA,NA
2023,3,1,1,NA,NA,15
2023,4,1,1,NA,NA,NA
2023,3,1,1,NA,NA,10
2023,4,1,1,NA,NA,NA
2023,3,1,1,NA,NA,20
2023,4,2,1,NA,NA,NA
2023,4,2,7,NA,NA,NA
2023,4,2,1,NA,NA,NA
2023,4,2,7,NA,NA,NA
2023,3,2,7,NA,NA,20
2023,4,2,7,NA,NA,NA
2023,4,1,1,NA,NA,NA
2023,1,1,1,NA,NA,20
2023,1,1,1,NA,NA,30
2023,1,2,1,NA,NA,15
2023,3,2,1,NA,NA,20
2023,3,1,1,NA,NA,15
2023,4,2,1,NA,NA,NA
2023,4,2,1,NA,NA,NA
2023,1,1,1,NA,NA,20
2023,1,1,1,NA,NA,15
2023,1,1,1,NA,NA,30
2023,1,2,6,1,3,60
2023,1,1,1,NA,NA,40
2023,4,2,7,NA,NA,NA
2023,3,2,1,NA,NA,15
2023,1,1,1,1,4,30
2023,2,2,1,NA,NA,NA
2023,4,1,1,NA,NA,NA
2023,2,2,1,NA,NA,NA
2023,4,1,1,NA,NA,NA
2023,2,2,1,NA,NA,NA
2023,4,2,1,NA,NA,NA
2023,4,1,1,NA,NA,NA
2023,3,1,1,NA,NA,30
2023,1,2,7,3,4,30
2023,1,1,1,NA,NA,15
2023,4,1,7,NA,NA,NA
2023,1,2,7,NA,NA,60
2023,4,1,4,NA,NA,NA
2023,3,1,1,NA,NA,20
2023,1,1,8,1,3,15
2023,1,1,1,6,4,15
2023,1,2,7,NA,NA,30
2023,1,1,6,NA,NA,30
2023,1,2,1,3,4,40
2023,4,2,7,NA,NA,NA
2023,1,2,1,NA,NA,120
2023,1,2,1,NA,NA,60
2023,4,2,7,NA,NA,NA
2023,3,2,7,NA,NA,15
2023,1,1,1,NA,NA,15
2023,1,2,1,2,4,20
2023,1,2,8,1,4,40
2023,1,2,7,2,3,20
2023,3,1,1,NA,NA,25
2023,3,2,1,1,4,40
2023,1,2,1,NA,NA,30
2023,1,2,1,2,3,60
2023,4,1,1,NA,NA,NA
2023,NA,1,1,NA,NA,NA
2023,2,1,9,NA,NA,NA
2023,1,2,7,2,3,30
2023,1,2,8,12,5,90
2023,1,2,1,NA,NA,20
2023,4,2,8,NA,NA,NA
2023,1,1,1,4,4,15
2023,4,1,1,NA,NA,NA
2023,4,1,1,NA,NA,NA
2023,3,2,1,NA,NA,25
2023,2,1,1,NA,NA,NA
2023,1,1,1,1,3,20
2023,1,2,1,NA,NA,10
2023,1,1,1,NA,NA,30
2023,3,1,1,2,3,20
2023,1,1,6,NA,NA,60
2023,1,1,8,NA,NA,30
2023,4,1,1,NA,NA,NA
2023,4,2,1,NA,NA,NA
2023,1,2,1,NA,NA,60
2023,4,2,7,NA,NA,NA
2023,1,2,1,NA,NA,30
2023,4,2,8,NA,NA,NA
2023,4,1,1,NA,NA,NA
2023,1,1,1,NA,NA,35
2023,4,1,1,NA,NA,NA
2023,NA,2,7,NA,NA,NA
2023,4,2,1,NA,NA,NA
2023,1,2,1,NA,NA,30
2023,1,2,7,3,4,20
2023,1,1,1,NA,NA,90
2023,2,1,1,NA,NA,NA
2023,1,1,1,NA,NA,40
2023,4,2,8,NA,NA,NA
2023,1,1,1,NA,NA,20
2023,1,1,1,NA,NA,35
2023,1,2,7,NA,NA,60
2023,1,1,1,NA,NA,30
2023,3,1,8,NA,NA,30
2023,4,2,7,NA,NA,NA
2023,1,2,1,NA,NA,30
2023,1,1,1,NA,NA,30
2023,3,2,1,3,4,5
2023,1,2,7,NA,NA,30
2023,1,2,1,2,3,15
2023,1,2,1,NA,NA,300
2023,3,1,1,NA,NA,30
2023,1,2,3,NA,NA,60
2023,1,2,1,1,4,60
2023,1,1,1,6,1,60
2023,1,1,1,NA,NA,30
2023,1,2,1,NA,NA,60
2023,1,2,7,NA,NA,60
2023,3,1,1,NA,NA,5
2023,1,2,1,25,1,5
2023,1,2,7,NA,NA,180
2023,3,1,1,NA,NA,30
2023,1,2,3,2,4,30
2023,1,1,1,NA,NA,120
2023,1,2,7,NA,NA,10
2023,1,2,7,NA,NA,30
2023,1,1,1,NA,NA,10
2023,1,1,1,2,3,15
2023,1,2,1,NA,NA,30
2023,1,1,1,2,4,45
2023,1,1,8,NA,NA,60
2023,1,1,1,3,1,60
2023,1,1,1,NA,NA,60
2023,1,2,1,NA,NA,15
2023,3,2,8,NA,NA,30
2023,1,2,1,NA,NA,30
2023,4,1,1,NA,NA,NA
2023,1,1,1,1,4,25
2023,4,1,8,NA,NA,NA
2023,4,2,1,NA,NA,NA
2023,1,2,7,NA,NA,30
2023,3,2,7,NA,NA,60
2023,4,2,7,NA,NA,NA
2023,1,2,7,3,4,20
2023,1,2,1,NA,NA,30
2023,3,2,1,NA,NA,20
2023,1,1,4,NA,NA,120
2023,1,2,1,4,4,60
2023,1,2,7,NA,NA,10
2023,4,2,7,NA,NA,NA
2023,1,1,8,NA,NA,10
2023,1,1,1,1,4,30
2023,1,1,1,3,1,10
2023,3,2,7,NA,NA,15
2023,3,1,1,NA,NA,60
2023,1,2,7,2,2,15
2023,3,2,7,NA,NA,30
2023,1,1,8,8,4,45
2023,1,2,1,NA,NA,30
2023,1,2,1,10,4,60
2023,1,1,1,2,1,40
2023,4,2,1,NA,NA,NA
2023,1,1,1,NA,NA,30
2023,1,2,1,NA,NA,30
2023,3,1,1,NA,NA,10
2023,1,1,1,3,3,300
2023,1,2,1,1,4,5
2023,1,1,1,2,1,45
2023,4,2,1,NA,NA,NA
2023,1,2,7,NA,NA,45
2023,1,2,7,4,4,15
2023,1,2,7,3,4,20
2023,4,1,1,NA,NA,NA
2023,1,2,7,NA,NA,30
2023,3,1,8,3,5,20
2023,4,2,1,NA,NA,NA
2023,1,2,7,1,4,60
2023,1,2,6,1,2,30
2023,1,2,7,NA,NA,30
2023,NA,1,9,NA,NA,NA
2023,1,2,8,3,3,30
2023,1,1,1,NA,NA,20
2023,1,2,1,NA,NA,20
2023,1,1,1,2,5,30
2023,4,1,8,NA,NA,NA
2023,4,1,8,NA,NA,NA
2023,4,2,4,NA,NA,NA
2023,NA,2,2,NA,NA,NA
2023,4,2,7,NA,NA,NA
2023,4,1,1,NA,NA,NA
2023,1,1,1,NA,NA,120
2023,1,2,4,NA,NA,60
2023,4,2,7,NA,NA,NA
2023,NA,2,8,NA,NA,NA
2023,1,2,1,2,3,90
2023,1,2,1,4,4,120
2023,4,2,1,NA,NA,NA
2023,4,2,5,NA,NA,NA
2023,4,1,5,NA,NA,NA
2023,4,1,5,NA,NA,NA
2023,4,2,7,NA,NA,NA
2023,4,2,1,NA,NA,NA
2023,1,2,4,NA,NA,90
2023,4,2,1,NA,NA,NA
2023,1,2,5,NA,NA,40
2023,4,1,1,NA,NA,NA
2023,NA,2,1,NA,NA,NA
2023,3,1,1,NA,NA,60
2023,1,2,1,NA,NA,60
2023,1,2,1,NA,NA,90
2023,4,2,4,NA,NA,NA
2023,4,1,8,NA,NA,NA
2023,4,1,1,NA,NA,NA
2023,1,2,7,2,4,30
2023,4,2,8,NA,NA,NA
2023,4,2,8,NA,NA,NA
2023,1,2,7,NA,NA,120
2023,1,1,8,NA,NA,60
2023,4,1,1,NA,NA,NA
2023,3,2,4,NA,NA,40
2023,4,2,1,NA,NA,NA
2023,4,2,1,NA,NA,NA
2023,3,2,1,NA,NA,60
2023,NA,2,1,NA,NA,NA
2023,4,1,1,NA,NA,NA
2023,1,2,7,2,4,40
2023,NA,1,8,NA,NA,NA
2023,4,2,7,NA,NA,NA
2023,1,1,8,NA,NA,30
2023,3,1,6,NA,NA,15
2023,3,1,1,NA,NA,5
2023,1,2,1,NA,NA,30
2023,1,2,1,NA,NA,20
2023,1,1,2,NA,NA,120
2023,4,1,1,NA,NA,NA
2023,1,1,1,1,1,30
2023,1,1,1,NA,NA,120
2023,1,1,1,NA,NA,30
2023,3,2,1,NA,NA,30
2023,1,1,10,NA,NA,20
2023,1,2,1,NA,NA,30
2023,4,2,1,NA,NA,NA
2023,1,2,1,NA,NA,60
2023,1,2,1,3,3,30
2023,1,1,1,NA,NA,30
2023,4,1,9,NA,NA,NA
2023,1,2,1,3,5,15
2023,4,1,1,NA,NA,NA
2023,1,1,1,NA,NA,180
2023,1,1,4,1,3,20
2023,3,1,1,NA,NA,5
2023,1,1,1,1,4,30
2023,3,1,1,NA,NA,15
2023,2,2,1,NA,NA,NA
2023,4,1,10,NA,NA,NA
2023,1,2,1,NA,NA,30
2023,1,2,8,NA,NA,30
2023,1,1,1,1,3,60
2023,4,2,7,NA,NA,NA
2023,3,2,1,NA,NA,10
2023,1,1,1,2,4,60
2023,1,1,1,NA,NA,20
2023,NA,2,1,NA,NA,NA
2023,1,2,1,1,4,60
2023,3,1,1,3,5,30
2023,4,1,1,NA,NA,NA
2023,1,1,1,1,4,15
2023,1,2,6,2,4,30
2023,4,1,1,NA,NA,NA
2023,1,1,1,NA,NA,30
2023,1,2,7,NA,NA,20
2023,1,1,1,2,1,20
2023,1,2,1,NA,NA,20
2023,4,2,7,NA,NA,NA
2023,1,2,1,NA,NA,20
2023,4,2,8,NA,NA,NA
2023,4,2,1,NA,NA,NA
2023,4,1,1,NA,NA,NA
2023,4,1,1,NA,NA,NA
2023,4,2,1,NA,NA,NA
2023,4,1,1,NA,NA,NA
2023,4,1,6,NA,NA,NA
2023,1,2,7,NA,NA,60
2023,2,2,3,NA,NA,NA
2023,1,2,1,NA,NA,30
2023,1,2,1,2,4,20
2023,4,1,1,NA,NA,NA
2023,4,2,7,NA,NA,NA
2023,1,2,7,NA,NA,30
2023,4,1,8,NA,NA,NA
2023,4,2,1,NA,NA,NA
2023,4,1,1,NA,NA,NA
2023,1,1,6,NA,NA,42
2023,1,1,6,NA,NA,60
2023,4,1,8,NA,NA,NA
2023,1,2,7,NA,NA,20
2023,4,2,8,NA,NA,NA
2023,4,1,1,NA,NA,NA
2023,1,1,1,5,3,20
2023,1,2,6,NA,NA,60
2023,4,2,1,NA,NA,NA
2023,4,2,8,NA,NA,NA
2023,4,1,1,NA,NA,NA
2023,1,2,1,NA,NA,30
2023,1,1,1,NA,NA,120
2023,1,2,1,NA,NA,30
2023,1,2,1,NA,NA,30
2023,1,1,1,NA,NA,40
2023,4,1,1,NA,NA,NA
2023,1,1,1,4,4,20
2023,1,2,1,NA,NA,20
2023,1,2,7,NA,NA,20
2023,4,2,1,NA,NA,NA
2023,1,1,1,NA,NA,60
2023,1,2,7,NA,NA,20
2023,4,2,1,NA,NA,NA
2023,4,2,7,NA,NA,NA
2023,4,1,1,NA,NA,NA
2023,1,1,8,NA,NA,120
2023,4,2,7,NA,NA,NA
2023,1,1,1,3,4,30
2023,1,2,7,5,4,35
2023,1,1,8,NA,NA,30
2023,4,1,1,NA,NA,NA
2023,2,1,1,NA,NA,NA
2023,1,1,1,NA,NA,60
2023,2,1,1,NA,NA,NA
2023,4,1,1,NA,NA,NA
2023,4,2,7,NA,NA,NA
2023,4,2,7,NA,NA,NA
2023,3,1,1,NA,NA,20
2023,4,2,1,NA,NA,NA
2023,1,1,1,NA,NA,25
2023,3,1,1,NA,NA,20
2023,1,2,1,NA,NA,60
2023,4,2,7,NA,NA,NA
2023,4,1,1,NA,NA,NA
2023,3,1,1,NA,NA,30
2023,1,2,7,NA,NA,15
2023,1,2,7,1,4,30
2023,3,2,7,NA,NA,30
2023,4,2,7,NA,NA,NA
2023,1,1,6,NA,NA,60
2023,3,2,7,NA,NA,20
2023,4,2,7,NA,NA,NA
2023,4,2,1,NA,NA,NA
2023,1,2,1,NA,NA,35
2023,1,2,1,NA,NA,120
2023,4,2,7,NA,NA,NA
2023,4,2,7,NA,NA,NA
2023,3,1,1,1,3,30
2023,4,2,1,NA,NA,NA
2023,1,1,1,8,1,90
2023,1,1,1,NA,NA,120
2023,1,1,1,NA,NA,30
2023,4,1,1,NA,NA,NA
2023,1,2,7,3,3,120
2023,1,1,1,NA,NA,15
2023,4,2,1,NA,NA,NA
2023,1,2,7,NA,NA,35
2023,4,2,7,NA,NA,NA
2023,4,2,7,NA,NA,NA
2023,4,2,7,NA,NA,NA
2023,4,2,1,NA,NA,NA
2023,4,2,1,NA,NA,NA
2023,1,1,1,NA,NA,20
2023,4,2,1,NA,NA,NA
2023,1,1,6,NA,NA,60
2023,4,2,1,NA,NA,NA
2023,1,1,1,NA,NA,20
2023,1,1,1,4,4,45
2023,4,1,8,NA,NA,NA
2023,4,2,1,NA,NA,NA
2023,1,2,1,10,4,25
2023,1,1,6,7,2,90
2023,4,2,7,NA,NA,NA
2023,1,2,7,NA,NA,30
2023,1,2,1,60,1,60
2023,1,2,1,NA,NA,60
2023,1,1,1,2,4,40
2023,4,2,1,NA,NA,NA
2023,1,2,1,3,3,60
2023,1,2,7,NA,NA,120
2023,1,1,1,1,4,30
2023,1,1,8,1,3,30
2023,2,1,1,NA,NA,NA
2023,3,2,7,NA,NA,20
2023,1,1,8,NA,NA,90
2023,4,2,8,NA,NA,NA
2023,1,2,8,5,3,40
2023,4,2,8,NA,NA,NA
2023,1,2,1,4,4,20
2023,1,1,1,NA,NA,25
2023,4,2,1,NA,NA,NA
2023,3,1,1,NA,NA,10
2023,4,2,7,NA,NA,NA
2023,4,2,7,NA,NA,NA
2023,1,1,1,NA,NA,30
2023,4,2,7,NA,NA,NA
2023,1,1,1,1,3,30
2023,3,2,7,NA,NA,20
2023,4,2,1,NA,NA,NA
2023,3,1,1,2,3,30
2023,4,2,7,NA,NA,NA
2023,4,2,1,NA,NA,NA
2023,4,2,1,NA,NA,NA
2023,3,1,1,NA,NA,20
2023,1,2,1,3,4,25
2023,4,2,7,NA,NA,NA
2023,3,2,7,NA,NA,30
2023,4,1,1,NA,NA,NA
2023,4,2,7,NA,NA,NA
2023,4,2,7,NA,NA,NA
2023,4,1,1,NA,NA,NA
2023,3,1,1,NA,NA,20
2023,1,1,1,3,4,30
2023,1,1,1,NA,NA,25
2023,1,1,8,NA,NA,30
2023,1,1,7,NA,NA,60
2023,2,1,1,NA,NA,NA
2023,3,1,1,NA,NA,15
2023,3,2,7,NA,NA,25
2023,4,2,1,NA,NA,NA
2023,4,2,7,NA,NA,NA
2023,3,2,1,NA,NA,10
2023,1,2,8,NA,NA,20
2023,1,2,7,NA,NA,30
2023,1,1,1,5,4,30
2023,3,2,1,NA,NA,20
2023,4,2,7,NA,NA,NA
2023,3,2,1,NA,NA,20
2023,3,1,1,NA,NA,15
2023,4,2,7,NA,NA,NA
2023,4,2,1,NA,NA,NA
2023,4,1,1,NA,NA,NA
2023,1,1,1,NA,NA,20
2023,1,2,1,2,4,60
2023,1,1,8,NA,NA,30
2023,4,2,1,NA,NA,NA
2023,4,1,1,NA,NA,NA
2023,4,2,1,NA,NA,NA
2023,1,2,1,4,4,40
2023,1,2,1,5,4,60
2023,1,1,1,4,4,90
2023,1,2,7,3,4,45
2023,4,2,7,NA,NA,NA
2023,4,2,7,NA,NA,NA
2023,4,1,8,NA,NA,NA
2023,1,1,1,1,3,30
2023,3,1,1,NA,NA,10
2023,3,2,7,2,4,30
2023,1,2,6,NA,NA,120
2023,1,1,1,NA,NA,20
2023,4,2,8,NA,NA,NA
2023,1,2,1,NA,NA,30
2023,4,2,1,NA,NA,NA
2023,1,1,1,NA,NA,30
2023,1,2,1,4,4,35
2023,4,2,1,NA,NA,NA
2023,3,2,1,NA,NA,20
2023,3,1,1,NA,NA,15
2023,1,2,1,NA,NA,30
2023,4,1,8,NA,NA,NA
2023,3,2,1,4,4,15
2023,3,2,7,2,3,20
2023,3,2,1,NA,NA,25
2023,3,2,5,NA,NA,15
2023,4,2,1,NA,NA,NA
2023,1,1,1,2,4,60
2023,1,1,1,NA,NA,30
2023,1,2,7,4,4,25
2023,1,2,7,4,4,45
2023,4,2,1,NA,NA,NA
2023,4,2,7,NA,NA,NA
2023,3,2,1,NA,NA,15
2023,4,2,7,NA,NA,NA
2023,1,2,7,2,4,20
2023,1,1,1,NA,NA,25
2023,4,1,1,NA,NA,NA
2023,4,2,7,NA,NA,NA
2023,1,2,1,3,4,60
2023,1,1,1,NA,NA,60
2023,4,1,1,NA,NA,NA
2023,1,2,7,3,4,25
2023,1,2,8,3,4,40
2023,1,1,1,2,4,40
2023,1,2,1,3,4,20
2023,1,1,1,2,4,60
2023,4,2,1,NA,NA,NA
2023,4,2,7,NA,NA,NA
2023,4,1,1,NA,NA,NA
2023,4,1,2,NA,NA,NA
2023,4,2,7,NA,NA,NA
2023,4,2,1,NA,NA,NA
2023,1,2,6,5,4,40
2023,4,2,7,NA,NA,NA
2023,4,2,7,NA,NA,NA
2023,1,2,8,5,4,30
2023,1,1,1,2,4,90
2023,1,1,1,4,4,25
2023,1,2,1,3,4,60
2023,1,1,8,NA,NA,60
2023,NA,2,1,NA,NA,NA
2023,4,2,1,NA,NA,NA
2023,4,2,7,NA,NA,NA
2023,1,1,1,NA,NA,30
2023,1,2,1,NA,NA,120
2023,4,2,7,NA,NA,NA
2023,4,1,1,NA,NA,NA
2023,1,2,8,NA,NA,30
2023,4,2,1,NA,NA,NA
2023,4,2,7,NA,NA,NA
2023,1,2,7,2,4,30
2023,4,2,1,NA,NA,NA
2023,1,1,1,NA,NA,30
2023,1,1,1,NA,NA,40
2023,1,1,1,4,3,120
2023,4,1,1,NA,NA,NA
2023,4,1,1,NA,NA,NA
2023,4,2,7,NA,NA,NA
2023,4,2,7,NA,NA,NA
2023,4,2,7,NA,NA,NA
2023,4,1,1,NA,NA,NA
2023,1,1,1,3,4,30
2023,4,2,7,NA,NA,NA
2023,1,1,8,NA,NA,25
2023,1,1,1,NA,NA,40
2023,4,2,1,NA,NA,NA
2023,3,2,7,NA,NA,30
2023,4,2,7,NA,NA,NA
2023,1,1,5,NA,NA,40
2023,1,1,1,1,4,30
2023,1,1,1,NA,NA,30
2023,1,1,1,3,1,60
2023,4,2,1,NA,NA,NA
2023,1,1,1,NA,NA,20
2023,4,2,6,NA,NA,NA
2023,1,1,8,NA,NA,30
2023,1,2,7,3,4,40
2023,1,2,7,NA,NA,30
2023,1,2,1,NA,NA,60
2023,1,2,7,NA,NA,30
2023,1,1,1,3,5,30
2023,3,2,1,NA,NA,60
2023,2,2,7,NA,NA,NA
2023,4,1,1,NA,NA,NA
2023,4,1,1,NA,NA,NA
2023,1,2,6,NA,NA,60
2023,4,1,1,NA,NA,NA
2023,4,1,1,NA,NA,NA
2023,1,1,1,NA,NA,30
2023,1,1,1,2,4,35
2023,1,1,1,NA,NA,30
2023,4,2,7,NA,NA,NA
2023,4,1,1,NA,NA,NA
2023,1,2,6,NA,NA,60
2023,4,1,1,NA,NA,NA
2023,1,1,1,NA,NA,40
2023,1,2,1,NA,NA,30
2023,1,1,1,2,4,35
2023,4,2,1,NA,NA,NA
2023,1,1,6,NA,NA,60
2023,4,2,7,NA,NA,NA
2023,4,1,1,NA,NA,NA
2023,1,1,1,NA,NA,40
2023,1,1,1,NA,NA,40
2023,1,2,1,3,3,30
2023,1,2,7,NA,NA,60
2023,4,2,7,NA,NA,NA
2023,1,2,8,NA,NA,30
2023,1,2,1,NA,NA,120
2023,1,1,1,1,4,30
2023,4,1,1,NA,NA,NA
2023,4,2,7,NA,NA,NA
2023,3,1,1,1,4,30
2023,4,1,1,NA,NA,NA
2023,1,1,1,3,4,45
2023,4,2,1,NA,NA,NA
2023,1,2,1,2,4,45
2023,4,2,7,NA,NA,NA
2023,1,1,1,NA,NA,40
2023,3,1,1,NA,NA,30
2023,1,2,7,NA,NA,45
2023,4,1,1,NA,NA,NA
2023,4,2,7,NA,NA,NA
2023,1,1,1,NA,NA,60
2023,1,2,7,NA,NA,20
2023,4,1,1,NA,NA,NA
2023,4,1,1,NA,NA,NA
2023,3,2,1,1,4,20
2023,1,2,1,NA,NA,15
2023,4,2,7,NA,NA,NA
2023,1,1,1,NA,NA,30
2023,NA,1,10,NA,NA,NA
2023,1,2,1,NA,NA,120
2023,1,1,1,NA,NA,30
2023,2,2,7,NA,NA,NA
2023,3,1,1,3,5,15
2023,4,1,1,NA,NA,NA
2023,3,2,1,NA,NA,10
2023,1,2,7,NA,NA,60
2023,1,1,1,NA,NA,40
2023,4,1,1,NA,NA,NA
2023,1,1,1,NA,NA,30
2023,1,2,1,NA,NA,45
2023,1,2,7,3,4,90
2023,4,2,1,NA,NA,NA
2023,1,2,7,9,5,30
2023,4,2,7,NA,NA,NA
2023,4,2,1,NA,NA,NA
2023,1,1,1,NA,NA,25
2023,4,1,1,NA,NA,NA
2023,1,2,1,NA,NA,25
2023,1,2,1,NA,NA,60
2023,1,2,1,NA,NA,60
2023,1,2,1,2,4,30
2023,1,2,7,NA,NA,60
2023,1,2,7,3,4,20
2023,1,1,1,NA,NA,30
2023,1,1,1,NA,NA,20
2023,4,2,1,NA,NA,NA
2023,1,2,1,NA,NA,15
2023,1,1,1,NA,NA,5
2023,1,1,1,NA,NA,120
2023,1,2,7,NA,NA,20
2023,1,1,6,NA,NA,30
2023,4,2,7,NA,NA,NA
2023,1,1,1,NA,NA,30
2023,1,1,1,3,1,180
2023,1,2,7,NA,NA,30
2023,4,1,1,NA,NA,NA
2023,4,1,1,NA,NA,NA
2023,1,1,1,NA,NA,60
2023,4,2,7,NA,NA,NA
2023,1,1,1,NA,NA,60
2023,3,2,1,NA,NA,25
2023,4,1,1,NA,NA,NA
2023,1,1,8,NA,NA,20
2023,4,2,1,NA,NA,NA
2023,4,1,1,NA,NA,NA
2023,4,1,1,NA,NA,NA
2023,1,2,1,NA,NA,60
2023,4,2,1,NA,NA,NA
2023,3,2,1,4,4,15
2023,4,2,1,NA,NA,NA
2023,4,1,8,NA,NA,NA
2023,1,1,1,NA,NA,40
2023,3,2,7,2,4,20
2023,4,2,1,NA,NA,NA
2023,4,1,1,NA,NA,NA
2023,3,2,7,3,4,30
2023,1,1,1,NA,NA,35
2023,3,1,1,NA,NA,15
2023,1,2,4,NA,NA,30
2023,4,2,1,NA,NA,NA
2023,4,1,1,NA,NA,NA
2023,4,2,1,NA,NA,NA
2023,1,1,1,NA,NA,60
2023,1,2,1,3,4,40
2023,1,2,1,NA,NA,60
2023,4,2,7,NA,NA,NA
2023,4,1,8,NA,NA,NA
2023,4,2,1,NA,NA,NA
2023,1,2,7,NA,NA,30
2023,4,2,1,NA,NA,NA
2023,1,2,7,NA,NA,60
2023,4,1,7,NA,NA,NA
2023,4,2,1,NA,NA,NA
2023,4,1,8,NA,NA,NA
2023,1,2,7,4,4,30
2023,4,2,1,NA,NA,NA
2023,3,1,1,NA,NA,10
2023,4,1,1,NA,NA,NA
2023,4,1,1,NA,NA,NA
2023,3,2,7,1,4,25
2023,3,2,1,3,4,25
2023,3,2,7,3,4,30
2023,4,1,1,NA,NA,NA
2023,4,2,1,NA,NA,NA
2023,NA,2,8,NA,NA,NA
2023,1,2,7,NA,NA,35
2023,1,2,7,6,4,30
2023,4,1,1,NA,NA,NA
2023,3,2,1,3,4,25
2023,4,2,1,NA,NA,NA
2023,1,2,8,NA,NA,40
2023,1,1,1,3,2,60
2023,1,2,7,7,3,40
2023,4,1,1,NA,NA,NA
2023,4,2,7,NA,NA,NA
2023,1,1,8,NA,NA,30
2023,1,1,1,NA,NA,30
2023,3,1,6,NA,NA,30
2023,1,1,1,NA,NA,60
2023,4,2,7,NA,NA,NA
2023,1,2,1,2,3,30
2023,1,2,1,NA,NA,30
2023,3,2,7,NA,NA,60
2023,1,2,1,NA,NA,120
2023,1,1,1,NA,NA,40
2023,3,1,8,NA,NA,20
2023,1,1,8,NA,NA,20
2023,NA,2,7,NA,NA,NA
2023,NA,2,7,NA,NA,NA
2023,1,1,7,NA,NA,90
2023,1,1,1,1,3,10
2023,1,1,1,NA,NA,30
2023,1,2,8,NA,NA,90
2023,1,2,1,NA,NA,60
2023,1,2,8,4,4,30
2023,1,1,1,2,3,30
2023,1,1,8,5,4,30
2023,1,2,1,1,4,60
2023,4,1,1,NA,NA,NA
2023,1,2,2,2,3,60
2023,1,1,8,4,4,60
2023,1,2,1,NA,NA,20
2023,4,2,1,NA,NA,NA
2023,1,2,7,3,3,20
2023,4,1,1,NA,NA,NA
2023,1,1,1,NA,NA,30
2023,4,1,8,NA,NA,NA
2023,1,2,1,2,4,60
2023,1,2,1,NA,NA,40
2023,4,2,7,NA,NA,NA
2023,1,1,8,NA,NA,30
2023,4,1,1,NA,NA,NA
2023,4,2,1,NA,NA,NA
2023,3,2,1,2,4,10
2023,NA,2,7,NA,NA,NA
2023,4,1,1,NA,NA,NA
2023,4,2,7,NA,NA,NA
2023,1,1,1,NA,NA,90
2023,3,1,1,NA,NA,15
2023,4,1,1,NA,NA,NA
2023,1,2,1,NA,NA,60
2023,1,2,4,NA,NA,30
2023,1,1,1,NA,NA,30
2023,1,2,7,NA,NA,10
2023,4,2,7,NA,NA,NA
2023,4,2,1,NA,NA,NA
2023,1,2,7,NA,NA,10
2023,3,1,1,NA,NA,15
2023,4,1,1,NA,NA,NA
2023,3,2,1,1,4,20
2023,4,2,7,NA,NA,NA
2023,1,2,7,4,4,60
2023,3,2,1,NA,NA,5
2023,1,2,2,5,5,60
2023,1,2,1,NA,NA,30
2023,2,2,1,NA,NA,NA
2023,4,2,8,NA,NA,NA
2023,1,1,8,NA,NA,360
2023,4,1,8,NA,NA,NA
2023,4,1,1,NA,NA,NA
2023,1,1,1,5,4,30
2023,3,1,1,NA,NA,15
2023,3,1,1,NA,NA,15
2023,1,2,1,NA,NA,40
2023,3,2,7,2,5,20
2023,1,2,1,NA,NA,30
2023,4,1,1,NA,NA,NA
2023,3,1,1,NA,NA,30
2023,1,2,1,NA,NA,30
2023,1,1,1,NA,NA,60
2023,4,1,8,NA,NA,NA
2023,1,1,4,NA,NA,90
2023,1,1,8,NA,NA,180
2023,3,2,8,3,5,20
2023,1,1,1,NA,NA,30
2023,4,2,7,NA,NA,NA
2023,3,2,1,1,4,30
2023,3,2,1,2,4,20
2023,4,2,1,NA,NA,NA
2023,4,2,1,NA,NA,NA
2023,3,2,1,1,4,20
2023,3,1,1,NA,NA,30
2023,1,2,2,NA,NA,15
2023,1,1,1,NA,NA,30
2023,1,2,7,5,5,15
2023,4,1,8,NA,NA,NA
2023,NA,2,7,NA,NA,NA
2023,1,2,7,NA,NA,60
2023,4,2,1,NA,NA,NA
2023,4,1,1,NA,NA,NA
2023,1,1,1,NA,NA,45
2023,1,2,6,NA,NA,30
2023,1,1,1,70,4,120
2023,1,2,1,NA,NA,25
2023,4,2,1,NA,NA,NA
2023,1,2,1,3,5,30
2023,4,2,1,NA,NA,NA
2023,3,2,7,1,4,10
2023,3,2,1,NA,NA,30
2023,4,2,7,NA,NA,NA
2023,1,1,1,1,4,30
2023,4,2,1,NA,NA,NA
2023,3,1,1,NA,NA,15
2023,1,2,1,NA,NA,15
2023,1,2,7,NA,NA,30
2023,1,2,7,NA,NA,30
2023,3,2,7,NA,NA,15
2023,1,2,1,NA,NA,60
2023,4,2,7,NA,NA,NA
2023,4,1,1,NA,NA,NA
2023,4,1,3,NA,NA,NA
2023,1,1,1,6,4,15
2023,1,2,1,NA,NA,30
2023,1,1,1,NA,NA,45
2023,3,1,1,NA,NA,40
2023,1,2,7,NA,NA,25
2023,1,2,7,NA,NA,60
2023,1,2,7,NA,NA,10
2023,3,1,1,NA,NA,30
2023,1,2,6,NA,NA,240
2023,4,2,1,NA,NA,NA
2023,4,2,7,NA,NA,NA
2023,1,1,10,NA,NA,30
2023,1,1,1,NA,NA,30
2023,4,2,1,NA,NA,NA
2023,3,1,1,NA,NA,10
2023,1,1,1,4,4,20
2023,1,2,7,NA,NA,30
2023,1,1,8,NA,NA,30
2023,1,2,1,NA,NA,30
2023,1,2,7,NA,NA,25
2023,1,2,1,5,4,15
2023,1,2,1,NA,NA,25
2023,4,2,7,NA,NA,NA
2023,1,2,1,NA,NA,60
2023,1,1,1,4,3,120
2023,4,1,1,NA,NA,NA
2023,1,1,1,NA,NA,20
2023,4,2,8,NA,NA,NA
2023,4,2,1,NA,NA,NA
2023,4,2,7,NA,NA,NA
2023,3,1,1,NA,NA,45
2023,3,2,1,NA,NA,30
2023,1,2,1,NA,NA,20
2023,4,1,1,NA,NA,NA
2023,3,2,1,NA,NA,30
2023,2,2,1,NA,NA,NA
2023,1,1,1,NA,NA,20
2023,3,2,6,NA,NA,30
2023,4,2,1,NA,NA,NA
2023,1,2,1,NA,NA,40
2023,4,2,7,NA,NA,NA
2023,4,2,1,NA,NA,NA
2023,4,2,7,NA,NA,NA
2023,4,1,1,NA,NA,NA
2023,1,1,1,6,4,10
2023,4,2,1,NA,NA,NA
2023,4,2,7,NA,NA,NA
2023,1,2,7,NA,NA,30
2023,1,1,8,NA,NA,30
2023,1,2,7,NA,NA,30
2023,1,1,1,NA,NA,35
2023,4,2,7,NA,NA,NA
2023,3,2,1,1,4,5
2023,1,2,1,NA,NA,30
2023,4,2,7,NA,NA,NA
2023,1,2,7,4,5,40
2023,1,2,1,NA,NA,60
2023,3,2,7,NA,NA,15
2023,3,1,1,2,3,20
2023,4,2,7,NA,NA,NA
2023,4,2,4,NA,NA,NA
2023,1,2,1,5,4,40
2023,4,2,2,NA,NA,NA
2023,4,2,1,NA,NA,NA
2023,1,2,1,2,4,40
2023,3,2,1,NA,NA,20
2023,3,2,1,NA,NA,15
2023,4,1,1,NA,NA,NA
2023,4,2,1,NA,NA,NA
2023,1,1,1,NA,NA,25
2023,1,1,1,NA,NA,30
2023,1,2,1,NA,NA,120
2023,1,2,7,NA,NA,60
2023,1,2,1,NA,NA,180
2023,1,2,6,NA,NA,35
2023,4,2,7,NA,NA,NA
2023,1,2,1,NA,NA,35
2023,4,2,1,NA,NA,NA
2023,4,2,7,NA,NA,NA
2023,4,2,7,NA,NA,NA
2023,1,1,1,NA,NA,25
2023,4,2,1,NA,NA,NA
2023,1,2,1,NA,NA,30
2023,4,2,1,NA,NA,NA
2023,1,1,1,NA,NA,90
2023,1,2,7,NA,NA,30
2023,1,2,1,NA,NA,30
2023,1,2,1,NA,NA,240
2023,1,2,7,2,3,30
2023,3,2,1,NA,NA,10
2023,4,2,2,NA,NA,NA
2023,1,2,1,NA,NA,120
2023,1,2,1,NA,NA,30
2023,3,1,1,2,1,30
2023,4,1,1,NA,NA,NA
2023,1,2,6,NA,NA,20
2023,1,2,1,NA,NA,45
2023,1,2,7,NA,NA,20
2023,1,2,8,12,5,30
2023,4,2,8,NA,NA,NA
2023,1,2,8,12,4,15
2023,NA,2,7,NA,NA,NA
2023,4,2,7,NA,NA,NA
2023,4,2,7,NA,NA,NA
2023,3,1,1,NA,NA,30
2023,1,2,1,NA,NA,60
2023,4,1,1,NA,NA,NA
2023,3,2,1,NA,NA,15
2023,3,1,1,NA,NA,30
2023,4,2,7,NA,NA,NA
2023,3,2,1,2,4,10
2023,1,1,8,NA,NA,30
2023,4,2,1,NA,NA,NA
2023,2,1,8,NA,NA,NA
2023,4,1,1,NA,NA,NA
2023,1,2,1,NA,NA,20
2023,4,2,1,NA,NA,NA
2023,4,2,10,NA,NA,NA
2023,4,2,1,NA,NA,NA
2023,1,2,1,4,4,15
2023,1,2,7,NA,NA,30
2023,1,1,1,NA,NA,90
2023,1,1,1,NA,NA,30
2023,1,1,1,NA,NA,20
2023,4,2,7,NA,NA,NA
2023,1,1,1,NA,NA,120
2023,3,2,1,NA,NA,30
2023,3,2,1,NA,NA,20
2023,4,2,7,NA,NA,NA
2023,3,2,7,NA,NA,20
2023,4,2,1,NA,NA,NA
2023,4,2,7,NA,NA,NA
2023,1,2,7,NA,NA,30
2023,4,2,7,NA,NA,NA
2023,1,1,8,NA,NA,20
2023,1,2,1,NA,NA,120
2023,1,2,7,3,4,60
2023,1,1,1,NA,NA,30
2023,1,1,1,NA,NA,30
2023,1,1,1,NA,NA,20
2023,1,2,1,NA,NA,60
2023,1,1,1,NA,NA,20
2023,1,2,1,NA,NA,15
2023,4,2,8,NA,NA,NA
2023,1,2,7,NA,NA,60
2023,4,2,7,NA,NA,NA
2023,1,1,1,5,3,180
2023,1,2,1,1,3,120
2023,1,2,7,NA,NA,20
2023,1,2,1,NA,NA,30
2023,4,2,7,NA,NA,NA
2023,1,2,1,NA,NA,30
2023,1,2,7,NA,NA,30
2023,1,2,7,NA,NA,30
2023,1,2,7,NA,NA,20
2023,4,2,7,NA,NA,NA
2023,1,1,8,2,4,60
2023,4,2,1,NA,NA,NA
2023,1,2,1,NA,NA,20
2023,1,1,1,NA,NA,40
2023,4,2,7,NA,NA,NA
2023,1,2,6,NA,NA,30
2023,1,2,7,NA,NA,20
2023,4,1,1,NA,NA,NA
2023,1,1,1,NA,NA,40
2023,4,2,1,NA,NA,NA
2023,1,1,1,NA,NA,30
2023,1,2,1,NA,NA,40
2023,1,2,8,NA,NA,30
2023,1,1,10,NA,NA,20
2023,4,2,7,NA,NA,NA
2023,4,1,1,NA,NA,NA
2023,NA,2,8,NA,NA,NA
2023,1,1,1,NA,NA,30
2023,1,2,1,5,4,60
2023,4,2,7,NA,NA,NA
2023,4,2,7,NA,NA,NA
2023,1,1,8,2,4,30
2023,1,2,7,1,4,40
2023,1,1,1,NA,NA,30
2023,1,2,6,7,4,60
2023,4,1,1,NA,NA,NA
2023,1,1,1,NA,NA,25
2023,1,2,1,NA,NA,40
2023,1,2,7,3,4,10
2023,4,1,10,NA,NA,NA
2023,1,2,7,2,4,30
2023,4,2,7,NA,NA,NA
2023,4,2,7,NA,NA,NA
2023,1,1,1,2,4,30
2023,1,2,7,3,4,60
2023,4,2,1,NA,NA,NA
2023,1,1,1,NA,NA,20
2023,1,2,7,1,4,20
2023,1,2,1,NA,NA,20
2023,1,2,7,NA,NA,60
2023,1,1,6,NA,NA,20
2023,1,2,7,1,3,20
2023,1,2,1,NA,NA,60
2023,4,2,1,NA,NA,NA
2023,4,2,7,NA,NA,NA
2023,4,2,1,NA,NA,NA
2023,1,1,6,NA,NA,20
2023,4,2,1,NA,NA,NA
2023,1,1,8,NA,NA,30
2023,4,1,1,NA,NA,NA
2023,4,2,7,NA,NA,NA
2023,4,2,7,NA,NA,NA
2023,1,2,7,1,3,30
2023,4,2,7,NA,NA,NA
2023,1,2,7,NA,NA,30
2023,4,2,1,NA,NA,NA
2023,4,1,8,NA,NA,NA
2023,1,1,1,NA,NA,60
2023,1,2,1,NA,NA,20
2023,1,1,1,NA,NA,30
2023,NA,1,10,NA,NA,NA
2023,4,1,4,NA,NA,NA
2023,4,1,8,NA,NA,NA
2023,1,2,1,3,3,60
2023,1,2,7,3,4,20
2023,1,1,1,NA,NA,30
2023,1,2,7,NA,NA,10
2023,1,1,1,NA,NA,30
2023,4,2,1,NA,NA,NA
2023,1,1,1,NA,NA,40
2023,NA,2,7,NA,NA,NA
2023,4,2,1,NA,NA,NA
2023,1,2,7,NA,NA,30
2023,4,1,1,NA,NA,NA
2023,4,2,7,NA,NA,NA
2023,1,1,1,NA,NA,20
2023,4,1,10,NA,NA,NA
2023,1,2,7,2,4,10
2023,4,1,1,NA,NA,NA
2023,4,1,1,NA,NA,NA
2023,4,1,1,NA,NA,NA
2023,1,1,9,NA,NA,20
2023,4,1,1,NA,NA,NA
2023,1,1,1,2,2,30
2023,4,2,7,NA,NA,NA
2023,4,2,7,NA,NA,NA
2023,1,2,7,NA,NA,20
2023,4,2,1,NA,NA,NA
2023,1,2,1,NA,NA,30
2023,4,2,1,NA,NA,NA
2023,1,2,1,2,4,20
2023,1,1,6,1,2,30
2023,4,2,10,NA,NA,NA
2023,1,2,1,NA,NA,30
2023,4,2,7,NA,NA,NA
2023,1,2,1,NA,NA,40
2023,1,2,1,NA,NA,20
2023,4,2,1,NA,NA,NA
2023,NA,2,1,NA,NA,NA
2023,1,2,8,NA,NA,60
2023,1,2,1,NA,NA,30
2023,4,2,1,NA,NA,NA
2023,4,1,8,NA,NA,NA
2023,4,1,7,NA,NA,NA
2023,4,1,1,NA,NA,NA
2023,4,2,7,NA,NA,NA
2023,1,2,1,NA,NA,60
2023,1,1,1,NA,NA,40
2023,NA,2,1,NA,NA,NA
2023,1,2,7,NA,NA,60
2023,1,2,1,NA,NA,60
2023,1,1,1,NA,NA,120
2023,1,1,8,NA,NA,40
2023,1,1,1,NA,NA,120
2023,NA,2,7,NA,NA,NA
2023,1,2,1,2,3,60
2023,4,1,1,NA,NA,NA
2023,1,1,6,NA,NA,120
2023,1,1,1,NA,NA,30
2023,4,2,1,NA,NA,NA
2023,4,1,1,NA,NA,NA
2023,4,2,1,NA,NA,NA
2023,1,2,7,NA,NA,30
2023,4,2,1,NA,NA,NA
2023,4,1,1,NA,NA,NA
2023,1,1,6,NA,NA,120
2023,4,2,1,NA,NA,NA
2023,4,2,1,NA,NA,NA
2023,4,2,1,NA,NA,NA
2023,1,1,8,NA,NA,45
2023,1,1,1,NA,NA,30
2023,4,1,1,NA,NA,NA
2023,1,1,6,NA,NA,60
2023,1,1,1,NA,NA,40
2023,4,2,1,NA,NA,NA
2023,1,1,1,2,4,30
2023,4,1,1,NA,NA,NA
2023,4,2,7,NA,NA,NA
2023,1,2,1,1,4,30
2023,NA,2,1,NA,NA,NA
2023,4,1,1,NA,NA,NA
2023,4,1,1,NA,NA,NA
2023,1,1,1,NA,NA,30
2023,1,1,1,NA,NA,90
2023,1,2,7,NA,NA,30
2023,2,1,1,NA,NA,NA
2023,4,2,7,NA,NA,NA
2023,4,2,1,NA,NA,NA
2023,1,1,1,2,4,20
2023,1,2,1,6,5,60
2023,4,2,1,NA,NA,NA
2023,4,1,1,NA,NA,NA
2023,1,2,7,NA,NA,60
2023,1,1,1,NA,NA,180
2023,1,1,1,NA,NA,120
2023,1,1,8,NA,NA,30
2023,1,2,7,NA,NA,60
2023,1,2,7,NA,NA,30
2023,4,2,7,NA,NA,NA
2023,1,2,1,NA,NA,60
2023,4,1,1,NA,NA,NA
2023,1,2,1,NA,NA,10
2023,4,2,1,NA,NA,NA
2023,1,2,1,2,4,240
2023,1,2,6,NA,NA,120
2023,1,2,1,3,4,40
2023,1,1,1,NA,NA,60
2023,1,2,1,NA,NA,180
2023,1,2,6,NA,NA,60
2023,4,1,1,NA,NA,NA
2023,2,2,7,NA,NA,NA
2023,1,2,1,NA,NA,60
2023,1,2,1,NA,NA,30
2023,1,1,8,NA,NA,90
2023,2,2,1,NA,NA,NA
2023,1,1,1,1,4,30
2023,4,2,1,NA,NA,NA
2023,4,2,1,NA,NA,NA
2023,4,2,2,NA,NA,NA
2023,3,1,1,NA,NA,15
2023,1,2,1,NA,NA,60
2023,1,1,1,NA,NA,20
2023,1,1,1,NA,NA,30
2023,1,2,7,1,4,10
2023,1,1,6,3,3,60
2023,1,1,1,3,3,240
2023,1,2,7,NA,NA,30
2023,1,1,4,NA,NA,5
2023,1,2,8,1,4,30
2023,1,2,6,NA,NA,120
2023,3,2,2,NA,NA,5
2023,1,1,1,NA,NA,10
2023,1,1,1,NA,NA,30
2023,1,2,1,NA,NA,30
2023,1,1,1,NA,NA,30
2023,1,1,1,1,4,30
2023,NA,1,1,NA,NA,NA
2023,1,1,1,1,4,60
2023,1,1,1,NA,NA,45
2023,4,2,1,NA,NA,NA
2023,3,1,1,1,5,15
2023,1,1,1,2,3,30
2023,1,2,1,NA,NA,10
2023,1,2,7,2,4,10
2023,1,2,1,NA,NA,20
2023,4,1,1,NA,NA,NA
2023,1,1,1,NA,NA,30
2023,4,2,1,NA,NA,NA
2023,1,2,1,NA,NA,30
2023,4,1,1,NA,NA,NA
2023,1,1,1,1,4,60
2023,1,2,7,NA,NA,30
2023,4,2,1,NA,NA,NA
2023,4,1,1,NA,NA,NA
2023,3,2,7,NA,NA,60
2023,4,1,1,NA,NA,NA
2023,4,2,7,NA,NA,NA
2023,1,2,1,NA,NA,25
2023,1,1,1,3,3,20
2023,1,1,1,4,4,60
2023,1,1,1,3,3,30
2023,3,2,1,1,3,10
2023,4,2,7,NA,NA,NA
2023,1,2,1,NA,NA,60
2023,3,2,1,2,4,15
2023,1,1,1,2,4,60
2023,1,1,1,NA,NA,20
2023,4,1,1,NA,NA,NA
2023,1,2,1,NA,NA,40
2023,1,1,1,10,1,30
2023,1,2,8,NA,NA,30
2023,4,1,3,NA,NA,NA
2023,4,1,8,NA,NA,NA
2023,4,2,7,NA,NA,NA
2023,1,1,1,NA,NA,60
2023,2,2,1,NA,NA,NA
2023,4,1,1,NA,NA,NA
2023,NA,2,7,NA,NA,NA
2023,4,2,1,NA,NA,NA
2023,4,2,1,NA,NA,NA
2023,4,1,1,NA,NA,NA
2023,4,2,1,NA,NA,NA
2023,1,1,1,NA,NA,30
2023,1,1,1,NA,NA,60
2023,1,1,1,3,3,30
2023,1,1,1,2,3,40
2023,2,2,1,NA,NA,NA
2023,1,2,7,3,3,30
2023,1,1,8,2,5,10
2023,2,2,1,NA,NA,NA
2023,1,2,1,3,4,30
2023,1,2,1,2,2,60
2023,1,2,8,3,3,120
2023,1,2,7,NA,NA,60
2023,1,2,1,6,1,120
2023,2,2,7,NA,NA,NA
2023,4,1,1,NA,NA,NA
2023,4,2,7,NA,NA,NA
2023,2,2,1,NA,NA,NA
2023,4,2,1,NA,NA,NA
2023,1,2,1,NA,NA,15
2023,1,1,1,2,1,10
2023,1,1,1,NA,NA,480
2023,1,2,7,6,4,60
2023,3,1,8,NA,NA,25
2023,1,2,8,3,4,15
2023,4,1,8,NA,NA,NA
2023,1,2,7,1,4,20
2023,1,2,7,1,4,60
2023,1,1,1,4,3,120
2023,3,2,1,NA,NA,15
2023,4,2,7,NA,NA,NA
2023,4,2,7,NA,NA,NA
2023,1,2,7,NA,NA,30
2023,1,1,1,NA,NA,60
2023,1,1,1,NA,NA,40
2023,4,2,1,NA,NA,NA
2023,4,1,1,NA,NA,NA
2023,4,2,1,NA,NA,NA
2023,1,2,1,NA,NA,20
2023,1,1,1,NA,NA,30
2023,NA,2,7,NA,NA,NA
2023,NA,1,1,NA,NA,NA
2023,1,2,7,NA,NA,60
2023,1,2,1,NA,NA,120
2023,1,2,7,3,4,25
2023,1,1,1,NA,NA,15
2023,1,2,7,2,4,30
2023,1,2,7,2,4,30
2023,4,2,7,NA,NA,NA
2023,4,2,8,NA,NA,NA
2023,1,1,1,2,3,60
2023,1,1,1,NA,NA,5
2023,1,1,1,1,3,90
2023,1,2,1,NA,NA,240
2023,4,1,1,NA,NA,NA
2023,3,1,1,NA,NA,20
2023,2,1,8,NA,NA,NA
2023,1,1,1,NA,NA,60
2023,1,2,1,NA,NA,30
2023,1,2,7,NA,NA,30
2023,3,1,4,NA,NA,60
2023,1,2,6,2,2,60
2023,1,2,1,1,4,60
2023,1,1,1,NA,NA,30
2023,1,1,1,NA,NA,20
2023,1,2,1,NA,NA,60
2023,1,1,1,NA,NA,30
2023,1,2,1,NA,NA,180
2023,4,2,7,NA,NA,NA
2023,2,2,1,NA,NA,NA
2023,1,2,1,NA,NA,40
2023,1,1,1,NA,NA,30
2023,1,1,2,3,1,60
2023,1,2,7,2,4,30
2023,3,2,7,NA,NA,60
2023,1,1,1,NA,NA,15
2023,3,2,7,4,3,15
2023,1,1,1,NA,NA,10
2023,1,2,1,NA,NA,15
2023,1,1,1,2,4,20
2023,1,1,1,2,4,8
2023,1,1,1,1,4,30
2023,1,2,8,NA,NA,90
2023,1,1,1,NA,NA,45
2023,1,2,8,3,4,30
2023,1,1,1,NA,NA,60
2023,2,1,1,NA,NA,NA
2023,1,2,1,1,4,60
2023,4,1,1,NA,NA,NA
2023,1,2,7,NA,NA,30
2023,1,2,7,NA,NA,40
2023,1,1,1,2,1,10
2023,3,1,1,2,4,30
2023,4,2,8,NA,NA,NA
2023,1,2,1,2,1,30
2023,1,1,1,NA,NA,25
2023,4,1,1,NA,NA,NA
2023,4,2,7,NA,NA,NA
2023,1,2,7,1,5,25
2023,1,1,1,NA,NA,25
2023,4,1,1,NA,NA,NA
2023,3,1,1,NA,NA,60
2023,1,1,4,NA,NA,10
2023,1,2,1,2,4,20
2023,1,2,8,NA,NA,20
2023,1,2,7,NA,NA,30
2023,4,1,8,NA,NA,NA
2023,1,2,7,NA,NA,15
2023,1,1,1,2,4,30
2023,4,1,8,NA,NA,NA
2023,4,2,1,NA,NA,NA
2023,1,2,1,1,1,45
2023,4,1,1,NA,NA,NA
2023,3,1,1,NA,NA,30
2023,3,1,1,NA,NA,10
2023,3,1,1,NA,NA,120
2023,1,2,1,NA,NA,120
2023,1,2,1,2,2,15
2023,1,1,1,NA,NA,30
2023,3,1,4,1,4,20
2023,4,1,1,NA,NA,NA
2023,4,1,1,NA,NA,NA
2023,1,2,1,2,4,10
2023,4,2,1,NA,NA,NA
2023,4,1,1,NA,NA,NA
2023,1,2,7,NA,NA,30
2023,1,2,1,NA,NA,120
2023,2,2,7,NA,NA,NA
2023,1,1,1,NA,NA,25
2023,1,2,7,2,4,15
2023,1,2,7,NA,NA,10
2023,1,2,1,2,4,15
2023,1,1,1,NA,NA,10
2023,1,2,1,NA,NA,20
2023,1,1,1,NA,NA,40
2023,1,2,7,1,5,30
2023,4,1,8,NA,NA,NA
2023,1,1,1,NA,NA,20
2023,4,2,1,NA,NA,NA
2023,4,2,7,NA,NA,NA
2023,1,2,1,2,5,40
2023,1,1,6,1,5,30
2023,4,1,4,NA,NA,NA
2023,3,2,1,NA,NA,10
2023,1,2,1,5,3,40
2023,1,2,7,NA,NA,10
2023,1,1,1,NA,NA,15
2023,1,2,7,NA,NA,10
2023,1,2,7,3,4,20
2023,1,2,8,1,5,60
2023,4,2,7,NA,NA,NA
2023,1,1,1,NA,NA,60
2023,1,2,7,NA,NA,90
2023,1,1,1,NA,NA,30
2023,1,1,1,NA,NA,20
2023,1,1,1,NA,NA,25
2023,1,1,1,4,3,30
2023,1,1,1,1,4,60
2023,4,1,8,NA,NA,NA
2023,3,1,6,1,4,30
2023,2,2,8,NA,NA,NA
2023,1,2,7,NA,NA,60
2023,1,2,1,5,4,20
2023,4,2,7,NA,NA,NA
2023,2,2,1,NA,NA,NA
2023,2,2,7,NA,NA,NA
2023,4,2,7,NA,NA,NA
2023,4,2,7,NA,NA,NA
2023,4,2,7,NA,NA,NA
2023,3,1,1,NA,NA,10
2023,1,1,1,NA,NA,20
2023,1,2,1,8,6,30
2023,1,2,1,NA,NA,60
2023,1,1,1,NA,NA,40
2023,1,1,1,NA,NA,40
2023,1,1,1,2,3,30
2023,1,1,1,NA,NA,60
2023,1,2,7,NA,NA,5
2023,1,2,1,NA,NA,30
2023,4,2,1,NA,NA,NA
2023,1,1,1,NA,NA,30
2023,3,1,1,NA,NA,30
2023,1,2,1,4,4,45
2023,3,2,1,2,4,20
2023,1,1,1,3,3,60
2023,1,2,1,1,5,30
2023,4,2,1,NA,NA,NA
2023,1,1,1,NA,NA,20
2023,1,1,1,2,4,60
2023,3,2,1,NA,NA,40
2023,3,1,1,NA,NA,30
2023,1,2,7,NA,NA,30
2023,1,1,3,1,4,35
2023,1,1,1,4,4,30
2023,3,2,1,NA,NA,60
2023,3,2,1,NA,NA,20
2023,1,1,1,5,1,120
2023,3,2,1,NA,NA,60
2023,1,1,1,1,3,180
2023,1,1,1,5,4,30
2023,1,2,7,NA,NA,10
2023,3,1,1,NA,NA,20
2023,1,1,1,2,3,30
2023,1,2,1,3,4,30
2023,1,1,1,NA,NA,60
2023,4,2,7,NA,NA,NA
2023,1,2,1,NA,NA,20
2023,1,1,1,NA,NA,60
2023,4,2,8,NA,NA,NA
2023,1,1,8,12,3,20
2023,1,1,1,NA,NA,90
2023,1,1,1,4,1,15
2023,1,2,1,NA,NA,30
2023,3,2,1,NA,NA,10
2023,1,2,1,2,3,20
2023,1,1,1,3,4,60
2023,1,1,1,2,1,30
2023,1,2,1,NA,NA,30
2023,4,2,7,NA,NA,NA
2023,4,2,7,NA,NA,NA
2023,4,1,1,NA,NA,NA
2023,4,1,1,NA,NA,NA
2023,1,2,1,NA,NA,25
2023,1,1,1,4,1,60
2023,1,1,1,2,3,5
2023,NA,1,7,NA,NA,NA
2023,4,2,1,NA,NA,NA
2023,3,2,7,NA,NA,15
2023,1,2,2,NA,NA,10
2023,1,1,1,NA,NA,50
2023,1,2,1,NA,NA,30
2023,4,2,1,NA,NA,NA
2023,3,1,1,NA,NA,60
2023,3,2,1,NA,NA,15
2023,1,1,1,2,3,60
2023,3,2,1,NA,NA,60
2023,1,2,1,NA,NA,45
2023,2,2,7,NA,NA,NA
2023,1,2,1,3,3,20
2023,3,2,7,NA,NA,10
2023,1,2,7,NA,NA,30
2023,4,2,1,NA,NA,NA
2023,1,2,1,15,1,120
2023,3,2,8,20,4,10
2023,1,1,1,5,1,300
2023,3,2,1,4,3,15
2023,1,1,1,4,2,30
2023,1,2,7,15,4,45
2023,4,1,1,NA,NA,NA
2023,3,1,4,NA,NA,15
2023,4,2,1,NA,NA,NA
2023,1,2,1,NA,NA,30
2023,1,2,1,NA,NA,30
2023,1,2,1,NA,NA,120
2023,1,1,1,NA,NA,25
2023,1,1,7,NA,NA,60
2023,3,2,1,NA,NA,10
2023,4,2,1,NA,NA,NA
2023,1,1,1,NA,NA,30
2023,1,2,7,NA,NA,20
2023,1,1,6,6,3,60
2023,1,1,4,1,4,20
2023,1,2,1,NA,NA,30
2023,1,2,8,2,6,60
2023,1,2,8,NA,NA,30
2023,1,2,1,NA,NA,25
2023,3,2,6,NA,NA,40
2023,1,2,7,1,5,40
2023,1,2,7,12,5,60
2023,1,2,1,NA,NA,100
2023,4,1,10,NA,NA,NA
2023,3,2,7,2,4,30
2023,4,2,1,NA,NA,NA
2023,1,1,1,NA,NA,10
2023,4,2,1,NA,NA,NA
2023,3,2,7,NA,NA,25
2023,1,2,6,NA,NA,120
2023,4,2,1,NA,NA,NA
2023,4,2,7,NA,NA,NA
2023,4,2,1,NA,NA,NA
2023,1,2,1,1,3,90
2023,1,1,1,4,4,30
2023,4,2,1,NA,NA,NA
2023,1,2,7,NA,NA,40
2023,1,1,8,NA,NA,40
2023,1,2,1,2,4,15
2023,1,2,8,NA,NA,20
2023,1,2,1,NA,NA,60
2023,4,2,1,NA,NA,NA
2023,1,1,1,NA,NA,60
2023,3,1,8,4,4,45
2023,1,1,1,NA,NA,30
2023,4,1,1,NA,NA,NA
2023,1,2,7,NA,NA,30
2023,1,2,6,3,2,120
2023,1,2,2,3,1,120
2023,1,1,1,NA,NA,60
2023,1,1,1,3,3,120
2023,1,2,1,1,2,15
2023,3,1,1,NA,NA,15
2023,4,1,1,NA,NA,NA
2023,4,2,1,NA,NA,NA
2023,4,2,1,NA,NA,NA
2023,1,2,1,5,4,20
2023,4,2,7,NA,NA,NA
2023,3,2,7,NA,NA,60
2023,4,2,1,NA,NA,NA
2023,1,2,6,2,4,30
2023,1,2,1,NA,NA,30
2023,1,2,1,2,4,40
2023,1,1,1,2,4,20
2023,4,1,8,NA,NA,NA
2023,4,2,1,NA,NA,NA
2023,1,1,8,2,4,40
2023,1,2,1,6,4,45
2023,3,2,7,NA,NA,30
2023,4,2,1,NA,NA,NA
2023,3,2,7,1,4,30
2023,4,1,1,NA,NA,NA
2023,4,2,1,NA,NA,NA
2023,3,2,1,NA,NA,15
2023,3,2,7,1,3,15
2023,4,2,7,NA,NA,NA
2023,3,1,1,NA,NA,60
2023,1,1,1,1,3,20
2023,4,2,7,NA,NA,NA
2023,4,2,8,NA,NA,NA
2023,4,2,4,NA,NA,NA
2023,1,2,1,3,4,60
2023,1,2,1,NA,NA,30
2023,1,1,6,NA,NA,120
2023,4,2,4,NA,NA,NA
2023,4,1,7,NA,NA,NA
2023,3,2,7,NA,NA,120
2023,1,1,1,NA,NA,15
2023,1,2,1,1,4,40
2023,4,2,7,NA,NA,NA
2023,4,2,8,NA,NA,NA
2023,1,2,1,NA,NA,120
2023,4,1,1,NA,NA,NA
2023,4,2,7,NA,NA,NA
2023,1,2,7,1,4,40
2023,4,1,8,NA,NA,NA
2023,1,1,1,NA,NA,70
2023,1,2,8,NA,NA,20
2023,3,1,1,NA,NA,90
2023,3,1,1,NA,NA,30
2023,1,1,1,2,4,15
2023,1,2,1,NA,NA,60
2023,1,2,1,NA,NA,20
2023,4,2,1,NA,NA,NA
2023,4,1,1,NA,NA,NA
2023,1,1,1,NA,NA,15
2023,4,2,7,NA,NA,NA
2023,1,1,1,NA,NA,20
2023,1,2,1,NA,NA,60
2023,4,2,1,NA,NA,NA
2023,1,1,8,12,4,120
2023,1,1,1,NA,NA,70
2023,3,2,7,15,4,20
2023,1,2,1,NA,NA,30
2023,NA,2,1,NA,NA,NA
2023,1,2,1,NA,NA,60
2023,1,1,1,NA,NA,60
2023,3,1,1,4,4,5
2023,3,1,8,NA,NA,60
2023,1,2,1,NA,NA,60
2023,4,2,1,NA,NA,NA
2023,3,1,1,NA,NA,70
2023,1,2,1,NA,NA,60
2023,3,2,1,3,4,60
2023,1,2,1,1,4,40
2023,1,2,7,NA,NA,10
2023,1,2,1,1,4,60
2023,3,2,7,NA,NA,30
2023,3,1,1,2,4,25
2023,4,1,1,NA,NA,NA
2023,3,2,1,NA,NA,25
2023,1,1,1,NA,NA,30
2023,1,2,1,NA,NA,60
2023,1,2,1,NA,NA,30
2023,1,1,1,4,3,30
2023,1,1,1,NA,NA,10
2023,3,1,1,NA,NA,10
2023,1,1,1,1,4,10
2023,4,2,7,NA,NA,NA
2023,3,2,7,NA,NA,10
2023,1,1,1,NA,NA,30
2023,1,2,1,NA,NA,20
2023,4,2,1,NA,NA,NA
2023,NA,2,7,NA,NA,NA
2023,3,2,1,5,4,60
2023,1,2,7,NA,NA,30
2023,1,2,1,NA,NA,10
2023,1,2,1,NA,NA,20
2023,1,2,1,2,4,120
2023,1,1,1,NA,NA,15
2023,3,1,1,NA,NA,60
2023,3,2,7,3,4,15
2023,1,2,1,1,3,120
2023,1,2,7,NA,NA,120
2023,NA,2,7,NA,NA,NA
2023,4,2,7,NA,NA,NA
2023,1,1,1,NA,NA,30
2023,4,2,1,NA,NA,NA
2023,1,2,1,NA,NA,30
2023,1,1,8,2,5,30
2023,1,1,1,1,2,180
2023,1,1,1,NA,NA,40
2023,1,1,1,NA,NA,20
2023,1,1,6,NA,NA,30
2023,4,2,1,NA,NA,NA
2023,4,1,8,NA,NA,NA
2023,4,1,1,NA,NA,NA
2023,1,1,1,NA,NA,20
2023,2,2,1,NA,NA,NA
2023,1,2,7,4,3,60
2023,1,1,8,NA,NA,180
2023,4,2,7,NA,NA,NA
2023,1,1,6,NA,NA,60
2023,1,1,1,NA,NA,60
2023,3,2,1,NA,NA,60
2023,4,2,7,NA,NA,NA
2023,1,1,1,2,3,30
2023,1,1,1,10,3,30
2023,4,1,1,NA,NA,NA
2023,1,2,1,NA,NA,30
2023,1,1,1,4,1,30
2023,4,1,1,NA,NA,NA
2023,4,1,1,NA,NA,NA
2023,1,1,6,NA,NA,30
2023,1,2,1,6,4,60
2023,4,2,1,NA,NA,NA
2023,4,1,1,NA,NA,NA
2023,1,2,6,NA,NA,60
2023,1,1,8,NA,NA,120
2023,4,2,1,NA,NA,NA
2023,4,2,1,NA,NA,NA
2023,NA,2,1,NA,NA,NA
2023,1,1,1,NA,NA,30
2023,3,2,1,NA,NA,20
2023,4,2,7,NA,NA,NA
2023,1,2,1,NA,NA,60
2023,1,2,6,NA,NA,180
2023,3,1,1,3,1,5
2023,3,2,1,NA,NA,120
2023,1,1,4,5,1,10
2023,3,1,1,1,3,30
2023,1,2,6,2,2,30
2023,3,2,7,NA,NA,30
2023,2,2,1,NA,NA,NA
2023,4,1,1,NA,NA,NA
2023,1,1,1,7,1,30
2023,4,2,7,NA,NA,NA
2023,3,2,2,NA,NA,20
2023,1,1,8,NA,NA,30
2023,1,2,2,3,1,40
2023,1,2,1,NA,NA,45
2023,3,1,1,2,4,20
2023,1,2,1,NA,NA,45
2023,3,1,1,NA,NA,10
2023,3,2,1,NA,NA,20
2023,3,2,1,NA,NA,20
2023,4,1,1,NA,NA,NA
2023,1,2,6,NA,NA,45
2023,1,1,1,10,1,40
2023,4,1,1,NA,NA,NA
2023,1,2,1,6,4,120
2023,4,2,7,NA,NA,NA
2023,1,2,7,5,3,30
2023,4,1,1,NA,NA,NA
2023,1,2,1,1,4,60
2023,4,1,1,NA,NA,NA
2023,4,2,7,NA,NA,NA
2023,4,2,1,NA,NA,NA
2023,1,1,3,5,1,30
2023,1,2,1,1,4,120
2023,3,1,8,NA,NA,30
2023,1,2,1,NA,NA,20
2023,3,2,1,NA,NA,30
2023,4,2,1,NA,NA,NA
2023,3,1,8,3,4,30
2023,4,2,1,NA,NA,NA
2023,1,2,7,NA,NA,240
2023,3,1,1,NA,NA,10
2023,1,2,1,5,1,30
2023,1,1,1,NA,NA,60
2023,1,2,1,NA,NA,120
2023,1,2,1,2,5,40
2023,1,2,7,2,4,30
2023,3,2,7,NA,NA,60
2023,1,1,1,NA,NA,30
2023,1,2,7,1,4,40
2023,1,1,1,NA,NA,15
2023,4,1,1,NA,NA,NA
2023,1,2,7,NA,NA,30
2023,1,2,7,NA,NA,30
2023,3,1,1,NA,NA,5
2023,3,2,7,NA,NA,10
2023,4,1,1,NA,NA,NA
2023,1,2,7,NA,NA,40
2023,1,2,1,12,4,40
2023,3,1,1,NA,NA,10
2023,1,1,1,NA,NA,10
2023,3,2,6,NA,NA,15
2023,3,1,4,NA,NA,15
2023,1,2,7,4,4,60
2023,1,2,1,2,4,30
2023,1,1,1,NA,NA,15
2023,3,1,1,NA,NA,60
2023,3,2,1,NA,NA,5
2023,1,1,1,NA,NA,10
2023,1,1,6,2,4,40
2023,3,1,4,NA,NA,10
2023,1,2,1,NA,NA,60
2023,1,1,8,NA,NA,40
2023,1,1,1,NA,NA,30
2023,4,2,1,NA,NA,NA
2023,1,1,1,3,3,30
2023,1,1,1,2,4,20
2023,3,2,1,5,3,10
2023,4,2,7,NA,NA,NA
2023,1,1,6,NA,NA,30
2023,3,2,1,NA,NA,20
2023,1,2,1,NA,NA,20
2023,NA,1,4,NA,NA,NA
2023,3,1,1,NA,NA,10
2023,1,2,7,NA,NA,30
2023,1,2,6,NA,NA,30
2023,1,2,6,NA,NA,30
2023,1,2,1,3,5,30
2023,1,2,1,NA,NA,15
2023,1,2,7,NA,NA,60
2023,1,1,1,2,4,30
2023,1,1,1,1,3,60
2023,1,1,1,2,4,15
2023,1,2,3,3,4,30
2023,1,2,7,NA,NA,15
2023,1,1,1,NA,NA,10
2023,1,1,1,NA,NA,30
2023,1,2,3,NA,NA,30
2023,1,1,1,NA,NA,60
2023,1,2,1,2,5,30
2023,1,2,1,NA,NA,10
2023,1,2,1,4,3,20
2023,1,1,1,12,5,15
2023,1,1,1,3,5,20
2023,1,2,6,3,3,60
2023,1,2,7,NA,NA,60
2023,1,2,1,5,2,40
2023,1,2,7,NA,NA,15
2023,1,2,1,2,4,10
2023,4,2,7,NA,NA,NA
2023,1,2,1,6,1,60
2023,1,2,5,2,4,60
2023,1,2,7,6,5,10
2023,1,2,7,5,5,10
2023,1,2,7,NA,NA,20
2023,3,1,1,NA,NA,10
2023,1,2,7,2,5,20
2023,1,2,1,5,4,30
2023,1,1,1,NA,NA,15
2023,1,2,9,NA,NA,15
2023,1,1,6,NA,NA,45
2023,3,1,8,NA,NA,120
2023,4,2,1,NA,NA,NA
2023,4,1,1,NA,NA,NA
2023,3,2,1,NA,NA,10
2023,3,1,1,NA,NA,20
2023,4,1,8,NA,NA,NA
2023,3,2,7,NA,NA,45
2023,4,1,1,NA,NA,NA
2023,3,2,7,NA,NA,20
2023,4,1,1,NA,NA,NA
2023,4,1,1,NA,NA,NA
2023,3,2,1,2,4,10
2023,1,2,7,NA,NA,29
2023,1,1,1,NA,NA,20
2023,1,2,1,NA,NA,60
2023,4,2,1,NA,NA,NA
2023,3,1,1,NA,NA,20
2023,1,1,8,NA,NA,120
2023,4,2,7,NA,NA,NA
2023,3,2,1,NA,NA,30
2023,3,1,8,NA,NA,15
2023,4,1,1,NA,NA,NA
2023,3,2,7,NA,NA,20
2023,4,2,1,NA,NA,NA
2023,1,1,10,NA,NA,30
2023,1,2,1,NA,NA,60
2023,4,2,8,NA,NA,NA
2023,4,2,7,NA,NA,NA
2023,4,2,8,NA,NA,NA
2023,3,2,1,4,2,30
2023,1,2,7,NA,NA,20
2023,3,2,7,NA,NA,30
2023,3,1,3,NA,NA,20
2023,1,2,1,NA,NA,20
2023,3,2,7,NA,NA,20
2023,1,2,1,1,4,120
2023,1,1,8,NA,NA,120
2023,3,1,1,NA,NA,25
2023,4,2,7,NA,NA,NA
2023,1,2,1,NA,NA,180
2023,2,1,8,NA,NA,NA
2023,4,2,7,NA,NA,NA
2023,4,2,1,NA,NA,NA
2023,1,2,1,1,1,30
2023,4,2,7,NA,NA,NA
2023,1,2,1,NA,NA,10
2023,1,2,1,3,1,120
2023,1,2,1,NA,NA,10
2023,NA,2,1,NA,NA,NA
2023,4,2,1,NA,NA,NA
2023,1,1,4,1,4,20
2023,1,2,7,NA,NA,60
2023,1,1,8,NA,NA,20
2023,1,2,1,2,3,60
2023,1,1,1,NA,NA,60
2023,1,1,6,2,2,30
2023,3,1,1,NA,NA,60
2023,1,2,7,5,4,20
2023,1,2,1,NA,NA,30
2023,3,1,1,NA,NA,15
2023,1,2,7,NA,NA,10
2023,3,2,1,NA,NA,30
2023,4,1,1,NA,NA,NA
2023,1,2,1,NA,NA,120
2023,1,2,7,2,4,10
2023,4,2,1,NA,NA,NA
2023,4,2,1,NA,NA,NA
2023,1,1,1,2,4,30
2023,1,1,1,12,1,90
2023,4,1,1,NA,NA,NA
2023,1,1,1,NA,NA,45
2023,1,1,1,2,3,120
2023,1,1,1,3,1,60
2023,1,2,8,NA,NA,30
2023,4,1,1,NA,NA,NA
2023,4,1,4,NA,NA,NA
2023,4,1,1,NA,NA,NA
2023,1,2,4,NA,NA,90
2023,4,2,9,NA,NA,NA
2023,4,1,1,NA,NA,NA
2023,1,1,1,NA,NA,60
2023,4,1,1,NA,NA,NA
2023,1,2,1,1,4,20
2023,1,1,1,NA,NA,20
2023,1,2,7,NA,NA,40
2023,1,2,7,2,3,30
2023,4,2,1,NA,NA,NA
2023,1,2,8,4,4,30
2023,1,2,8,2,4,50
2023,1,1,3,NA,NA,30
2023,1,1,8,NA,NA,90
2023,1,1,1,NA,NA,40
2023,1,2,8,NA,NA,30
2023,1,1,6,NA,NA,90
2023,1,1,8,NA,NA,40
2023,1,1,1,NA,NA,60
2023,4,1,1,NA,NA,NA
2023,1,1,1,2,4,20
2023,4,2,7,NA,NA,NA
2023,1,2,2,NA,NA,30
2023,1,2,1,NA,NA,60
2023,1,2,7,NA,NA,50
2023,1,2,7,NA,NA,60
2023,1,2,7,NA,NA,30
2023,4,2,1,NA,NA,NA
2023,4,2,7,NA,NA,NA
2023,4,2,1,NA,NA,NA
2023,1,1,1,NA,NA,40
2023,3,1,6,NA,NA,30
2023,1,2,7,NA,NA,10
2023,1,2,7,NA,NA,60
2023,4,1,1,NA,NA,NA
2023,1,1,8,NA,NA,35
2023,1,2,7,1,4,60
2023,1,1,7,3,5,30
2023,NA,2,7,NA,NA,NA
2023,NA,2,7,NA,NA,NA
2023,1,2,1,2,4,20
2023,1,1,1,NA,NA,40
2023,1,2,1,NA,NA,30
2023,4,1,1,NA,NA,NA
2023,1,1,1,NA,NA,10
2023,1,2,1,2,1,25
2023,1,2,1,3,3,80
2023,1,1,1,NA,NA,45
2023,3,2,1,NA,NA,30
2023,4,1,7,NA,NA,NA
2023,1,2,1,NA,NA,60
2023,1,2,7,2,4,40
2023,4,1,1,NA,NA,NA
2023,1,2,7,2,4,30
2023,1,2,7,NA,NA,30
2023,3,2,1,NA,NA,15
2023,1,2,1,NA,NA,60
2023,4,1,8,NA,NA,NA
2023,1,2,1,NA,NA,30
2023,1,2,7,NA,NA,30
2023,1,2,8,NA,NA,120
2023,1,2,1,3,3,15
2023,4,2,1,NA,NA,NA
2023,1,2,7,NA,NA,6
2023,1,2,1,NA,NA,15
2023,3,2,1,NA,NA,15
2023,4,2,1,NA,NA,NA
2023,4,1,8,NA,NA,NA
2023,4,2,2,NA,NA,NA
2023,1,2,7,NA,NA,60
2023,3,2,1,NA,NA,15
2023,4,2,1,NA,NA,NA
2023,3,1,1,NA,NA,25
2023,3,1,1,NA,NA,10
2023,1,1,1,NA,NA,120
2023,1,1,1,3,4,15
2023,1,2,7,NA,NA,20
2023,3,1,1,NA,NA,30
2023,1,2,1,NA,NA,30
2023,3,2,1,NA,NA,10
2023,1,2,1,NA,NA,30
2023,4,1,1,NA,NA,NA
2023,3,1,1,NA,NA,15
2023,4,1,1,NA,NA,NA
2023,1,1,1,3,4,60
2023,4,2,7,NA,NA,NA
2023,3,1,1,NA,NA,10
2023,3,2,2,2,4,120
2023,4,2,1,NA,NA,NA
2023,1,2,1,NA,NA,30
2023,1,2,1,NA,NA,30
2023,1,2,7,6,4,120
2023,1,2,8,2,5,60
2023,4,1,8,NA,NA,NA
2023,2,2,7,NA,NA,NA
2023,1,2,8,NA,NA,60
2023,3,2,7,2,4,30
2023,2,1,8,NA,NA,NA
2023,1,2,1,NA,NA,30
2023,1,2,7,NA,NA,20
2023,3,2,6,NA,NA,30
2023,4,2,7,NA,NA,NA
2023,3,1,1,NA,NA,30
2023,1,2,1,5,4,60
2023,1,2,1,4,1,40
2023,4,1,1,NA,NA,NA
2023,4,1,1,NA,NA,NA
2023,4,1,1,NA,NA,NA
2023,1,1,1,NA,NA,5
2023,3,2,1,3,3,30
2023,1,2,1,NA,NA,30
2023,1,2,7,1,4,10
2023,2,2,1,NA,NA,NA
2023,4,2,7,NA,NA,NA
2023,4,1,1,NA,NA,NA
2023,4,1,1,NA,NA,NA
2023,3,1,1,4,3,15
2023,1,2,8,2,3,30
2023,1,2,6,NA,NA,15
2023,3,1,1,NA,NA,15
2023,1,2,1,1,3,20
2023,1,1,8,NA,NA,15
2023,1,2,7,6,4,30
2023,1,2,1,NA,NA,30
2023,1,2,8,NA,NA,30
2023,3,1,1,NA,NA,3
2023,4,2,7,NA,NA,NA
2024,4,1,9,NA,NA,NA
2024,4,1,1,NA,NA,NA
2024,4,1,1,NA,NA,NA
2024,4,1,1,NA,NA,NA
2024,3,1,1,NA,NA,20
2024,3,1,1,NA,NA,15
2024,4,2,7,NA,NA,NA
2024,4,2,7,NA,NA,NA
2024,3,1,1,2,4,20
2024,3,2,1,NA,NA,10
2024,3,2,1,NA,NA,20
2024,3,1,1,NA,NA,10
2024,1,1,1,NA,NA,20
2024,1,2,7,NA,NA,20
2024,3,1,1,NA,NA,10
2024,4,2,1,NA,NA,NA
2024,1,1,6,NA,NA,30
2024,1,1,1,NA,NA,30
2024,4,1,1,NA,NA,NA
2024,4,2,7,NA,NA,NA
2024,4,1,8,NA,NA,NA
2024,4,2,7,NA,NA,NA
2024,3,1,1,NA,NA,20
2024,1,2,6,NA,NA,60
2024,1,1,1,NA,NA,30
2024,4,2,1,NA,NA,NA
2024,4,2,7,NA,NA,NA
2024,4,2,1,NA,NA,NA
2024,4,1,1,NA,NA,NA
2024,4,2,1,NA,NA,NA
2024,4,2,1,NA,NA,NA
2024,4,2,1,NA,NA,NA
2024,4,2,1,NA,NA,NA
2024,1,2,1,NA,NA,30
2024,3,1,1,NA,NA,10
2024,3,1,1,NA,NA,10
2024,4,1,1,NA,NA,NA
2024,3,1,1,NA,NA,15
2024,4,1,1,NA,NA,NA
2024,1,2,1,NA,NA,30
2024,3,1,1,NA,NA,10
2024,3,1,8,NA,NA,15
2024,1,1,1,NA,NA,40
2024,3,1,1,NA,NA,10
2024,1,2,1,NA,NA,30
2024,1,2,1,NA,NA,20
2024,1,1,1,10,3,60
2024,3,1,1,NA,NA,30
2024,1,1,1,NA,NA,30
2024,1,2,6,7,2,120
2024,1,1,1,NA,NA,20
2024,4,1,1,NA,NA,NA
2024,1,2,1,1,1,60
2024,1,1,1,NA,NA,30
2024,3,2,1,NA,NA,30
2024,1,2,1,NA,NA,25
2024,3,2,8,2,4,30
2024,4,1,1,NA,NA,NA
2024,1,1,1,NA,NA,120
2024,NA,2,3,NA,NA,NA
2024,4,2,1,NA,NA,NA
2024,4,2,1,NA,NA,NA
2024,1,2,1,NA,NA,60
2024,1,2,1,NA,NA,60
2024,1,2,1,NA,NA,60
2024,4,2,7,NA,NA,NA
2024,4,1,1,NA,NA,NA
2024,4,1,1,NA,NA,NA
2024,3,1,7,NA,NA,30
2024,1,2,7,NA,NA,60
2024,4,2,1,NA,NA,NA
2024,1,1,1,2,4,30
2024,1,1,1,NA,NA,120
2024,4,1,1,NA,NA,NA
2024,3,1,1,NA,NA,60
2024,4,2,7,NA,NA,NA
2024,1,1,1,2,4,20
2024,1,1,1,2,4,60
2024,1,1,6,3,2,60
2024,1,2,6,NA,NA,120
2024,4,1,1,NA,NA,NA
2024,4,2,8,NA,NA,NA
2024,3,2,7,2,4,20
2024,1,2,7,NA,NA,20
2024,3,1,1,NA,NA,30
2024,4,2,1,NA,NA,NA
2024,4,2,3,NA,NA,NA
2024,3,2,1,NA,NA,15
2024,1,2,8,NA,NA,20
2024,1,2,1,2,1,20
2024,1,2,1,NA,NA,25
2024,1,2,8,NA,NA,30
2024,NA,1,1,NA,NA,NA
2024,1,2,8,NA,NA,30
2024,1,2,1,1,5,30
2024,1,2,1,NA,NA,30
2024,2,2,1,NA,NA,NA
2024,4,1,1,NA,NA,NA
2024,1,1,1,NA,NA,25
2024,1,1,8,2,4,40
2024,2,2,1,NA,NA,NA
2024,2,1,1,NA,NA,NA
2024,4,1,1,NA,NA,NA
2024,1,2,7,NA,NA,40
2024,2,2,1,NA,NA,NA
2024,4,2,2,NA,NA,NA
2024,4,1,1,NA,NA,NA
2024,NA,2,7,NA,NA,NA
2024,1,2,1,NA,NA,20
2024,1,1,1,NA,NA,20
2024,4,2,1,NA,NA,NA
2024,3,2,1,NA,NA,30
2024,1,2,1,2,1,20
2024,1,2,1,NA,NA,38
2024,4,1,1,NA,NA,NA
2024,4,2,8,NA,NA,NA
2024,1,1,9,NA,NA,20
2024,1,1,1,NA,NA,40
2024,4,2,1,NA,NA,NA
2024,1,1,1,NA,NA,20
2024,4,2,8,NA,NA,NA
2024,4,2,7,NA,NA,NA
2024,1,1,1,NA,NA,30
2024,1,2,1,NA,NA,30
2024,1,2,7,NA,NA,20
2024,3,1,7,NA,NA,15
2024,1,2,7,NA,NA,60
2024,1,1,1,NA,NA,20
2024,1,1,1,NA,NA,30
2024,4,2,7,NA,NA,NA
2024,1,1,8,4,4,20
2024,3,1,1,NA,NA,30
2024,3,1,1,NA,NA,60
2024,1,1,1,NA,NA,30
2024,3,1,1,3,4,30
2024,1,1,1,NA,NA,10
2024,1,2,8,NA,NA,30
2024,1,2,1,2,4,30
2024,1,1,1,NA,NA,180
2024,1,2,7,1,4,30
2024,3,1,1,NA,NA,10
2024,1,2,1,NA,NA,30
2024,1,1,1,NA,NA,30
2024,4,2,7,NA,NA,NA
2024,1,1,1,NA,NA,60
2024,1,2,1,3,4,60
2024,3,1,1,2,1,180
2024,4,2,1,NA,NA,NA
2024,1,1,1,NA,NA,30
2024,1,1,8,NA,NA,60
2024,1,2,7,NA,NA,180
2024,1,1,1,NA,NA,10
2024,1,2,7,NA,NA,60
2024,1,1,1,6,4,30
2024,4,1,3,NA,NA,NA
2024,4,2,8,NA,NA,NA
2024,1,2,1,3,4,30
2024,1,2,1,1,5,15
2024,1,2,1,NA,NA,30
2024,1,2,1,NA,NA,30
2024,1,2,1,NA,NA,120
2024,1,2,7,3,5,60
2024,1,1,1,NA,NA,30
2024,1,1,6,1,4,20
2024,1,2,7,2,4,30
2024,4,2,7,NA,NA,NA
2024,1,1,8,NA,NA,120
2024,1,1,1,NA,NA,90
2024,1,2,7,NA,NA,30
2024,1,2,7,NA,NA,15
2024,3,2,1,NA,NA,10
2024,1,2,1,2,3,50
2024,4,2,7,NA,NA,NA
2024,1,1,8,NA,NA,15
2024,1,1,8,1,5,60
2024,3,1,1,NA,NA,60
2024,1,2,7,2,4,30
2024,1,1,1,NA,NA,15
2024,1,1,1,NA,NA,30
2024,4,1,1,NA,NA,NA
2024,1,2,1,NA,NA,30
2024,3,2,1,1,4,90
2024,1,2,1,4,4,60
2024,1,1,1,NA,NA,180
2024,1,2,7,NA,NA,20
2024,1,1,1,NA,NA,30
2024,1,2,1,NA,NA,60
2024,1,1,1,NA,NA,60
2024,1,1,1,NA,NA,240
2024,3,2,1,2,4,30
2024,1,1,4,NA,NA,25
2024,2,1,9,NA,NA,NA
2024,3,2,1,1,3,30
2024,4,2,7,NA,NA,NA
2024,1,2,1,NA,NA,15
2024,1,2,1,NA,NA,60
2024,1,2,7,4,4,35
2024,1,1,7,NA,NA,30
2024,4,1,1,NA,NA,NA
2024,1,1,1,NA,NA,40
2024,1,2,7,5,4,40
2024,1,1,1,NA,NA,35
2024,3,2,1,NA,NA,15
2024,1,1,1,NA,NA,30
2024,4,2,8,NA,NA,NA
2024,NA,2,1,NA,NA,NA
2024,1,2,1,NA,NA,20
2024,NA,1,9,NA,NA,NA
2024,3,1,1,NA,NA,20
2024,3,2,7,NA,NA,15
2024,1,1,1,NA,NA,10
2024,4,1,1,NA,NA,NA
2024,4,2,1,NA,NA,NA
2024,4,2,8,NA,NA,NA
2024,1,1,1,NA,NA,25
2024,1,1,1,NA,NA,45
2024,NA,2,1,NA,NA,NA
2024,4,2,7,NA,NA,NA
2024,4,2,7,NA,NA,NA
2024,1,2,1,NA,NA,30
2024,4,2,1,NA,NA,NA
2024,1,2,1,NA,NA,60
2024,4,1,5,NA,NA,NA
2024,4,2,7,NA,NA,NA
2024,4,2,7,NA,NA,NA
2024,1,1,8,NA,NA,45
2024,1,1,1,NA,NA,30
2024,1,1,8,NA,NA,60
2024,4,1,8,NA,NA,NA
2024,1,1,6,4,3,120
2024,1,1,1,2,4,30
2024,1,1,1,NA,NA,30
2024,4,1,8,NA,NA,NA
2024,1,1,1,NA,NA,60
2024,NA,1,1,NA,NA,NA
2024,4,2,4,NA,NA,NA
2024,1,2,1,NA,NA,45
2024,3,2,1,NA,NA,30
2024,1,2,8,NA,NA,25
2024,4,2,4,NA,NA,NA
2024,1,1,1,NA,NA,45
2024,4,2,1,NA,NA,NA
2024,4,1,8,NA,NA,NA
2024,4,1,1,NA,NA,NA
2024,1,2,1,2,4,60
2024,1,2,6,NA,NA,120
2024,4,1,1,NA,NA,NA
2024,4,1,1,NA,NA,NA
2024,1,2,1,NA,NA,60
2024,1,1,1,NA,NA,60
2024,4,1,1,NA,NA,NA
2024,4,2,8,NA,NA,NA
2024,4,1,1,NA,NA,NA
2024,4,2,1,NA,NA,NA
2024,4,2,1,NA,NA,NA
2024,4,2,1,NA,NA,NA
2024,4,1,8,NA,NA,NA
2024,4,1,1,NA,NA,NA
2024,1,2,1,3,3,20
2024,1,1,2,NA,NA,60
2024,1,2,5,NA,NA,120
2024,3,2,1,NA,NA,20
2024,1,1,1,NA,NA,10
2024,3,2,3,1,3,30
2024,1,2,1,NA,NA,30
2024,3,2,1,NA,NA,5
2024,3,2,1,3,4,15
2024,4,2,1,NA,NA,NA
2024,1,2,1,2,5,30
2024,4,1,1,NA,NA,NA
2024,4,1,9,NA,NA,NA
2024,1,1,1,NA,NA,30
2024,3,2,1,NA,NA,15
2024,1,2,6,NA,NA,60
2024,4,1,1,NA,NA,NA
2024,1,1,6,NA,NA,60
2024,1,2,7,NA,NA,20
2024,1,2,4,NA,NA,30
2024,3,2,1,NA,NA,10
2024,3,2,7,NA,NA,10
2024,NA,2,2,NA,NA,NA
2024,1,2,6,1,2,15
2024,1,2,1,NA,NA,120
2024,1,2,7,4,3,15
2024,1,2,7,NA,NA,15
2024,3,2,7,NA,NA,10
2024,1,2,9,NA,NA,30
2024,1,1,4,8,3,90
2024,3,2,1,1,5,20
2024,1,1,1,NA,NA,30
2024,3,1,1,NA,NA,5
2024,3,2,7,NA,NA,10
2024,3,2,7,4,5,5
2024,1,1,1,4,4,60
2024,NA,1,1,NA,NA,NA
2024,4,1,1,NA,NA,NA
2024,1,1,1,2,4,20
2024,3,2,8,NA,NA,10
2024,3,1,1,NA,NA,20
2024,3,1,1,NA,NA,60
2024,NA,2,1,NA,NA,NA
2024,1,2,6,NA,NA,60
2024,4,1,1,NA,NA,NA
2024,1,2,1,NA,NA,30
2024,1,2,1,NA,NA,120
2024,4,2,1,NA,NA,NA
2024,4,1,3,NA,NA,NA
2024,1,2,1,NA,NA,20
2024,4,1,8,NA,NA,NA
2024,1,2,1,NA,NA,120
2024,4,2,1,NA,NA,NA
2024,1,1,1,NA,NA,30
2024,4,2,1,NA,NA,NA
2024,1,1,1,NA,NA,30
2024,4,2,1,NA,NA,NA
2024,4,1,6,NA,NA,NA
2024,4,1,1,NA,NA,NA
2024,1,2,1,NA,NA,30
2024,1,1,6,NA,NA,30
2024,1,2,1,NA,NA,120
2024,3,2,1,NA,NA,30
2024,4,2,1,NA,NA,NA
2024,1,2,1,NA,NA,60
2024,4,2,1,NA,NA,NA
2024,1,1,1,NA,NA,60
2024,4,1,4,NA,NA,NA
2024,3,1,8,NA,NA,40
2024,1,1,1,NA,NA,15
2024,1,2,7,NA,NA,30
2024,4,1,1,NA,NA,NA
2024,NA,2,7,NA,NA,NA
2024,4,1,1,NA,NA,NA
2024,1,1,1,NA,NA,60
2024,4,2,1,NA,NA,NA
2024,4,1,1,NA,NA,NA
2024,4,2,6,NA,NA,NA
2024,1,2,8,NA,NA,30
2024,4,1,1,NA,NA,NA
2024,1,1,1,NA,NA,30
2024,4,2,1,NA,NA,NA
2024,1,2,7,NA,NA,20
2024,1,2,3,NA,NA,20
2024,1,2,1,NA,NA,40
2024,1,2,6,NA,NA,120
2024,1,2,8,NA,NA,20
2024,1,2,7,NA,NA,120
2024,1,1,1,NA,NA,60
2024,4,2,7,NA,NA,NA
2024,1,1,1,NA,NA,35
2024,1,1,1,4,4,30
2024,4,2,1,NA,NA,NA
2024,1,1,1,NA,NA,30
2024,1,2,8,4,4,20
2024,1,1,1,2,4,40
2024,1,1,1,4,4,45
2024,3,2,1,NA,NA,30
2024,3,1,1,NA,NA,15
2024,3,1,1,NA,NA,30
2024,4,1,9,NA,NA,NA
2024,1,2,8,NA,NA,25
2024,1,2,7,NA,NA,90
2024,1,2,8,2,4,15
2024,1,2,7,NA,NA,30
2024,1,1,1,4,4,25
2024,1,1,1,NA,NA,30
2024,1,1,1,2,4,35
2024,4,2,7,NA,NA,NA
2024,1,1,1,NA,NA,20
2024,1,2,1,NA,NA,60
2024,4,1,1,NA,NA,NA
2024,2,2,7,NA,NA,NA
2024,1,2,7,NA,NA,15
2024,1,2,1,3,4,30
2024,4,1,1,NA,NA,NA
2024,1,2,1,2,1,30
2024,3,2,1,NA,NA,30
2024,1,2,7,NA,NA,60
2024,3,2,1,3,4,15
2024,4,1,1,NA,NA,NA
2024,NA,1,1,NA,NA,NA
2024,1,2,6,5,2,120
2024,1,1,7,NA,NA,30
2024,1,2,1,4,3,60
2024,1,1,1,3,4,60
2024,1,2,1,NA,NA,10
2024,4,2,7,NA,NA,NA
2024,1,1,1,NA,NA,15
2024,4,2,1,NA,NA,NA
2024,3,2,7,2,4,15
2024,4,2,1,NA,NA,NA
2024,3,2,1,2,4,25
2024,1,2,7,2,4,35
2024,1,1,1,5,4,40
2024,3,1,1,NA,NA,25
2024,3,1,1,NA,NA,35
2024,3,1,1,NA,NA,20
2024,3,1,1,NA,NA,30
2024,4,2,8,NA,NA,NA
2024,1,1,1,NA,NA,30
2024,1,2,1,2,4,30
2024,1,1,1,NA,NA,30
2024,1,1,8,NA,NA,60
2024,1,2,6,NA,NA,60
2024,3,1,1,NA,NA,30
2024,3,2,1,NA,NA,20
2024,3,1,1,NA,NA,20
2024,3,1,1,NA,NA,20
2024,1,1,1,NA,NA,25
2024,1,2,1,5,3,60
2024,4,1,8,NA,NA,NA
2024,NA,2,8,NA,NA,NA
2024,NA,2,7,NA,NA,NA
2024,4,2,1,NA,NA,NA
2024,3,1,1,NA,NA,20
2024,3,2,1,5,4,25
2024,1,1,1,3,3,90
2024,4,2,1,NA,NA,NA
2024,4,1,1,NA,NA,NA
2024,4,1,8,NA,NA,NA
2024,1,2,1,3,4,30
2024,1,2,4,NA,NA,40
2024,1,2,7,3,4,35
2024,1,2,7,NA,NA,30
2024,3,1,4,1,4,10
2024,1,2,7,NA,NA,45
2024,1,2,1,10,4,20
2024,1,2,1,2,4,60
2024,1,2,1,3,3,90
2024,4,2,7,NA,NA,NA
2024,1,2,1,5,4,40
2024,1,1,8,NA,NA,20
2024,1,2,7,NA,NA,20
2024,1,2,7,NA,NA,35
2024,1,1,4,NA,NA,40
2024,4,2,8,NA,NA,NA
2024,1,1,8,2,4,120
2024,4,2,7,NA,NA,NA
2024,1,1,1,NA,NA,90
2024,3,1,1,NA,NA,15
2024,1,1,1,NA,NA,25
2024,4,2,1,NA,NA,NA
2024,3,2,1,2,4,15
2024,3,2,8,NA,NA,15
2024,2,1,8,NA,NA,NA
2024,3,2,8,NA,NA,10
2024,3,2,7,NA,NA,10
2024,1,2,1,NA,NA,45
2024,1,2,7,1,4,30
2024,4,2,7,NA,NA,NA
2024,1,1,1,NA,NA,60
2024,4,1,1,NA,NA,NA
2024,1,1,1,4,3,60
2024,1,2,1,4,3,90
2024,1,2,7,NA,NA,30
2024,1,2,1,NA,NA,20
2024,4,2,1,NA,NA,NA
2024,1,1,1,NA,NA,20
2024,1,2,1,NA,NA,30
2024,1,1,1,NA,NA,30
2024,1,2,6,NA,NA,25
2024,4,2,1,NA,NA,NA
2024,4,2,7,NA,NA,NA
2024,4,2,1,NA,NA,NA
2024,4,1,1,NA,NA,NA
2024,2,1,1,NA,NA,NA
2024,4,2,1,NA,NA,NA
2024,1,2,1,3,4,60
2024,4,1,1,NA,NA,NA
2024,1,2,7,NA,NA,30
2024,3,2,1,NA,NA,20
2024,1,2,4,NA,NA,60
2024,1,1,1,NA,NA,45
2024,4,1,1,NA,NA,NA
2024,1,2,7,NA,NA,20
2024,4,2,7,NA,NA,NA
2024,4,2,4,NA,NA,NA
2024,1,2,1,NA,NA,30
2024,1,2,4,NA,NA,30
2024,1,1,1,NA,NA,15
2024,1,2,1,NA,NA,60
2024,1,2,7,NA,NA,30
2024,3,2,7,NA,NA,30
2024,1,1,1,1,3,30
2024,1,1,1,2,4,25
2024,NA,2,7,NA,NA,NA
2024,1,1,1,3,4,30
2024,4,2,7,NA,NA,NA
2024,1,2,1,6,4,35
2024,4,2,1,NA,NA,NA
2024,3,1,1,NA,NA,25
2024,2,1,7,NA,NA,NA
2024,NA,1,1,NA,NA,NA
2024,1,2,4,NA,NA,60
2024,1,2,6,NA,NA,35
2024,3,1,1,NA,NA,30
2024,3,1,1,NA,NA,20
2024,4,2,1,NA,NA,NA
2024,3,2,7,2,4,30
2024,3,1,4,NA,NA,25
2024,1,2,1,3,4,35
2024,1,2,1,NA,NA,60
2024,1,2,7,NA,NA,120
2024,1,2,1,NA,NA,70
2024,1,1,6,NA,NA,30
2024,1,1,8,NA,NA,30
2024,1,2,1,NA,NA,60
2024,4,1,1,NA,NA,NA
2024,4,2,7,NA,NA,NA
2024,3,2,1,NA,NA,15
2024,4,2,6,NA,NA,NA
2024,1,1,1,1,4,30
2024,1,1,1,2,1,30
2024,3,2,1,NA,NA,30
2024,3,1,1,NA,NA,20
2024,4,1,8,NA,NA,NA
2024,4,1,1,NA,NA,NA
2024,3,1,1,6,4,30
2024,3,1,1,NA,NA,20
2024,1,1,1,5,3,40
2024,3,2,7,2,4,20
2024,3,2,7,4,4,20
2024,4,2,7,NA,NA,NA
2024,4,2,7,NA,NA,NA
2024,1,2,1,NA,NA,15
2024,1,1,1,NA,NA,30
2024,3,2,7,2,4,30
2024,4,1,1,NA,NA,NA
2024,3,2,7,1,4,30
2024,4,2,1,NA,NA,NA
2024,1,1,1,NA,NA,120
2024,1,1,1,NA,NA,30
2024,4,2,7,NA,NA,NA
2024,1,2,7,NA,NA,20
2024,4,1,8,NA,NA,NA
2024,4,1,1,NA,NA,NA
2024,4,1,8,NA,NA,NA
2024,3,2,1,2,4,10
2024,4,2,1,NA,NA,NA
2024,4,1,1,NA,NA,NA
2024,3,1,4,NA,NA,15
2024,3,2,7,NA,NA,20
2024,4,1,1,NA,NA,NA
2024,4,1,1,NA,NA,NA
2024,4,1,9,NA,NA,NA
2024,3,2,7,2,4,20
2024,1,1,1,3,4,25
2024,4,2,1,NA,NA,NA
2024,3,1,1,4,4,30
2024,3,2,4,NA,NA,10
2024,1,2,7,NA,NA,60
2024,1,2,8,NA,NA,30
2024,1,2,6,NA,NA,25
2024,4,2,7,NA,NA,NA
2024,1,1,8,NA,NA,30
2024,1,1,1,4,4,20
2024,1,1,1,NA,NA,60
2024,1,2,7,NA,NA,30
2024,4,2,7,NA,NA,NA
2024,4,2,7,NA,NA,NA
2024,1,2,7,2,4,30
2024,3,1,1,NA,NA,30
2024,4,1,1,NA,NA,NA
2024,3,1,1,NA,NA,30
2024,1,2,1,NA,NA,35
2024,3,1,1,NA,NA,35
2024,3,1,1,NA,NA,40
2024,1,2,7,NA,NA,40
2024,3,1,6,NA,NA,20
2024,3,2,1,NA,NA,30
2024,1,1,1,NA,NA,15
2024,1,1,6,NA,NA,35
2024,1,1,1,2,4,60
2024,1,1,1,NA,NA,20
2024,3,2,5,NA,NA,15
2024,1,2,7,3,5,30
2024,4,2,8,NA,NA,NA
2024,1,1,1,NA,NA,20
2024,3,1,1,5,1,10
2024,4,2,7,NA,NA,NA
2024,4,1,1,NA,NA,NA
2024,3,1,1,NA,NA,30
2024,1,2,1,NA,NA,20
2024,4,1,8,NA,NA,NA
2024,NA,2,7,NA,NA,NA
2024,3,1,1,NA,NA,20
2024,1,2,7,NA,NA,60
2024,4,1,1,NA,NA,NA
2024,1,2,1,2,1,25
2024,1,2,6,NA,NA,25
2024,4,1,1,NA,NA,NA
2024,1,2,1,NA,NA,30
2024,1,1,4,NA,NA,40
2024,3,1,1,NA,NA,30
2024,1,1,1,NA,NA,15
2024,1,2,1,NA,NA,30
2024,1,2,1,1,4,20
2024,4,2,1,NA,NA,NA
2024,1,2,1,NA,NA,20
2024,4,2,7,NA,NA,NA
2024,1,1,1,1,4,20
2024,1,1,1,3,5,30
2024,1,2,7,3,2,30
2024,4,1,1,NA,NA,NA
2024,4,2,1,NA,NA,NA
2024,1,2,7,3,3,30
2024,1,1,1,NA,NA,60
2024,1,2,1,NA,NA,20
2024,4,2,7,NA,NA,NA
2024,4,2,8,NA,NA,NA
2024,3,1,1,NA,NA,120
2024,1,1,6,2,4,60
2024,4,2,1,NA,NA,NA
2024,1,1,1,NA,NA,60
2024,1,2,4,NA,NA,20
2024,1,2,7,NA,NA,45
2024,1,1,1,NA,NA,20
2024,1,1,1,NA,NA,30
2024,4,2,7,NA,NA,NA
2024,NA,1,1,NA,NA,NA
2024,1,2,7,NA,NA,30
2024,1,1,1,NA,NA,60
2024,1,2,7,NA,NA,20
2024,4,2,1,NA,NA,NA
2024,2,1,1,NA,NA,NA
2024,3,2,1,NA,NA,10
2024,4,2,1,NA,NA,NA
2024,1,1,1,3,4,45
2024,1,2,1,NA,NA,60
2024,4,2,7,NA,NA,NA
2024,1,1,4,NA,NA,30
2024,1,1,1,NA,NA,60
2024,1,2,7,NA,NA,20
2024,4,2,1,NA,NA,NA
2024,1,1,1,4,5,15
2024,4,2,7,NA,NA,NA
2024,1,2,1,NA,NA,120
2024,1,2,7,3,4,15
2024,1,1,1,NA,NA,60
2024,3,2,7,NA,NA,30
2024,4,2,1,NA,NA,NA
2024,4,2,7,NA,NA,NA
2024,1,1,1,NA,NA,30
2024,1,2,8,NA,NA,45
2024,4,2,7,NA,NA,NA
2024,4,2,1,NA,NA,NA
2024,1,2,1,3,3,30
2024,4,2,7,NA,NA,NA
2024,1,2,1,NA,NA,45
2024,1,1,1,NA,NA,30
2024,4,1,1,NA,NA,NA
2024,2,1,1,NA,NA,NA
2024,4,2,7,NA,NA,NA
2024,1,1,1,NA,NA,90
2024,1,2,7,NA,NA,60
2024,1,1,1,NA,NA,25
2024,1,1,1,NA,NA,45
2024,4,1,1,NA,NA,NA
2024,2,2,7,NA,NA,NA
2024,1,2,7,NA,NA,30
2024,4,2,7,NA,NA,NA
2024,4,2,7,NA,NA,NA
2024,4,1,1,NA,NA,NA
2024,4,1,1,NA,NA,NA
2024,1,2,1,3,1,90
2024,1,1,6,NA,NA,120
2024,1,2,1,NA,NA,30
2024,1,1,8,1,4,60
2024,4,2,7,NA,NA,NA
2024,1,1,1,3,3,120
2024,4,1,1,NA,NA,NA
2024,3,1,1,NA,NA,15
2024,1,1,1,NA,NA,20
2024,1,2,1,NA,NA,60
2024,4,1,1,NA,NA,NA
2024,4,1,8,NA,NA,NA
2024,1,1,1,NA,NA,60
2024,3,2,7,NA,NA,30
2024,1,1,8,NA,NA,120
2024,4,1,1,NA,NA,NA
2024,4,2,1,NA,NA,NA
2024,1,2,1,NA,NA,60
2024,3,2,1,3,4,25
2024,3,2,1,4,4,25
2024,NA,2,4,NA,NA,NA
2024,4,1,1,NA,NA,NA
2024,4,2,1,NA,NA,NA
2024,4,2,1,NA,NA,NA
2024,4,2,1,NA,NA,NA
2024,4,2,7,NA,NA,NA
2024,1,1,1,NA,NA,60
2024,1,2,1,NA,NA,30
2024,4,2,1,NA,NA,NA
2024,1,1,6,NA,NA,90
2024,3,2,7,2,4,35
2024,1,2,1,NA,NA,30
2024,4,2,4,NA,NA,NA
2024,4,1,1,NA,NA,NA
2024,3,2,8,2,4,20
2024,4,2,7,NA,NA,NA
2024,3,2,1,1,4,25
2024,4,1,8,NA,NA,NA
2024,4,2,7,NA,NA,NA
2024,3,2,7,2,4,30
2024,3,2,1,3,4,30
2024,4,2,1,NA,NA,NA
2024,NA,2,8,NA,NA,NA
2024,1,2,6,NA,NA,60
2024,NA,2,7,NA,NA,NA
2024,3,2,7,4,4,40
2024,3,2,7,1,4,25
2024,1,1,1,NA,NA,30
2024,4,2,7,NA,NA,NA
2024,4,1,1,NA,NA,NA
2024,3,1,1,NA,NA,20
2024,4,1,1,NA,NA,NA
2024,4,2,7,NA,NA,NA
2024,3,2,7,3,4,30
2024,4,2,1,NA,NA,NA
2024,1,1,1,NA,NA,15
2024,1,2,6,5,2,180
2024,1,2,7,NA,NA,30
2024,1,1,9,3,4,60
2024,1,1,1,15,3,120
2024,1,1,7,NA,NA,10
2024,1,2,8,NA,NA,60
2024,1,2,8,5,3,10
2024,1,2,1,2,1,30
2024,1,1,1,5,1,60
2024,1,2,9,12,4,30
2024,1,2,1,NA,NA,15
2024,1,2,1,NA,NA,60
2024,NA,1,8,NA,NA,NA
2024,NA,2,7,NA,NA,NA
2024,1,1,8,1,4,10
2024,4,2,7,NA,NA,NA
2024,1,2,1,NA,NA,30
2024,4,1,8,NA,NA,NA
2024,3,2,1,2,3,30
2024,1,2,1,NA,NA,30
2024,1,1,1,2,1,90
2024,1,1,8,2,4,60
2024,1,1,1,NA,NA,30
2024,1,2,1,6,3,30
2024,1,1,8,3,4,20
2024,3,2,1,3,3,60
2024,1,2,1,NA,NA,30
2024,2,2,1,NA,NA,NA
2024,3,2,1,NA,NA,30
2024,1,2,7,NA,NA,60
2024,NA,2,7,NA,NA,NA
2024,1,2,1,2,3,40
2024,4,2,1,NA,NA,NA
2024,1,2,7,NA,NA,10
2024,4,2,7,NA,NA,NA
2024,1,2,7,3,3,15
2024,1,2,7,NA,NA,60
2024,1,1,1,NA,NA,60
2024,2,1,7,NA,NA,NA
2024,3,1,1,NA,NA,10
2024,1,1,1,3,3,30
2024,1,2,1,2,1,30
2024,1,2,8,6,4,60
2024,1,1,1,15,3,180
2024,1,2,8,4,4,40
2024,1,2,7,NA,NA,60
2024,4,1,8,NA,NA,NA
2024,4,1,1,NA,NA,NA
2024,1,1,1,NA,NA,25
2024,NA,2,1,NA,NA,NA
2024,4,1,1,NA,NA,NA
2024,4,1,1,NA,NA,NA
2024,NA,2,7,NA,NA,NA
2024,3,2,1,NA,NA,25
2024,3,2,7,2,4,20
2024,1,1,1,NA,NA,20
2024,1,2,1,NA,NA,20
2024,1,1,1,NA,NA,60
2024,4,1,1,NA,NA,NA
2024,1,1,1,6,3,60
2024,1,2,1,6,4,20
2024,1,2,7,3,4,40
2024,4,2,1,NA,NA,NA
2024,1,1,1,NA,NA,60
2024,4,2,1,NA,NA,NA
2024,3,2,1,2,4,15
2024,1,2,1,NA,NA,30
2024,1,1,8,1,3,15
2024,4,1,7,NA,NA,NA
2024,1,2,7,NA,NA,2
2024,1,1,1,NA,NA,30
2024,4,1,1,NA,NA,NA
2024,1,2,1,1,5,15
2024,3,2,7,NA,NA,60
2024,4,2,1,NA,NA,NA
2024,4,2,1,NA,NA,NA
2024,4,1,4,NA,NA,NA
2024,1,2,1,3,4,20
2024,3,2,1,NA,NA,30
2024,4,2,1,NA,NA,NA
2024,4,2,1,NA,NA,NA
2024,3,2,7,NA,NA,10
2024,1,2,7,6,4,30
2024,3,1,8,NA,NA,10
2024,1,2,8,3,5,20
2024,3,2,1,NA,NA,60
2024,4,2,7,NA,NA,NA
2024,1,1,1,NA,NA,60
2024,1,1,1,5,4,30
2024,4,1,8,NA,NA,NA
2024,1,1,1,NA,NA,40
2024,1,1,1,NA,NA,30
2024,3,1,1,NA,NA,20
2024,1,1,1,NA,NA,120
2024,2,1,1,NA,NA,NA
2024,1,2,1,2,4,20
2024,4,2,7,NA,NA,NA
2024,4,1,1,NA,NA,NA
2024,4,2,1,NA,NA,NA
2024,1,1,1,NA,NA,15
2024,1,2,1,NA,NA,15
2024,1,1,1,NA,NA,45
2024,1,2,1,NA,NA,20
2024,4,1,1,NA,NA,NA
2024,4,1,1,NA,NA,NA
2024,4,1,8,NA,NA,NA
2024,4,2,7,NA,NA,NA
2024,4,1,1,NA,NA,NA
2024,1,2,1,NA,NA,60
2024,1,2,7,NA,NA,15
2024,1,1,1,1,4,30
2024,3,2,1,1,4,5
2024,1,2,8,4,5,30
2024,4,2,8,NA,NA,NA
2024,3,2,7,NA,NA,60
2024,1,1,1,1,1,30
2024,1,2,8,4,5,30
2024,1,1,1,NA,NA,20
2024,1,1,4,NA,NA,40
2024,1,1,1,3,3,30
2024,4,2,8,NA,NA,NA
2024,1,2,1,NA,NA,60
2024,4,2,7,NA,NA,NA
2024,1,2,1,NA,NA,30
2024,4,1,8,NA,NA,NA
2024,1,1,1,NA,NA,60
2024,1,2,7,1,5,15
2024,1,2,1,NA,NA,25
2024,1,1,1,NA,NA,30
2024,1,1,1,NA,NA,30
2024,4,1,1,NA,NA,NA
2024,1,1,1,NA,NA,15
2024,4,1,1,NA,NA,NA
2024,4,1,1,NA,NA,NA
2024,1,1,1,2,3,60
2024,2,2,7,NA,NA,NA
2024,1,2,1,NA,NA,40
2024,1,1,1,1,4,30
2024,1,2,6,10,2,20
2024,1,2,7,2,3,40
2024,1,2,7,5,4,30
2024,1,1,1,4,4,60
2024,1,1,8,3,4,30
2024,3,2,7,NA,NA,15
2024,3,2,7,1,4,15
2024,4,1,6,NA,NA,NA
2024,4,2,6,NA,NA,NA
2024,4,1,1,NA,NA,NA
2024,2,2,1,NA,NA,NA
2024,4,2,7,NA,NA,NA
2024,1,2,1,NA,NA,30
2024,4,2,1,NA,NA,NA
2024,4,1,1,NA,NA,NA
2024,1,1,1,NA,NA,45
2024,4,1,1,NA,NA,NA
2024,1,2,1,NA,NA,30
2024,4,2,7,NA,NA,NA
2024,4,1,8,NA,NA,NA
2024,4,2,7,NA,NA,NA
2024,2,2,7,NA,NA,NA
2024,4,1,1,NA,NA,NA
2024,1,2,8,4,5,20
2024,1,1,1,NA,NA,45
2024,NA,1,1,NA,NA,NA
2024,1,2,1,5,5,20
2024,1,1,6,NA,NA,30
2024,4,2,7,NA,NA,NA
2024,4,1,10,NA,NA,NA
2024,4,1,1,NA,NA,NA
2024,1,2,1,NA,NA,90
2024,1,1,1,NA,NA,30
2024,3,2,1,NA,NA,60
2024,4,2,7,NA,NA,NA
2024,4,2,7,NA,NA,NA
2024,NA,2,7,NA,NA,NA
2024,1,2,7,2,3,60
2024,4,2,7,NA,NA,NA
2024,4,1,1,NA,NA,NA
2024,3,2,1,NA,NA,90
2024,1,1,8,NA,NA,15
2024,3,2,7,NA,NA,60
2024,4,2,8,NA,NA,NA
2024,4,2,1,NA,NA,NA
2024,2,2,7,NA,NA,NA
2024,1,1,1,NA,NA,20
2024,4,1,1,NA,NA,NA
2024,1,1,1,NA,NA,25
2024,4,1,8,NA,NA,NA
2024,4,1,8,NA,NA,NA
2024,4,1,1,NA,NA,NA
2024,2,2,1,NA,NA,NA
2024,1,2,1,2,4,45
2024,NA,2,7,NA,NA,NA
2024,1,2,1,NA,NA,35
2024,4,2,7,NA,NA,NA
2024,3,1,1,5,3,30
2024,3,2,1,2,4,15
2024,1,2,6,6,3,60
2024,4,2,7,NA,NA,NA
2024,1,2,2,NA,NA,40
2024,1,2,1,2,4,15
2024,1,2,7,NA,NA,20
2024,1,2,7,NA,NA,20
2024,3,2,1,NA,NA,10
2024,1,2,7,NA,NA,30
2024,4,2,7,NA,NA,NA
2024,4,1,1,NA,NA,NA
2024,2,2,1,NA,NA,NA
2024,3,1,1,2,4,10
2024,1,2,1,NA,NA,60
2024,1,1,1,NA,NA,60
2024,1,2,1,2,3,45
2024,1,2,7,2,4,30
2024,NA,2,7,NA,NA,NA
2024,4,1,1,NA,NA,NA
2024,4,1,10,NA,NA,NA
2024,1,1,1,NA,NA,40
2024,3,2,1,NA,NA,10
2024,1,1,1,NA,NA,30
2024,1,2,1,NA,NA,35
2024,1,1,1,NA,NA,25
2024,1,2,7,NA,NA,35
2024,1,1,1,NA,NA,30
2024,3,2,1,NA,NA,20
2024,1,1,1,NA,NA,180
2024,4,1,1,NA,NA,NA
2024,1,2,7,NA,NA,35
2024,1,1,1,NA,NA,45
2024,1,2,1,NA,NA,45
2024,1,2,7,NA,NA,20
2024,4,2,1,NA,NA,NA
2024,1,2,1,NA,NA,30
2024,4,2,7,NA,NA,NA
2024,1,2,6,1,3,180
2024,4,2,8,NA,NA,NA
2024,1,2,8,3,5,20
2024,3,2,8,5,4,20
2024,4,2,7,NA,NA,NA
2024,4,2,7,NA,NA,NA
2024,4,2,7,NA,NA,NA
2024,4,2,7,NA,NA,NA
2024,4,2,1,NA,NA,NA
2024,4,1,1,NA,NA,NA
2024,4,1,1,NA,NA,NA
2024,1,1,1,NA,NA,60
2024,1,1,1,NA,NA,60
2024,3,2,1,3,4,15
2024,1,1,1,NA,NA,60
2024,4,1,1,NA,NA,NA
2024,3,2,7,NA,NA,30
2024,4,2,7,NA,NA,NA
2024,1,2,1,NA,NA,30
2024,1,2,7,NA,NA,120
2024,1,1,1,NA,NA,60
2024,1,2,7,2,4,30
2024,1,1,1,NA,NA,45
2024,1,2,7,NA,NA,60
2024,1,1,1,NA,NA,30
2024,1,1,1,NA,NA,60
2024,1,2,7,NA,NA,20
2024,1,2,7,2,4,60
2024,1,2,4,NA,NA,60
2024,1,1,1,NA,NA,30
2024,2,2,7,NA,NA,NA
2024,4,2,7,NA,NA,NA
2024,1,2,6,NA,NA,30
2024,3,1,1,NA,NA,15
2024,1,1,1,NA,NA,30
2024,1,1,1,NA,NA,60
2024,1,2,7,2,3,15
2024,4,2,7,NA,NA,NA
2024,1,1,1,2,3,120
2024,1,1,8,NA,NA,60
2024,3,1,1,1,4,10
2024,1,2,1,NA,NA,120
2024,4,2,7,NA,NA,NA
2024,4,2,1,NA,NA,NA
2024,1,2,1,NA,NA,30
2024,3,2,7,NA,NA,20
2024,4,2,7,NA,NA,NA
2024,1,2,7,NA,NA,20
2024,1,2,7,2,4,20
2024,4,2,7,NA,NA,NA
2024,4,1,1,NA,NA,NA
2024,4,1,8,NA,NA,NA
2024,1,2,7,4,4,10
2024,4,1,4,NA,NA,NA
2024,4,2,7,NA,NA,NA
2024,NA,2,7,NA,NA,NA
2024,1,2,8,2,4,30
2024,1,2,1,NA,NA,120
2024,1,2,7,NA,NA,60
2024,4,2,1,NA,NA,NA
2024,4,2,7,NA,NA,NA
2024,3,2,1,NA,NA,20
2024,4,2,7,NA,NA,NA
2024,4,2,7,NA,NA,NA
2024,1,2,7,2,4,20
2024,1,2,7,NA,NA,30
2024,1,1,1,NA,NA,40
2024,4,2,7,NA,NA,NA
2024,1,2,7,NA,NA,20
2024,1,2,7,NA,NA,10
2024,4,1,1,NA,NA,NA
2024,1,2,6,2,4,60
2024,4,2,8,NA,NA,NA
2024,3,2,7,NA,NA,10
2024,4,2,6,NA,NA,NA
2024,1,2,7,NA,NA,10
2024,4,2,7,NA,NA,NA
2024,3,1,1,NA,NA,30
2024,1,2,6,3,4,30
2024,4,1,1,NA,NA,NA
2024,3,2,7,2,4,15
2024,1,1,1,NA,NA,60
2024,1,2,1,NA,NA,30
2024,4,2,7,NA,NA,NA
2024,1,2,1,NA,NA,20
2024,4,2,1,NA,NA,NA
2024,1,1,1,NA,NA,40
2024,3,2,1,NA,NA,20
2024,4,2,1,NA,NA,NA
2024,4,2,7,NA,NA,NA
2024,1,2,1,5,4,70
2024,3,2,7,NA,NA,30
2024,1,2,1,2,4,30
2024,1,1,1,NA,NA,20
2024,1,2,7,NA,NA,30
2024,1,1,6,NA,NA,30
2024,3,2,7,NA,NA,60
2024,1,2,7,2,4,10
2024,1,2,7,2,4,30
2024,3,1,1,NA,NA,20
2024,1,2,7,NA,NA,30
2024,4,1,4,NA,NA,NA
2024,4,2,7,NA,NA,NA
2024,1,1,8,2,3,15
2024,1,1,4,NA,NA,40
2024,4,2,1,NA,NA,NA
2024,4,1,1,NA,NA,NA
2024,1,2,1,NA,NA,30
2024,1,2,7,NA,NA,30
2024,4,2,1,NA,NA,NA
2024,4,2,1,NA,NA,NA
2024,1,2,1,NA,NA,30
2024,4,2,1,NA,NA,NA
2024,1,2,7,NA,NA,60
2024,1,1,1,NA,NA,45
2024,4,1,10,NA,NA,NA
2024,1,2,7,NA,NA,90
2024,4,1,8,NA,NA,NA
2024,4,2,1,NA,NA,NA
2024,1,2,1,2,4,30
2024,4,2,1,NA,NA,NA
2024,4,2,7,NA,NA,NA
2024,1,1,1,NA,NA,30
2024,NA,2,7,NA,NA,NA
2024,4,2,1,NA,NA,NA
2024,1,2,1,NA,NA,50
2024,4,2,1,NA,NA,NA
2024,1,1,1,NA,NA,40
2024,4,1,10,NA,NA,NA
2024,4,2,1,NA,NA,NA
2024,4,1,1,NA,NA,NA
2024,4,2,1,NA,NA,NA
2024,4,2,7,NA,NA,NA
2024,4,1,1,NA,NA,NA
2024,4,1,1,NA,NA,NA
2024,4,1,10,NA,NA,NA
2024,4,2,1,NA,NA,NA
2024,1,1,1,NA,NA,20
2024,1,2,7,1,4,20
2024,1,1,1,NA,NA,15
2024,4,2,7,NA,NA,NA
2024,4,2,1,NA,NA,NA
2024,1,1,1,2,1,30
2024,4,2,10,NA,NA,NA
2024,4,2,1,NA,NA,NA
2024,1,2,1,NA,NA,30
2024,1,2,1,1,4,30
2024,4,2,1,NA,NA,NA
2024,4,2,1,NA,NA,NA
2024,1,2,1,NA,NA,30
2024,4,2,7,NA,NA,NA
2024,4,1,8,NA,NA,NA
2024,4,1,8,NA,NA,NA
2024,4,2,7,NA,NA,NA
2024,4,1,1,NA,NA,NA
2024,4,1,1,NA,NA,NA
2024,4,1,1,NA,NA,NA
2024,4,1,8,NA,NA,NA
2024,4,1,1,NA,NA,NA
2024,4,1,7,NA,NA,NA
2024,4,2,7,NA,NA,NA
2024,1,1,1,NA,NA,120
2024,1,1,8,NA,NA,45
2024,1,1,1,NA,NA,60
2024,1,1,8,NA,NA,120
2024,1,1,1,NA,NA,120
2024,1,1,1,NA,NA,120
2024,1,1,6,NA,NA,120
2024,1,2,1,NA,NA,60
2024,4,1,1,NA,NA,NA
2024,4,2,1,NA,NA,NA
2024,4,2,8,NA,NA,NA
2024,4,2,8,NA,NA,NA
2024,1,1,1,NA,NA,120
2024,2,2,1,NA,NA,NA
2024,1,1,6,NA,NA,120
2024,4,1,1,NA,NA,NA
2024,4,2,1,NA,NA,NA
2024,1,1,1,2,2,120
2024,4,2,1,NA,NA,NA
2024,1,1,1,NA,NA,45
2024,1,2,7,2,4,120
2024,4,1,1,NA,NA,NA
2024,1,2,7,3,4,60
2024,4,2,7,NA,NA,NA
2024,1,2,1,NA,NA,90
2024,1,1,1,NA,NA,45
2024,1,1,1,NA,NA,45
2024,4,2,1,NA,NA,NA
2024,1,2,7,5,4,35
2024,4,1,1,NA,NA,NA
2024,1,2,1,NA,NA,120
2024,NA,2,7,NA,NA,NA
2024,1,1,1,NA,NA,30
2024,1,1,1,NA,NA,30
2024,1,2,6,3,4,45
2024,1,1,1,NA,NA,30
2024,1,1,1,NA,NA,60
2024,1,2,1,NA,NA,30
2024,4,1,1,NA,NA,NA
2024,1,1,1,NA,NA,30
2024,4,1,1,NA,NA,NA
2024,1,1,1,2,1,30
2024,1,1,1,NA,NA,90
2024,1,2,7,2,4,30
2024,4,1,1,NA,NA,NA
2024,2,2,7,NA,NA,NA
2024,3,2,1,NA,NA,30
2024,4,2,1,NA,NA,NA
2024,1,2,1,NA,NA,120
2024,1,2,7,NA,NA,10
2024,4,1,1,NA,NA,NA
2024,1,2,1,NA,NA,30
2024,4,1,1,NA,NA,NA
2024,1,2,1,NA,NA,60
2024,4,2,7,NA,NA,NA
2024,1,2,4,NA,NA,180
2024,1,2,1,1,3,15
2024,2,2,7,NA,NA,NA
2024,4,1,4,NA,NA,NA
2024,1,2,1,NA,NA,60
2024,4,1,9,NA,NA,NA
2024,1,2,1,NA,NA,30
2024,1,2,4,4,4,20
2024,4,2,2,NA,NA,NA
2024,4,1,1,NA,NA,NA
2024,1,2,1,NA,NA,60
2024,3,1,1,NA,NA,15
2024,NA,2,7,NA,NA,NA
2024,NA,2,7,NA,NA,NA
2024,1,2,6,NA,NA,60
2024,2,2,2,NA,NA,NA
2024,1,1,1,NA,NA,5
2024,NA,1,1,NA,NA,NA
2024,1,1,1,4,4,30
2024,2,2,7,NA,NA,NA
2024,1,1,1,1,4,15
2024,1,1,4,2,2,30
2024,1,1,8,NA,NA,30
2024,1,2,1,NA,NA,60
2024,1,2,6,2,4,40
2024,1,2,1,2,1,30
2024,1,1,1,1,4,60
2024,1,1,1,NA,NA,60
2024,1,1,1,1,5,30
2024,1,2,1,NA,NA,60
2024,3,2,7,NA,NA,10
2024,1,2,7,2,4,15
2024,1,2,8,NA,NA,30
2024,1,2,1,3,5,30
2024,1,2,1,NA,NA,30
2024,4,2,7,NA,NA,NA
2024,4,1,1,NA,NA,NA
2024,1,1,1,3,3,40
2024,1,1,1,18,3,40
2024,4,2,1,NA,NA,NA
2024,4,1,1,NA,NA,NA
2024,1,2,7,2,3,10
2024,1,2,1,NA,NA,30
2024,4,2,7,NA,NA,NA
2024,1,1,1,2,3,30
2024,1,1,3,5,3,20
2024,3,2,1,1,3,10
2024,3,1,1,NA,NA,2
2024,3,1,1,1,4,30
2024,1,1,1,1,1,60
2024,4,1,1,NA,NA,NA
2024,1,2,7,2,4,30
2024,1,1,1,NA,NA,60
2024,1,2,7,2,4,45
2024,1,1,8,NA,NA,60
2024,4,2,1,NA,NA,NA
2024,1,1,1,2,3,30
2024,1,2,8,NA,NA,30
2024,1,1,1,NA,NA,15
2024,1,1,1,NA,NA,30
2024,1,1,1,NA,NA,60
2024,4,1,8,NA,NA,NA
2024,1,2,7,1,4,10
2024,3,2,1,NA,NA,15
2024,3,1,1,NA,NA,10
2024,1,2,1,1,5,30
2024,3,1,1,NA,NA,5
2024,1,1,1,3,1,60
2024,1,2,1,NA,NA,90
2024,4,1,1,NA,NA,NA
2024,1,2,1,1,5,20
2024,1,2,1,NA,NA,60
2024,2,2,7,NA,NA,NA
2024,1,2,1,NA,NA,30
2024,1,2,1,NA,NA,60
2024,1,1,1,NA,NA,10
2024,3,1,1,NA,NA,60
2024,3,2,1,NA,NA,25
2024,1,1,8,1,4,20
2024,4,2,1,NA,NA,NA
2024,1,2,1,2,3,30
2024,1,2,7,3,3,30
2024,1,1,1,NA,NA,60
2024,1,1,1,NA,NA,20
2024,1,2,1,NA,NA,5
2024,1,2,1,1,4,30
2024,3,2,7,NA,NA,10
2024,4,2,1,NA,NA,NA
2024,3,2,1,NA,NA,5
2024,1,2,7,NA,NA,10
2024,4,2,7,NA,NA,NA
2024,1,2,7,NA,NA,20
2024,1,1,1,2,1,40
2024,1,2,8,NA,NA,30
2024,3,1,8,NA,NA,60
2024,1,2,1,2,3,30
2024,1,2,1,4,4,45
2024,1,2,1,NA,NA,60
2024,3,1,1,NA,NA,5
2024,1,1,1,2,1,30
2024,2,2,7,NA,NA,NA
2024,1,2,7,3,3,15
2024,1,1,8,3,1,60
2024,1,1,1,NA,NA,60
2024,4,1,1,NA,NA,NA
2024,1,2,7,NA,NA,60
2024,3,1,1,NA,NA,30
2024,1,1,8,2,3,30
2024,1,2,8,10,4,60
2024,3,2,7,NA,NA,10
2024,4,1,8,NA,NA,NA
2024,1,2,7,NA,NA,20
2024,1,2,1,3,4,30
2024,3,1,1,2,1,60
2024,1,2,7,NA,NA,30
2024,1,2,6,NA,NA,60
2024,1,2,7,NA,NA,60
2024,1,1,1,NA,NA,10
2024,3,1,1,NA,NA,30
2024,1,2,7,NA,NA,60
2024,4,2,7,NA,NA,NA
2024,1,1,1,NA,NA,120
2024,1,2,7,NA,NA,30
2024,1,2,1,NA,NA,20
2024,1,1,1,NA,NA,120
2024,1,1,1,2,1,60
2024,1,2,3,NA,NA,30
2024,1,1,1,3,2,60
2024,2,2,1,NA,NA,NA
2024,1,2,1,NA,NA,10
2024,3,2,3,1,4,15
2024,NA,2,7,NA,NA,NA
2024,4,2,1,NA,NA,NA
2024,2,2,1,NA,NA,NA
2024,1,2,7,NA,NA,30
2024,1,1,1,NA,NA,60
2024,1,1,4,10,4,60
2024,1,2,7,NA,NA,45
2024,1,1,1,3,4,90
2024,1,2,8,NA,NA,60
2024,4,2,8,NA,NA,NA
2024,3,1,1,3,4,60
2024,1,1,8,2,4,60
2024,4,1,1,NA,NA,NA
2024,1,1,1,NA,NA,60
2024,1,1,1,NA,NA,40
2024,1,2,7,1,4,60
2024,4,2,1,NA,NA,NA
2024,1,2,1,2,4,15
2024,4,1,1,NA,NA,NA
2024,1,2,1,NA,NA,60
2024,1,2,6,NA,NA,30
2024,1,2,8,3,5,30
2024,4,1,1,NA,NA,NA
2024,1,2,1,1,4,30
2024,4,2,1,NA,NA,NA
2024,1,2,1,NA,NA,30
2024,1,2,7,4,4,20
2024,4,1,1,NA,NA,NA
2024,1,1,4,NA,NA,20
2024,1,1,1,NA,NA,30
2024,1,1,1,NA,NA,60
2024,4,1,1,NA,NA,NA
2024,1,1,8,NA,NA,120
2024,4,1,1,NA,NA,NA
2024,1,1,1,NA,NA,30
2024,1,2,8,NA,NA,30
2024,1,1,1,NA,NA,20
2024,4,2,7,NA,NA,NA
2024,1,2,1,4,4,30
2024,4,1,1,NA,NA,NA
2024,4,1,1,NA,NA,NA
2024,4,2,1,NA,NA,NA
2024,1,1,1,NA,NA,10
2024,3,2,8,NA,NA,20
2024,4,2,1,NA,NA,NA
2024,1,2,1,NA,NA,120
2024,1,1,1,NA,NA,30
2024,3,2,7,NA,NA,30
2024,1,1,8,2,2,60
2024,1,1,1,NA,NA,45
2024,1,1,1,NA,NA,30
2024,4,1,4,NA,NA,NA
2024,1,1,6,5,2,90
2024,1,2,7,NA,NA,120
2024,3,2,8,NA,NA,20
2024,1,2,7,3,4,20
2024,1,1,1,2,4,30
2024,1,2,7,1,4,15
2024,1,2,1,NA,NA,60
2024,1,2,1,2,4,20
2024,1,2,1,4,1,10
2024,4,1,1,NA,NA,NA
2024,4,1,1,NA,NA,NA
2024,2,2,1,NA,NA,NA
2024,1,1,1,NA,NA,60
2024,1,2,7,2,3,15
2024,1,1,1,2,4,15
2024,4,2,7,NA,NA,NA
2024,1,2,2,NA,NA,60
2024,1,2,1,NA,NA,15
2024,4,1,8,NA,NA,NA
2024,3,2,7,1,4,20
2024,1,2,1,2,3,20
2024,1,2,7,2,5,30
2024,1,1,1,NA,NA,30
2024,1,1,1,2,5,15
2024,1,1,1,NA,NA,60
2024,1,2,1,4,4,120
2024,1,2,7,NA,NA,30
2024,4,2,1,NA,NA,NA
2024,4,1,1,NA,NA,NA
2024,1,2,7,NA,NA,20
2024,1,2,1,NA,NA,60
2024,1,1,1,NA,NA,90
2024,1,1,4,2,3,20
2024,1,1,1,7,4,60
2024,3,2,7,2,3,20
2024,1,1,8,NA,NA,30
2024,1,2,7,NA,NA,25
2024,2,1,1,NA,NA,NA
2024,2,1,1,NA,NA,NA
2024,1,2,7,4,4,20
2024,3,1,1,NA,NA,30
2024,1,1,1,NA,NA,30
2024,1,2,8,NA,NA,30
2024,1,2,7,NA,NA,60
2024,3,2,1,4,4,60
2024,1,1,1,NA,NA,30
2024,1,2,1,1,1,60
2024,1,1,8,2,4,20
2024,1,1,1,3,4,20
2024,1,2,7,NA,NA,60
2024,1,1,1,NA,NA,30
2024,1,2,8,NA,NA,90
2024,4,1,1,NA,NA,NA
2024,3,1,1,NA,NA,30
2024,1,2,7,NA,NA,120
2024,1,1,1,1,3,60
2024,1,2,7,4,4,30
2024,1,2,1,1,5,30
2024,4,2,7,NA,NA,NA
2024,4,2,1,NA,NA,NA
2024,1,2,1,NA,NA,60
2024,4,2,8,NA,NA,NA
2024,4,2,8,NA,NA,NA
2024,1,2,7,2,4,60
2024,1,1,6,5,4,30
2024,1,2,7,NA,NA,30
2024,1,2,1,NA,NA,20
2024,1,1,1,NA,NA,30
2024,4,2,7,NA,NA,NA
2024,4,2,8,NA,NA,NA
2024,1,1,1,5,1,120
2024,1,1,1,NA,NA,30
2024,4,2,7,NA,NA,NA
2024,1,1,1,NA,NA,20
2024,NA,2,1,NA,NA,NA
2024,1,1,1,NA,NA,90
2024,1,1,1,NA,NA,40
2024,4,2,1,NA,NA,NA
2024,4,2,1,NA,NA,NA
2024,1,2,1,1,3,10
2024,3,1,1,2,3,30
2024,4,1,1,NA,NA,NA
2024,1,2,1,NA,NA,30
2024,4,2,1,NA,NA,NA
2024,3,2,1,NA,NA,20
2024,1,2,7,NA,NA,10
2024,4,2,1,NA,NA,NA
2024,1,2,1,NA,NA,120
2024,1,1,1,NA,NA,30
2024,4,2,7,NA,NA,NA
2024,1,1,1,NA,NA,30
2024,4,1,1,NA,NA,NA
2024,1,2,1,2,2,10
2024,3,1,1,10,3,10
2024,1,1,8,3,3,60
2024,3,2,1,NA,NA,30
2024,1,1,1,3,4,40
2024,3,2,1,3,3,20
2024,1,1,1,NA,NA,300
2024,1,1,1,1,4,60
2024,1,2,1,NA,NA,120
2024,1,1,1,NA,NA,30
2024,1,2,7,1,4,20
2024,3,1,1,1,4,30
2024,4,1,1,NA,NA,NA
2024,1,2,1,NA,NA,40
2024,3,1,1,NA,NA,90
2024,1,1,1,2,3,60
2024,4,2,1,NA,NA,NA
2024,1,2,1,NA,NA,60
2024,1,2,1,NA,NA,120
2024,1,2,1,NA,NA,60
2024,1,1,1,NA,NA,30
2024,4,2,8,NA,NA,NA
2024,4,2,8,NA,NA,NA
2024,1,1,8,NA,NA,15
2024,1,1,8,NA,NA,60
2024,3,2,1,NA,NA,180
2024,1,1,8,NA,NA,20
2024,1,1,1,NA,NA,15
2024,NA,1,2,NA,NA,NA
2024,3,2,7,NA,NA,30
2024,4,2,1,NA,NA,NA
2024,1,2,1,NA,NA,20
2024,4,2,7,NA,NA,NA
2024,3,1,1,NA,NA,20
2024,2,1,10,NA,NA,NA
2024,4,2,1,NA,NA,NA
2024,1,1,1,1,3,60
2024,3,2,7,NA,NA,10
2024,1,2,10,20,4,60
2024,1,2,7,NA,NA,20
2024,1,2,1,3,3,30
2024,1,2,1,NA,NA,15
2024,3,2,7,2,4,10
2024,2,1,10,NA,NA,NA
2024,3,1,1,NA,NA,30
2024,4,2,7,NA,NA,NA
2024,1,1,8,5,1,60
2024,3,2,1,2,1,20
2024,1,2,1,1,3,35
2024,1,2,1,NA,NA,30
2024,1,2,1,NA,NA,120
2024,1,2,1,NA,NA,15
2024,4,2,7,NA,NA,NA
2024,1,1,1,NA,NA,10
2024,3,1,1,NA,NA,30
2024,1,2,7,NA,NA,10
2024,1,1,1,NA,NA,20
2024,3,1,1,NA,NA,15
2024,1,1,1,12,4,240
2024,1,2,8,NA,NA,20
2024,1,2,1,NA,NA,30
2024,1,1,6,1,2,60
2024,1,2,1,NA,NA,20
2024,1,2,1,NA,NA,15
2024,4,2,1,NA,NA,NA
2024,1,2,7,NA,NA,60
2024,1,2,1,3,1,30
2024,3,2,1,1,4,60
2024,1,1,1,6,4,30
2024,3,2,8,NA,NA,30
2024,1,1,1,NA,NA,40
2024,1,2,6,3,3,90
2024,4,2,1,NA,NA,NA
2024,1,2,7,NA,NA,45
2024,1,2,1,NA,NA,30
2024,4,2,1,NA,NA,NA
2024,3,1,6,NA,NA,15
2024,3,2,6,NA,NA,60
2024,1,1,4,3,4,20
2024,1,1,1,NA,NA,60
2024,4,2,1,NA,NA,NA
2024,1,2,1,2,4,15
2024,1,2,1,NA,NA,30
2024,2,1,1,NA,NA,NA
2024,1,2,1,NA,NA,45
2024,3,1,1,2,3,15
2024,1,2,7,NA,NA,10
2024,1,2,1,NA,NA,20
2024,1,1,8,NA,NA,40
2024,4,2,7,NA,NA,NA
2024,1,2,7,NA,NA,30
2024,4,2,8,NA,NA,NA
2024,1,1,1,3,4,20
2024,4,2,1,NA,NA,NA
2024,1,2,1,1,4,10
2024,1,1,8,4,4,60
2024,1,2,1,2,3,30
2024,3,1,1,NA,NA,40
2024,1,2,1,NA,NA,45
2024,1,1,1,25,4,120
2024,1,2,1,NA,NA,60
2024,1,1,6,NA,NA,30
2024,4,1,1,NA,NA,NA
2024,3,2,7,NA,NA,20
2024,1,1,1,NA,NA,40
2024,4,1,1,NA,NA,NA
2024,3,2,1,NA,NA,45
2024,1,2,6,4,2,90
2024,1,2,7,NA,NA,20
2024,3,1,6,NA,NA,30
2024,1,1,1,NA,NA,120
2024,4,1,1,NA,NA,NA
2024,1,1,1,1,3,120
2024,4,1,1,NA,NA,NA
2024,1,2,1,NA,NA,60
2024,1,2,8,NA,NA,30
2024,1,1,8,NA,NA,30
2024,4,1,1,NA,NA,NA
2024,4,2,1,NA,NA,NA
2024,1,2,7,NA,NA,60
2024,1,1,1,NA,NA,60
2024,1,2,6,NA,NA,60
2024,1,1,1,NA,NA,50
2024,1,2,1,NA,NA,90
2024,3,1,1,NA,NA,20
2024,1,2,1,NA,NA,30
2024,1,2,1,3,4,20
2024,1,1,1,NA,NA,60
2024,1,1,1,NA,NA,20
2024,1,1,1,1,4,30
2024,1,2,1,NA,NA,30
2024,3,1,6,NA,NA,120
2024,4,2,1,NA,NA,NA
2024,1,2,1,NA,NA,60
2024,1,2,2,NA,NA,30
2024,1,2,7,2,3,40
2024,1,1,1,NA,NA,40
2024,1,2,1,NA,NA,90
2024,4,2,7,NA,NA,NA
2024,1,1,7,NA,NA,20
2024,4,1,1,NA,NA,NA
2024,4,2,8,NA,NA,NA
2024,1,2,1,3,3,20
2024,4,2,7,NA,NA,NA
2024,2,2,7,NA,NA,NA
2024,1,2,1,NA,NA,30
2024,4,2,1,NA,NA,NA
2024,4,1,1,NA,NA,NA
2024,4,2,7,NA,NA,NA
2024,1,1,1,NA,NA,30
2024,1,2,7,2,4,60
2024,4,2,1,NA,NA,NA
2024,1,1,1,1,4,30
2024,1,2,1,1,3,30
2024,1,1,1,3,3,40
2024,1,2,1,4,4,60
2024,4,1,1,NA,NA,NA
2024,3,2,1,NA,NA,20
2024,3,2,1,NA,NA,30
2024,1,1,1,NA,NA,60
2024,1,1,1,10,4,20
2024,3,2,1,NA,NA,30
2024,1,1,8,NA,NA,20
2024,4,1,1,NA,NA,NA
2024,4,2,1,NA,NA,NA
2024,4,2,1,NA,NA,NA
2024,1,2,7,2,4,30
2024,1,1,1,NA,NA,30
2024,1,2,1,NA,NA,25
2024,1,1,8,1,4,30
2024,3,1,1,NA,NA,30
2024,1,1,1,NA,NA,10
2024,3,2,1,1,4,15
2024,3,2,7,2,5,20
2024,3,1,1,3,4,20
2024,1,1,1,NA,NA,15
2024,3,1,1,10,5,10
2024,3,1,1,NA,NA,10
2024,3,1,1,NA,NA,30
2024,3,1,1,2,4,20
2024,4,1,1,NA,NA,NA
2024,1,1,1,NA,NA,60
2024,4,2,1,NA,NA,NA
2024,4,2,1,NA,NA,NA
2024,3,2,7,NA,NA,30
2024,1,2,1,2,4,20
2024,1,2,7,2,4,60
2024,1,2,7,NA,NA,10
2024,1,2,1,5,4,30
2024,1,2,6,NA,NA,30
2024,1,2,1,3,4,30
2024,1,1,1,NA,NA,35
2024,1,1,1,3,4,25
2024,1,2,1,2,3,25
2024,3,1,1,NA,NA,20
2024,4,1,1,NA,NA,NA
2024,3,2,7,NA,NA,20
2024,1,2,1,NA,NA,20
2024,1,2,1,NA,NA,20
2024,2,1,1,NA,NA,NA
2024,4,2,1,NA,NA,NA
2024,4,2,1,NA,NA,NA
2024,3,2,7,1,4,30
2024,3,2,7,3,4,10
2024,1,2,1,NA,NA,20
2024,3,2,7,NA,NA,15
2024,4,2,8,NA,NA,NA
2024,4,2,7,NA,NA,NA
2024,4,2,1,NA,NA,NA
2024,1,1,1,3,3,30
2024,1,1,8,3,3,30
2024,1,1,1,NA,NA,60
2024,1,1,1,NA,NA,60
2024,4,2,7,NA,NA,NA
2024,1,1,1,NA,NA,20
2024,1,1,1,2,3,30
2024,1,2,1,NA,NA,30
2024,1,2,7,NA,NA,20
2024,4,2,1,NA,NA,NA
2024,4,1,1,NA,NA,NA
2024,3,2,7,NA,NA,20
2024,1,1,8,NA,NA,30
2024,1,1,1,NA,NA,60
2024,1,1,1,5,4,60
2024,1,2,7,2,3,30
2024,4,1,1,NA,NA,NA
2024,4,2,7,NA,NA,NA
2024,1,2,1,NA,NA,30
2024,1,2,7,NA,NA,60
2024,4,1,1,NA,NA,NA
2024,1,2,1,NA,NA,20
2024,4,1,1,NA,NA,NA
2024,1,1,1,2,4,60
2024,1,2,1,NA,NA,45
2024,4,2,7,NA,NA,NA
2024,1,1,1,2,1,30
2024,1,2,1,3,4,10
2024,4,1,1,NA,NA,NA
2024,4,2,1,NA,NA,NA
2024,1,2,1,NA,NA,30
2024,4,1,1,NA,NA,NA
2024,1,1,1,NA,NA,30
2024,4,1,1,NA,NA,NA
2024,3,2,1,NA,NA,25
2024,1,2,1,NA,NA,30
2024,4,2,1,NA,NA,NA
2024,4,2,1,NA,NA,NA
2024,4,2,1,NA,NA,NA
2024,1,2,7,NA,NA,5
2024,1,2,7,NA,NA,30
2024,3,2,1,NA,NA,30
2024,1,1,1,4,1,120
2024,4,2,7,NA,NA,NA
2024,4,2,8,NA,NA,NA
2024,1,1,1,NA,NA,10
2024,4,2,1,NA,NA,NA
2024,3,2,1,NA,NA,10
2024,1,1,3,NA,NA,5
2024,1,2,6,1,2,60
2024,1,2,1,NA,NA,20
2024,3,1,1,NA,NA,10
2024,3,2,1,NA,NA,20
2024,3,2,1,2,4,5
2024,1,2,1,NA,NA,30
2024,1,1,1,6,4,30
2024,3,2,7,NA,NA,10
2024,4,1,1,NA,NA,NA
2024,1,1,1,2,4,20
2024,1,2,1,4,4,30
2024,1,2,8,3,4,90
2024,1,2,8,6,4,20
2024,1,2,1,3,5,30
2024,1,2,8,NA,NA,60
2024,3,1,1,NA,NA,5
2024,NA,1,1,NA,NA,NA
2024,4,2,1,NA,NA,NA
2024,3,2,1,NA,NA,5
2024,4,2,8,NA,NA,NA
2024,1,1,1,NA,NA,30
2024,1,2,7,NA,NA,60
2024,1,2,1,NA,NA,60
2024,1,2,8,NA,NA,15
2024,4,1,1,NA,NA,NA
2024,1,2,1,NA,NA,45
2024,4,1,1,NA,NA,NA
2024,4,1,8,NA,NA,NA
2024,1,2,1,NA,NA,25
2024,1,2,7,NA,NA,30
2024,1,1,1,NA,NA,30
2024,1,2,1,NA,NA,30
2024,1,2,1,NA,NA,20
2024,4,2,7,NA,NA,NA
2024,4,1,4,NA,NA,NA
2024,4,2,1,NA,NA,NA
2024,1,1,1,NA,NA,10
2024,1,1,1,12,5,20
2024,1,1,1,NA,NA,60
2024,1,2,7,NA,NA,30
2024,1,2,1,NA,NA,20
2024,1,2,1,NA,NA,30
2024,4,1,1,NA,NA,NA
2024,3,1,1,NA,NA,5
2024,1,2,1,NA,NA,10
2024,1,2,1,4,1,30
2024,1,2,7,NA,NA,5
2024,4,1,1,NA,NA,NA
2024,3,2,1,NA,NA,20
2024,4,1,1,NA,NA,NA
2024,4,2,1,NA,NA,NA
2024,4,1,1,NA,NA,NA
2024,1,2,1,NA,NA,60
2024,1,1,1,3,3,15
2024,4,1,1,NA,NA,NA
2024,3,2,8,NA,NA,20
2024,3,1,1,NA,NA,20
2024,1,2,1,3,4,30
2024,1,2,1,3,1,60
2024,1,1,1,NA,NA,40
2024,4,2,7,NA,NA,NA
2024,1,2,8,3,3,70
2024,1,1,8,NA,NA,20
2024,1,1,1,NA,NA,20
2024,4,1,1,NA,NA,NA
2024,1,2,1,NA,NA,30
2024,1,1,1,3,2,30
2024,4,2,1,NA,NA,NA
2024,NA,1,4,NA,NA,NA
2024,1,2,1,NA,NA,60
2024,1,2,1,5,4,30
2024,1,2,1,NA,NA,30
2024,1,1,1,6,6,30
2024,1,1,1,NA,NA,45
2024,1,2,7,NA,NA,10
2024,1,2,1,3,4,60
2024,1,1,1,NA,NA,30
2024,1,1,1,NA,NA,20
2024,1,1,1,NA,NA,5
2024,3,2,7,NA,NA,10
2024,4,2,1,NA,NA,NA
2024,1,2,7,NA,NA,20
2024,1,1,1,NA,NA,30
2024,1,1,1,NA,NA,30
2024,1,2,1,NA,NA,5
2024,1,1,7,NA,NA,30
2024,1,2,1,NA,NA,10
2024,1,2,1,NA,NA,10
2024,4,1,1,NA,NA,NA
2024,1,2,1,1,3,30
2024,1,2,1,NA,NA,180
2024,1,1,6,NA,NA,60
2024,4,2,7,NA,NA,NA
2024,1,2,7,NA,NA,30
2024,1,2,1,1,1,10
2024,NA,2,1,NA,NA,NA
2024,1,2,1,NA,NA,60
2024,1,1,1,1,1,20
2024,1,1,8,NA,NA,30
2024,4,2,7,NA,NA,NA
2024,1,2,1,NA,NA,30
2024,1,2,7,NA,NA,10
2024,1,2,7,NA,NA,5
2024,1,2,7,NA,NA,10
2024,1,2,7,NA,NA,15
2024,1,2,1,NA,NA,60
2024,1,1,1,NA,NA,25
2024,1,2,5,NA,NA,15
2024,3,1,1,NA,NA,20
2024,4,2,1,NA,NA,NA
2024,4,1,1,NA,NA,NA
2024,4,2,1,NA,NA,NA
2024,4,2,8,NA,NA,NA
2024,1,2,1,NA,NA,60
2024,4,1,8,NA,NA,NA
2024,1,2,10,NA,NA,5
2024,1,1,8,NA,NA,40
2024,1,1,1,NA,NA,40
2024,4,1,8,NA,NA,NA
2024,3,2,1,NA,NA,30
2024,1,1,1,NA,NA,20
2024,1,2,1,NA,NA,40
2024,1,1,1,1,4,30
2024,1,2,7,NA,NA,30
2024,3,1,4,1,4,30
2024,3,2,7,NA,NA,30
2024,4,1,1,NA,NA,NA
2024,3,2,7,NA,NA,30
2024,4,2,7,NA,NA,NA
2024,3,1,1,NA,NA,35
2024,1,1,6,NA,NA,60
2024,4,1,1,NA,NA,NA
2024,4,2,1,NA,NA,NA
2024,4,1,2,NA,NA,NA
2024,3,1,1,NA,NA,60
2024,1,2,7,NA,NA,60
2024,1,2,7,2,4,30
2024,4,2,1,NA,NA,NA
2024,4,1,1,NA,NA,NA
2024,1,2,7,NA,NA,40
2024,3,2,6,NA,NA,60
2024,3,2,7,NA,NA,5
2024,1,2,7,2,4,30
2024,NA,1,10,NA,NA,NA
2024,4,2,2,NA,NA,NA
2024,4,2,1,NA,NA,NA
2024,4,2,1,NA,NA,NA
2024,1,2,1,NA,NA,120
2024,1,2,7,NA,NA,15
2024,3,1,8,NA,NA,60
2024,4,1,1,NA,NA,NA
2024,3,1,1,NA,NA,30
2024,4,1,1,NA,NA,NA
2024,1,2,7,NA,NA,30
2024,1,2,1,NA,NA,15
2024,1,2,6,NA,NA,300
2024,2,1,8,NA,NA,NA
2024,1,1,1,NA,NA,30
2024,4,2,7,NA,NA,NA
2024,4,2,7,NA,NA,NA
2024,1,2,7,NA,NA,60
2024,4,1,1,NA,NA,NA
2024,3,2,7,NA,NA,10
2024,4,1,1,NA,NA,NA
2024,4,2,4,NA,NA,NA
2024,1,2,1,NA,NA,10
2024,2,2,7,NA,NA,NA
2024,1,2,8,NA,NA,60
2024,1,1,1,NA,NA,60
2024,1,1,6,NA,NA,15
2024,3,1,8,NA,NA,15
2024,3,2,1,2,3,20
2024,1,2,7,NA,NA,60
2024,1,1,1,NA,NA,40
2024,1,2,1,3,4,20
2024,4,2,7,NA,NA,NA
2024,3,2,1,NA,NA,10
2024,1,1,1,NA,NA,10
2024,1,2,1,NA,NA,60
2024,1,2,7,NA,NA,10
2024,1,2,7,NA,NA,20
2024,4,2,1,NA,NA,NA
2024,4,2,7,NA,NA,NA
2024,4,2,7,NA,NA,NA
2024,1,2,1,NA,NA,30
2024,1,1,1,3,1,120
2024,4,1,1,NA,NA,NA
2024,1,1,1,NA,NA,15
2024,4,1,1,NA,NA,NA
2024,1,1,1,NA,NA,60
2024,3,1,1,NA,NA,38
2024,2,1,8,NA,NA,NA
2024,4,1,1,NA,NA,NA
2024,3,2,1,2,1,20
2024,4,2,7,NA,NA,NA
2024,1,1,1,2,4,10
2024,1,2,7,NA,NA,40
2024,1,1,1,2,3,30
2024,1,2,1,NA,NA,45
2024,1,1,1,NA,NA,60
2024,1,1,1,NA,NA,50
2024,1,2,8,NA,NA,20
2024,4,1,1,NA,NA,NA
2024,1,2,8,NA,NA,60
2024,4,2,1,NA,NA,NA
2024,1,2,7,NA,NA,45
2024,1,1,1,NA,NA,50
2024,4,2,1,NA,NA,NA
2024,4,2,1,NA,NA,NA
2024,3,2,1,NA,NA,10
2024,1,2,1,NA,NA,60
2024,1,2,7,NA,NA,25
2024,4,1,1,NA,NA,NA
2024,1,1,1,NA,NA,50
2024,1,2,7,3,4,30
2024,1,1,8,NA,NA,40
2024,1,2,7,NA,NA,60
2024,1,2,1,NA,NA,70
2024,4,1,1,NA,NA,NA
2024,NA,2,1,NA,NA,NA
2024,1,2,1,1,4,10
2024,3,2,1,2,3,20
2024,1,2,6,NA,NA,60
2024,1,2,1,3,4,50
2024,1,2,7,NA,NA,45
2024,1,1,1,NA,NA,60
2024,4,1,1,NA,NA,NA
2024,1,2,7,NA,NA,60
2024,1,2,1,NA,NA,60
2024,1,2,6,NA,NA,60
2024,1,1,1,NA,NA,60
2024,1,2,7,1,4,10
2024,NA,2,7,NA,NA,NA
2024,1,2,7,NA,NA,45
2024,1,2,1,NA,NA,40
2024,1,1,1,NA,NA,50
2024,1,1,8,NA,NA,40
2024,1,2,1,NA,NA,60
2024,1,2,1,NA,NA,5
2024,4,1,8,NA,NA,NA
2024,4,1,1,NA,NA,NA
2024,3,2,1,5,4,40
2024,4,1,1,NA,NA,NA
2024,1,1,1,4,2,120
2024,1,2,1,NA,NA,40
2024,1,2,7,NA,NA,60
2024,1,2,7,NA,NA,35
2024,3,2,7,3,4,30
2024,1,1,1,NA,NA,30
2024,1,2,1,NA,NA,20
2024,4,1,8,NA,NA,NA
2024,1,2,1,2,4,20
2024,2,2,1,NA,NA,NA
2024,1,2,8,NA,NA,120
2024,4,1,1,NA,NA,NA
2024,1,1,1,3,5,15
2024,1,2,1,NA,NA,60
2024,3,1,1,NA,NA,30
2024,3,1,1,NA,NA,15
2024,1,2,1,NA,NA,30
2024,1,1,1,NA,NA,120
2024,1,1,7,NA,NA,15
2024,4,1,8,NA,NA,NA
2024,4,2,2,NA,NA,NA
2024,1,2,7,NA,NA,60
2024,4,2,8,NA,NA,NA
2024,3,1,8,NA,NA,30
2024,3,2,1,2,4,10
2024,3,1,1,NA,NA,30
2024,NA,2,7,NA,NA,NA
2024,4,2,7,NA,NA,NA
2024,3,1,6,9,2,30
2024,NA,2,7,NA,NA,NA
2024,1,1,1,NA,NA,30
2024,4,2,7,NA,NA,NA
2024,3,1,1,5,4,20
2024,3,1,1,NA,NA,30
2024,4,1,1,NA,NA,NA
2024,4,2,7,NA,NA,NA
2024,3,2,6,NA,NA,120
2024,3,2,1,NA,NA,60
2024,1,1,8,NA,NA,120
2024,1,1,1,NA,NA,30
2024,1,2,7,NA,NA,30
2024,4,2,7,NA,NA,NA
2024,1,2,7,NA,NA,30
2024,4,1,8,NA,NA,NA
2024,1,2,8,NA,NA,30
2024,1,2,1,1,2,30
2024,4,2,1,NA,NA,NA
2024,3,2,1,2,4,20
2024,1,1,4,6,4,60
2024,3,2,6,NA,NA,30
2024,1,2,7,NA,NA,10
2024,4,2,1,NA,NA,NA
2024,2,1,8,NA,NA,NA
2024,1,1,1,3,4,20
2024,1,1,1,NA,NA,60
2024,1,2,1,NA,NA,360
2024,1,2,1,NA,NA,30
2024,1,2,4,NA,NA,30
2024,3,2,7,1,4,60
2024,3,1,1,NA,NA,15
2024,2,2,1,NA,NA,NA
2024,4,2,7,NA,NA,NA
2024,1,1,1,2,4,5
2024,1,1,4,NA,NA,30
2024,1,2,7,NA,NA,15
2024,1,2,6,NA,NA,60
2024,1,2,7,3,5,20
2024,1,1,8,NA,NA,10
2024,1,2,7,NA,NA,120
2024,1,2,1,NA,NA,30
2024,1,2,6,NA,NA,10
2024,4,2,3,NA,NA,NA
